patientId;first name;last name;episodeId;sequence;date;title;value
7910970;DANIELA DE MEDEIROS;SILVA;337235;1;2020-06-23;Observações;"41 anos
PO acdf + protese em 2013
Cervicalgia há 2 semanas sem melhora com analgesia, VAS cervical: 8 MSE trajeto C8-T1: 7
sem perda de força, sem hipoestesia
spurling + a esquerda
cd: RM cervical + rx dinamico"
7910970;DANIELA DE MEDEIROS;SILVA;337235;2;2020-06-23;Diagnóstico;cervicalgia
7910970;DANIELA DE MEDEIROS;SILVA;337235;3;2020-06-23;Prescrições;"Trazodona 50mg ---------------------------------------- 2 caixas
Tomar 1 comprimido ao dia"
7970192;Carmen Lucia;Da Silva Mota;339239;1;2020-06-24;Observações;"CARMEN LUCIA DA SILVA MOTA, 

Queda há 2 meses evoluiu com dor toraco lombar intensa.
Dor piora ao levantar e movimentar-se, nega alteração esfincteriana


HMP: sindrome do panico,

MUC: venlafaxina, escitalopram, 
calcio + 
Sinvastatina 
alendronato 1x ao semana
ao exame
sem deficit de força/sensitivo
dor lombar a palpaçao

RM: fratura patológica de L2

cd: TC LOMBAR
RX DINAMICO
RX PANORAMICO
PRÉ OP"
7970192;Carmen Lucia;Da Silva Mota;339239;2;2020-06-24;Diagnóstico;
7970192;Carmen Lucia;Da Silva Mota;339239;3;2020-06-24;Prescrições;
7970192;Carmen Lucia;Da Silva Mota;339253;1;2020-06-24;Observações;66 anos
7970192;Carmen Lucia;Da Silva Mota;339253;2;2020-06-24;Diagnóstico;
7970192;Carmen Lucia;Da Silva Mota;339253;3;2020-06-24;Prescrições;
8017740;RAQUEL DANTAS;ARRUDA;343741;1;2020-06-29;Observações;"37 anos, feminino
Dor lombar intensa
Há 5 anos, pior há 2 anos
já realizou quiropraxia, fisioterapia e acupuntura, hidroginástica sem melhora - fez por mais de 6 meses. Durante investigação diagnosticou escoliose e listese L5-S1 grau 2
HMP:
sem menstruar desde jan/2020
MUC: estradiol 1mg/dia

RM e TC: listese l5-s1 grau 2-3 e escoliose
rx simples lombar: listese grau 2-3 e ístima lombar
pré op todo realizado - normal
avaliação cardiologista: ok

ao exame
sem déficit neurológico, lasegue negativo
giba para direita
triangulo de tale assimetrico
cd: solicito rx panoramico, indico ALIF"
8017740;RAQUEL DANTAS;ARRUDA;343741;2;2020-06-29;Diagnóstico;listese l5-s1 escoliose idiopatica
8017740;RAQUEL DANTAS;ARRUDA;343741;3;2020-06-29;Prescrições;
8005553;FRANCISCO WELLINGTON;LEAL;343909;1;2020-06-29;Observações;"FRANCISCO LEAL, 34 ANOS, ENFERMEIRO
DOR LOMBAR HÁ 6 ANOS
SEM IRRADIDACAO
PIORA PELA MANHA
MELHORA COM EXERCICIO
PIORA A EXTENSAO

PREVIAMENTE HIGIDO

AO EXAME

SEM DEFICIT
LASEGUE E PATRICK NEGATIVO
DOR A EXTENSAO DA LOMBAR

RM: DENGERACAO FACETARIA
ABAULAENTO DISCAL LATERAL A DIREITA.

#A EA? DOR FACETARIA?

CD: RX BACIA, PCR E VHS
PROGRAMO INFILTRACAO DE FACETAS"
8005553;FRANCISCO WELLINGTON;LEAL;343909;2;2020-06-29;Diagnóstico;
8005553;FRANCISCO WELLINGTON;LEAL;343909;3;2020-06-29;Prescrições;
8009279;FERNANDA LEITE;SENA;345271;1;2020-06-30;Observações;"Fernanda 29 anos, advogada, 
Sincope em 2017
diagnosticou cavernoma frontal inferior subcortical a direita
realizou a cirurgia em 2017, retorna para acompanhamento

Carcinoma papilifero de tireoide - descoberto por exame de rotina e PAF, aguarda cirurgia definitiva e retira de linfonodos

Ao exame

Sem déficits

cd: RM de cranio controle."
8009279;FERNANDA LEITE;SENA;345271;2;2020-06-30;Diagnóstico;
8009279;FERNANDA LEITE;SENA;345271;3;2020-06-30;Prescrições;
8118165;CLAUDINEI;ALESSI;345365;1;2020-06-30;Observações;"Claudinei, 54 anos, trabalha com guincho
Dor lombar cronica há 10 anos
pior há 6 meses
irradiação para MIE
VAS: 10
VAS: 9
Previamente hígido, não faz uso de medicações, não realizou nenhum tratamento específico para dor lombar.

#O
sem déficit neurológico
lasegue negativo
hiporeflexia global em membros inferiores.

RM: desidratacao discal L5-s1 porém sem perda de altura e sem compressoes signifciadtivas

cd: fisioterapia e analgesicos"
8118165;CLAUDINEI;ALESSI;345365;2;2020-06-30;Diagnóstico;
8118165;CLAUDINEI;ALESSI;345365;3;2020-06-30;Prescrições;"Toragesic 10mg ----------------------------------------- 1 caixa
Tomar 1 comprimido 12/12h se dor

Coltrax 4mg ------------------------------------------------- 1 caixa
Tomar 1 comprimido 12/12h se dor"
7910970;DANIELA DE MEDEIROS;SILVA;346912;1;2020-07-01;Observações;"41 anos, 
#PO artroplastia C4-6 e ACDF C6-7 em 2013
# Trazodona - Inicio 24/06/2020

Cervicalgia há 2 semanas sem melhora com analgesia, VAS cervical: 8 MSE trajeto C8-T1: 7

sem perda de força, sem hipoestesia

Rx: subsidencia em C4 com migração de protese, osteofitose anterior e posterior
RM: sem compressoes signficiativas

cd: Aumento analgesia - toragesic + coltrax
Solicito TC cervical"
7910970;DANIELA DE MEDEIROS;SILVA;346912;2;2020-07-01;Diagnóstico;
7910970;DANIELA DE MEDEIROS;SILVA;346912;3;2020-07-01;Prescrições;
8017740;RAQUEL DANTAS;ARRUDA;356206;1;2020-07-08;Observações;"37 anos, feminino
Dor lombar intensa
Há 5 anos, pior há 2 anos
já realizou quiropraxia, fisioterapia e acupuntura, hidroginástica sem melhora - fez por mais de 6 meses. Durante investigação diagnosticou escoliose e listese L5-S1 grau 2
HMP:
sem menstruar desde jan/2020
MUC: estradiol 1mg/dia

RM e TC: listese l5-s1 grau 2-3 e escoliose
rx simples lombar: listese grau 2-3 e ístima lombar
pré op todo realizado - normal
avaliação cardiologista: ok

ao exame
sem déficit neurológico, lasegue negativo
giba para direita
triangulo de tale assimetrico
cd: solicito rx panoramico, indico ALIF

Diagnóstico


listese l5-s1 escoliose idiopatica

PI: 80 graus
PT: 19 graus
LL: 75 graus
PI-LL 9 graus
curva toracica: 35 graus
lombar: 28 graus

cd: solicito ALIF L5-S1
paciente retornará após para agendar cirurgia"
8017740;RAQUEL DANTAS;ARRUDA;356206;2;2020-07-08;Diagnóstico;
8017740;RAQUEL DANTAS;ARRUDA;356206;3;2020-07-08;Prescrições;
8303984;GABRIEL;MORALES;356305;1;2020-07-08;Observações;"Gabriel, 24 anos
Sensação de peso na cabeça relacionada a exercícios e pressão occipital
seguido de tontura
ao exame
sem deficit, sem nistagmo, sem rigidez nucal
gcs 15, PIFR
sem dor cervical a palpação, sem perda de mobilidade
Sindrome proprioceptiva cervical?

cd: angioRM arterial de cranio
Rm de cervical"
8303984;GABRIEL;MORALES;356305;2;2020-07-08;Diagnóstico;
8303984;GABRIEL;MORALES;356305;3;2020-07-08;Prescrições;
8336325;ROSANGELA DE SOUZA SANTOS;RAIMUNDO;357811;1;2020-07-09;Observações;"Rosangela 42 anos
DOR CERVICA E LOMBAR HÁ 5 ANOS PIOR HÁ 6 SEMANAS
DOR INTENSA, PIORA AO FICAR SENTADA E AO EXTENDER A CERVICAL E A LOMBAR
IRRADIA PARA OMBROS E  EM PERNA DIREITA PORÇÃO LATERAL

AO EXAME
SEM DÉFICIT DE FORÇA
DOR CERVICAL E LOMBAR A PALPAÇÃO BILATERAL 
SEM DESVIOS DE COLUNA OMBROS E QUADRIS ALINHADOS
PATRICK + A DIREITA
DOR  PALPAÇÃO DE QUADRIL A DIREITA
SEM DEFICITS DE FORÇA

RM CERVICAL : SEM COMPRESSOES
RM LOMBAR: SUBSTITUIÇÃO GORDUROSA E EDEMA FACETARIO MAIOR A DIREITA

CD: TRAZODONA 50MG A NOITE
ULTRACET SOS
FISIOTERAPIA
ORIENTO SOB POSSIBILIDADE DE BLOQUEIO ANESTÉSICO"
8336325;ROSANGELA DE SOUZA SANTOS;RAIMUNDO;357811;2;2020-07-09;Diagnóstico;
8336325;ROSANGELA DE SOUZA SANTOS;RAIMUNDO;357811;3;2020-07-09;Prescrições;
8436269;EDILENE;FRANCISCA DA SILVA BARROS;367407;1;2020-07-16;Observações;"EDILENE BARROS, 60 ANOS

CEFALEIA HÁ 4 MESES, FRONTAL
CONTÍNUA, SEM RELAÇÃO COM PERÍODO DO DIA, SEM FOTO OU FONOFOBIA
TEM NOTADO AUMENTO DA PRESSÃO ARTERIAL NO MESMO PERÍODO – MÁXIMO DE 160MMHG NA SISTÓLICA.
VAS: 7

COLESTEROL ALTO
HIPOTIREOIDISMO

EUTIROX 50MCG
Calcio
Sinvastatina 40mg/dia

SEM DÉFICIT
SEM DOR A PALPAÇÃO DO CRÂNIO.

CD:
MEDIÇÃO DE PRESSAO ARTERIAL POR 1 SEMANA
ECG 
NOVALGINA 1G
CONSIDERAR PROPRANOLOL NO RETORNO"
8436269;EDILENE;FRANCISCA DA SILVA BARROS;367407;2;2020-07-16;Diagnóstico;
8436269;EDILENE;FRANCISCA DA SILVA BARROS;367407;3;2020-07-16;Prescrições;
8303984;GABRIEL;MORALES;367410;1;2020-07-16;Observações;"Gabriel, 24 anos
Sensação de peso na cabeça relacionada a exercícios e pressão occipital
seguido de tontura
ao exame
sem deficit, sem nistagmo, sem rigidez nucal
gcs 15, PIFR
sem dor cervical a palpação, sem perda de mobilidade
Sindrome proprioceptiva cervical?

cd: angioRM arterial de cranio
Rm de cervical"
8303984;GABRIEL;MORALES;367410;2;2020-07-16;Diagnóstico;
8303984;GABRIEL;MORALES;367410;3;2020-07-16;Prescrições;
8553638;ANA MARIA;BARBOSA HOLANDA;375460;1;2020-07-22;Observações;"51 anos, 
dor lombar
há mais de 5 anos, com piora há 6 meses associada a ciatalgia a esquerda por porção posterior de coxa e perna até 2 e 3 dedos do pé esquerdo - S1? VAS 7 MIE VAS 5 LOMBAR

Cesarea há 14 anos
nega alergias

Ao exame
sem dor a flexão/extensão
lasagne e Patrick negativos
sem pontos gatilho

RM cervical, toracica e lombar: compressões cervicais, hérnia dorsal porém com coluna liquorica posterior preservada e degeneração L4-5 sem compressão porém com fissura de Ânulo fibroso, efusão facetária lombar

#A lombociatalgia esquerda por degeneração de disco L4-5 e fissura de anulo fibroso?

cd: fisioterapia, analgesia
Retorno se manutenção da dor para bloqueio de raizes e facetario
encaminho ODI por e-mail"
8553638;ANA MARIA;BARBOSA HOLANDA;375460;2;2020-07-22;Diagnóstico;
8553638;ANA MARIA;BARBOSA HOLANDA;375460;3;2020-07-22;Prescrições;
7910970;DANIELA DE MEDEIROS;SILVA;377281;1;2020-07-23;Observações;"41 anos, 
#PO artroplastia C4-6 e ACDF C6-7 em 2013
# Trazodona - Inicio 24/06/2020

Cervicalgia há 2 semanas sem melhora com analgesia, VAS cervical: 8 MSE trajeto C8-T1: 7

sem perda de força, sem hipoestesia

Rx: subsidencia em C4 com migração de protese, osteofitose anterior e posterior
RM: sem compressoes signficiativas
TC cervical: sem sinais de pseudoartrose - artrodese dos níveis C4-7
cd: solicito bloqueio de facetas"
7910970;DANIELA DE MEDEIROS;SILVA;377281;2;2020-07-23;Diagnóstico;
7910970;DANIELA DE MEDEIROS;SILVA;377281;3;2020-07-23;Prescrições;
8559560;"Rosana Maria ";"Dos Santos ";377374;1;2020-07-23;Observações;"41 anos, 
Cervicalgia com irradiação para MSE há 15 meses. Sem trajeto definido, mais intensa em cervical e trapézio até ombro, VAS CERVICAL 9, VAS MSD 5

Associada relata enxaqueca, com piora no período menstrual, foto e fonofobia, 4 vezes por semana, sem aura, VAS 9.
sem melhora com acupuntura.
Acupuntura sem melhora - 2 meses

HMP: cesarea
nega alergias

ao exame
contratura muscular principalmente em trapézio a esquerda
NDI: 46%
sem déficit sensitivo ou de força
spurling negativo
RM 04/19: hernia de disco C5-6 com componente central sem compressão radicular
cd: Nova RM cervical, rx dinamico
Considerar botox no retorno"
8559560;"Rosana Maria ";"Dos Santos ";377374;2;2020-07-23;Diagnóstico;
8559560;"Rosana Maria ";"Dos Santos ";377374;3;2020-07-23;Prescrições;
8303984;GABRIEL;MORALES;380892;1;2020-07-27;Observações;"retorna com Rm cranio e angioRM - sem alterações significativas indicativas de neurocirurgia
oriento"
8303984;GABRIEL;MORALES;380892;2;2020-07-27;Diagnóstico;
8303984;GABRIEL;MORALES;380892;3;2020-07-27;Prescrições;
8616095;THATIANA CASSIA;DE AGUIAR SARAIVA;380973;1;2020-07-27;Observações;"34 anos
dor lombar, sem ciatalgia
inicio há  1 ano, pior há 30 dias
Dor a extensão da coluna, sem dor a flexão, ficar em pé piora a dor.
piora a extensão mesmo deitada.

herniorrafia inguinal a esquerda

Ao exame
Sem déficits
sem desvios de coluna
dor a palpação de musculatura paravertebral maior a esquerda
dor piora a extensão.

cd: RM e rx panoramico."
8616095;THATIANA CASSIA;DE AGUIAR SARAIVA;380973;2;2020-07-27;Diagnóstico;
8616095;THATIANA CASSIA;DE AGUIAR SARAIVA;380973;3;2020-07-27;Prescrições;
8616095;THATIANA CASSIA;DE AGUIAR SARAIVA;380987;1;2020-07-27;Observações;"34 anos
dor lombar, sem ciatalgia
inicio há  1 ano, pior há 30 dias
Dor a extensão da coluna, sem dor a flexão, ficar em pé piora a dor.
piora a extensão mesmo deitada. Associado parestesias do meio do pé para os dedos (sem preferencia) e sem fatores de piora além de cruzar as pernas.

herniorrafia inguinal a esquerda

Ao exame
Sem déficits
sem desvios de coluna
dor a palpação de musculatura paravertebral maior a esquerda
dor piora a extensão.
túnel ao nível do peito do pé bilateral

cd: RM e rx panoramico, enmg, pesquisa de polineuropatia"
8616095;THATIANA CASSIA;DE AGUIAR SARAIVA;380987;2;2020-07-27;Diagnóstico;
8616095;THATIANA CASSIA;DE AGUIAR SARAIVA;380987;3;2020-07-27;Prescrições;
8644642;MANOELLA;COSTA DE AGUIAR SARAIVA;380998;1;2020-07-27;Observações;"6 anos, 0 meses, 18kg
mae notou assimetria do quadril a direita. Paciente queixa de dores na lombar
Nasceu 36 semanas, parte cesareo, previamente rígida
ao exame
sem déficit neurológico
discreta assimetria do quadril direita > esquerda.
cd: rx panoramico de coluna total em ortostatismo e supino."
8644642;MANOELLA;COSTA DE AGUIAR SARAIVA;380998;2;2020-07-27;Diagnóstico;
8644642;MANOELLA;COSTA DE AGUIAR SARAIVA;380998;3;2020-07-27;Prescrições;
8559560;"Rosana Maria ";"Dos Santos ";400918;1;2020-08-10;Observações;"41 anos, 
Cervicalgia com irradiação para MSE há 15 meses. Sem trajeto definido, mais intensa em cervical e trapézio até ombro, VAS CERVICAL 9, VAS MSD 5

Associada relata enxaqueca, com piora no período menstrual, foto e fonofobia, 4 vezes por semana, sem aura, VAS 9.
sem melhora com acupuntura.
Acupuntura sem melhora - 2 meses
Apresentou melhora com coltrax e toragesic, já fez uso de topiramate no passado com melhora

HMP: cesarea
nega alergias

ao exame
contratura muscular principalmente em trapézio a esquerda
NDI: 46%
sem déficit sensitivo ou de força
spurling negativo
RM 04/19 e 07/20: hernia de disco C5-6 com componente central deslocando saco dural para posterior, porém com coluna liquorica posterior
cd: Topiramato 25mg a noite. Retorno 2 meses"
8559560;"Rosana Maria ";"Dos Santos ";400918;2;2020-08-10;Diagnóstico;
8559560;"Rosana Maria ";"Dos Santos ";400918;3;2020-08-10;Prescrições;
8789821;ANTONIO;DARCI DE MARIA;400977;1;2020-08-10;Observações;"Antonio Darci de Maria, 47 anos, trabalha com manutenção
Dor lombar, somente durante movimento, há 3 anos. 
Piora ao trabalhar
Eventualmente irradia até a perna por porção posterior da da coxa.

Ao exame
lasagne e Patrick negativos
sem déficit de força ou sensitivo

RM 03/2020: Hernia de disco e estenose de canal L4-5.

cd: Oriento atividade esportiva, retorno em 1 ano ou se piora dos sintomas"
8789821;ANTONIO;DARCI DE MARIA;400977;2;2020-08-10;Diagnóstico;
8789821;ANTONIO;DARCI DE MARIA;400977;3;2020-08-10;Prescrições;
7910970;DANIELA DE MEDEIROS;SILVA;411346;1;2020-08-17;Observações;"41 anos, 
#PO artroplastia C4-6 e ACDF C6-7 em 2013
# Trazodona - Inicio 24/06/2020
#P.O. de bloqueio facetario


Retorna relatando melhora de dor cervical, relata 2 irmãs com aneurisma cerebral

cd: solicito angioTC de cranio
mantenho donaren 50mg a noite
Fisioterapia"
7910970;DANIELA DE MEDEIROS;SILVA;411346;2;2020-08-17;Diagnóstico;
7910970;DANIELA DE MEDEIROS;SILVA;411346;3;2020-08-17;Prescrições;
9077797;DANIEL;TICHONENKO GUIMARAES;411642;1;2020-08-17;Observações;"23 anos, masculino
PO artrodese L5-S1 em 2015 - só posterolateral
PO ALIF em 2017 - PSEUDOARTROSE?

Relata dor lombar VAS 8 e MIE VAS 7, dor é constante há 1 ano e pior há 2 meses. Dor piora a movimentação/esforço. 

Medicações em uso: Pregabalina 75mg a noite.
Medicações já usadas: donaren, pregabalina, gabapentina 600mg/dia, amitriptilina 25mg a noite, oxicontine. Tylex, tramas retard 

Ao exame
força: g4 dorsiflexao do pé e hálux, e flexão plantar do pé a esquerda
hipoestesia de L5 e S1 a esquerda.
Lasegue positivo a esquerda

RM 2020: sem compressões significativas, degeneração facetaria dos níveis lombares altos
TC (apenas laudo): retrolistese L3 - L4, L4-5 e L5-S1

#A 
dor crônica - ciatica
hipolordose?
Cd: aumento pregabalina para 150mg/dia, solicito radiografia panoramica e dinamica
laudo INSS. Solicito trazer TC coluna lombar para avaliar pseudoatrose e primeiro raio X lombar para avaliar escoliose."
9077797;DANIEL;TICHONENKO GUIMARAES;411642;2;2020-08-17;Diagnóstico;
9077797;DANIEL;TICHONENKO GUIMARAES;411642;3;2020-08-17;Prescrições;
8431923;ANNA BEATRIZ;SANTOS DE ALMEIDA;422763;1;2020-08-19;Observações;"14 anos, femino 
 notou deformidade em esterno vem para avaliação de escoliose
radiografia panorama: escoliose toracoscópica lombar lenke 5 - 15 graus L4-S1 plano coronal e 8 graus T12-L3
cd: solicito TC e RM lombar para afastar outras causas
Oriento"
8431923;ANNA BEATRIZ;SANTOS DE ALMEIDA;422763;2;2020-08-19;Diagnóstico;
8431923;ANNA BEATRIZ;SANTOS DE ALMEIDA;422763;3;2020-08-19;Prescrições;
9300980;KAREN JENNIFER;ALVES FERREIRA;431473;1;2020-08-25;Observações;"Tontura ha 5 anos
episódio de visão turva há 2 semanas
foi ao otorrino com RM De crânio de julho/2019 evidenciando focos de hipersinal em falir
esparços 
ao exame
Sen déficits neurológicos de pares cranianos/força/sensitivo
eumetria e eudiadocinesia
cd: solicito nova RM para afastar EM."
9300980;KAREN JENNIFER;ALVES FERREIRA;431473;2;2020-08-25;Diagnóstico;
9300980;KAREN JENNIFER;ALVES FERREIRA;431473;3;2020-08-25;Prescrições;
9373944;LUIZ ROBERTO;SILVINO;431763;1;2020-08-25;Observações;"67 anos, instalacao eletrica
Lombociatalgia esquerda desde agosto/19, apresentou ainda queda em 11/2019 com fratura de t12 não diagnosticada na ocasião. Dor na perna esquerda é pior ao andar. Cerca 100 metros, não necessita sentar para melhora da dor. Trajeto de L5 até panturrilha porção posterior.
VAS lombar: 7
VAS perna: 10
Ex-tabagista

HAS
Aradois 50mg/dia
Atenolol 50mg/dia
Apresolina 50mg/dia
Anlodipina 10mg/dia

Ao exame
lasagne negativo
Patrick + bilateralmente
Sem déficit sensitivo/motor em membros superiores e inferiores

RM: hérnia de disco L4-5 com estenose de canal L4-S1, sem degeneração de facetas, hipertrofia facetaria L4-S1.
cd: rx panoramico, rx dinamico de coluna lombar, rx de quadril
Fisioterapia
Pregabalina 75mg 12/12h"
9373944;LUIZ ROBERTO;SILVINO;431763;2;2020-08-25;Diagnóstico;
9373944;LUIZ ROBERTO;SILVINO;431763;3;2020-08-25;Prescrições;
9379170;EDENILTON;FERREIRA DOS SANTOS;436089;1;2020-08-27;Observações;"Edenilton, 51 anos, faz manoteenção de telefonia

Dor lombar crônica, pior há 3 meses, impede de fazer atividades da vida diária
VAS: 8

Ao exame
SEM DÉFICIT NEUROLÓGICO/SENSITIVO/MOTOR LASEGUE E PATRICK NEGATIVOS
GATILHOS DE DOR LOMBAR A PALPAÇÃO"
9379170;EDENILTON;FERREIRA DOS SANTOS;436089;2;2020-08-27;Diagnóstico;
9379170;EDENILTON;FERREIRA DOS SANTOS;436089;3;2020-08-27;Prescrições;"CETOROLACO 10MG -------------------------------- 1 CAIXA
TOMAR 1 COMPRIMIDO 12/12H POR 5 DIAS E APÓS SE DOR

MIOSAN 10MG ----------------------------------------- 1 CAIXA
TOMAR 1 COMPRIMIDO A NOITE POR 5 DIAS E APÓS SE DOR"
9179665;NABI;MAGALHAES DA SILVA;436214;1;2020-08-27;Observações;"Nabi, 47 anos, trabalhador braçal (atualmente afastado), plano: smart 200 notredame
PO artrodese lombar por hernia de disco em 2014, retorna por manutenção da dor.
Relata dor lombar crônica desde então, sem melhora com fisioterapia, eventualmente irradia para perna direita posteriormente até panturrilha. 

VAS Lombar: 9

Relata arritmia cardíaca no passado, não sabe informar detalhes, não faz uso atual de medicações

cd: RM lombar, rx panoramico e dinamico
Laudo INSS
Cetorolaco e Miosan"
9179665;NABI;MAGALHAES DA SILVA;436214;2;2020-08-27;Diagnóstico;
9179665;NABI;MAGALHAES DA SILVA;436214;3;2020-08-27;Prescrições;"Cetorolaco 10mg ------------------------------------------- 1 caixa
Tomar 1 comprimido 12/12h por 5 dias

Miosan 10mg -------------------------------------------------- 1 caixa
Tomar 1 comprimido a noite por 5 dias."
9544486;LAIS;DOS SANTOS;443487;1;2020-09-01;Observações;"29 anos, encostada
P.O. artrodese L5-S1 em dezembro de 2019, evoluiu com pé caído a esquerda após o procedimento e evoluiu com dor em MIE. 

Em uso de: 
Tramadol
Amitriptilina 25mg
Morfina

Já usou:
Pregabalina até 225mg/dia
Duloxetina 60mg/dia
Restiva

Ao exame
Força G zero de dorsiflexão do pé a esquerda e extensão do hálux
hipoestesia em trajeto de L5 a esquerda com leve hiperalgesia e disenteria.

Hiporreflexia patelar a esquerda.

atrofia de musculatura tibial anterior e extensores do hálux/pé

Radiografia pré (EOS): 70 graus de PI, Lordose total 62

RM lombar: parafuso de L3 a esquerda intracanal

cd: TC lombar, radiografia panoramica
Toperma tópico
Mantenho amitriptilina
Considerar Gabapentina no retorno"
9544486;LAIS;DOS SANTOS;443487;2;2020-09-01;Diagnóstico;
9544486;LAIS;DOS SANTOS;443487;3;2020-09-01;Prescrições;"Toperma emplastro 50mg ------------------------------------ 2 caixas
Aplicar sobre o pé por 12h por dia"
9813025;CARLOS;COLOMBO;465363;1;2020-09-15;Observações;"Carlos Colombo, 73 anos
Acompanhante: Filha Juliana
Dor lombar e em nádega a esquerda há 40 dias, dor passa pela lateral e superior da coxa esquerda. Piora ao tossir e ao ficar sentado. Já apresentou essa dor eventualmente não só a esquerda mas também a direita.


Fumante
DPOC  - uso eventual de antibiótico. Não faz tratamento contínuo.

Ao exame

Sem déficit de força/sensitivo
Lasegue negativo, Patrick + a esquerda.

RM: retrolisteses e estenose de canal L4-5 e L5-S1

cd: solicito avaliação de quadril a Esquerda
rx dinamico lombar e panoramico, rx de quadril."
9813025;CARLOS;COLOMBO;465363;2;2020-09-15;Diagnóstico;
9813025;CARLOS;COLOMBO;465363;3;2020-09-15;Prescrições;
8735673;Sara Rosa;Figueira;465530;1;2020-09-15;Observações;"Parestesias em ambos os braços, principalmente ao acordar
maior a esquerda

Histórico de dor cronica
em uso de pregabalina e cymbalta

Ao exame
Sem déficit de força, reflexos grau 1, disistestesia C7 a esquerda ao estimulo com alfinete e hipoestesia C7 esquerda ao estímulo com algodão
RM: estenose de canal C4-5, C5-6 e C6-7, mais intensa em C6-7

cd: Oriento compressão de C7 e necessidade de descompressão
Paciente não deseja operar, mantemos tratamento conservador, oriento sinais e sintomas de alerta"
8735673;Sara Rosa;Figueira;465530;2;2020-09-15;Diagnóstico;
8735673;Sara Rosa;Figueira;465530;3;2020-09-15;Prescrições;
9877788;GENEOMARA;HERMINA ALVES;468177;1;2020-09-16;Observações;"Geneomara, 33 anos, escriturária de hospital

Cervicalgia e parestesias a esquerda trajeto C7 - do 3 ao 5 quirodáctilo deste lado há 3 meses.
Apresenta ainda tonturas eventuais. Dor é em queimação no braço, principalmente sob o tríceps, dor no pescoço é em facada. VAS MSE 10 VAS CERVICAL: 9
Realizou cirurgia de hérnia de disco em 2014 C5-6.

HMP: enxaqueca - relação com período menstrual.
1 cesárea prévia.

Ao exame físico:

sem hipoestesia, sem perda de força
hiperestesia ao teste da agulha sobre c7/c8
spurling positivo a esquerda e parestesia em trajeto de C8 a palpação dos escalenos ao nível do pescoço a esquerda
Tinel positivo a palpação ao nível do triangulo escalenico

RM 05/08/2020: C6-7 extrusão discal de base larga lateralizada para direita, comprimindo saco dural tocando a margem anterolateral direita e promovendo alteração focal do sinal medular, provavelmente relacionada a mielopatia.

#A
Hiperestesia C7-8 esquerda
Hernia de disco C6-7 direita
Desfiladeiro torácico a esquerda?

cd: RM de plexo braquial a esquerda
Tomografia de coluna cervical
Eletroneuromiografia."
9877788;GENEOMARA;HERMINA ALVES;468177;2;2020-09-16;Diagnóstico;
9877788;GENEOMARA;HERMINA ALVES;468177;3;2020-09-16;Prescrições;
9858775;Sônia;Ostrovcky;468271;1;2020-09-16;Observações;"Sônia, 60 anos
Dor na lombar, em ombros e joelhos. 

MUC:
Escitalopram 20mg/dia
Benicar 40mg/dia

Ao exame
Sem déficits
Lasegue e Patrick negativos
Densitometria L1-L4 2019: -1,1 - osteopenia

cd: RM lombar, Rx quadril e lombar."
9858775;Sônia;Ostrovcky;468271;2;2020-09-16;Diagnóstico;
9858775;Sônia;Ostrovcky;468271;3;2020-09-16;Prescrições;
9379170;EDENILTON;FERREIRA DOS SANTOS;483099;1;2020-09-24;Observações;"Edenilton, 51 anos, faz manutenção de telefonia

Dor lombar crônica, pior há 3 meses, impede de fazer atividades da vida diária
VAS: 9, ODI: 10, últimos 3 meses passou 14 dias sem trabalhar devido a dor.

Ao exame
SEM DÉFICIT NEUROLÓGICO/SENSITIVO/MOTOR LASEGUE E PATRICK NEGATIVOS
GATILHOS DE DOR LOMBAR A PALPAÇÃO

RM: fissura de ânulo fibroso de L2-3, L3-4 e L4-5, desidratação L3-4, L4-5 e L1-2
cd: Solicito Bloqueio facetário."
9379170;EDENILTON;FERREIRA DOS SANTOS;483099;2;2020-09-24;Diagnóstico;
9379170;EDENILTON;FERREIRA DOS SANTOS;483099;3;2020-09-24;Prescrições;
9179665;NABI;MAGALHAES DA SILVA;483410;1;2020-09-24;Observações;"Nabi, 47 anos, trabalhador braçal (atualmente afastado), plano: smart 200 notredame
PO discectomia lombar L5-S1 a direita em 2014, retorna por manutenção da dor.
Relata dor lombar crônica desde então, sem melhora com fisioterapia, eventualmente irradia para perna direita posteriormente até panturrilha. 

VAS Lombar: 9
ODI: 42%
Relata arritmia cardíaca no passado, não sabe informar detalhes, não faz uso atual de medicações
Rx dinamico: aumento de listese L4-5 à extensão
RM: DDD grave em L4-5 com modicou 2 e L5-S1, laminectomia L5 a direita
cd: pré-op
Laudo INSS
Oriento ALIF L4-S1"
9179665;NABI;MAGALHAES DA SILVA;483410;2;2020-09-24;Diagnóstico;
9179665;NABI;MAGALHAES DA SILVA;483410;3;2020-09-24;Prescrições;
10083689;LETICIA PARREIRA;MINELI;483500;1;2020-09-24;Observações;"Leticia, 24 anos
Dor na coxa a esquerda e quadril com irradiação até joelho.
Inicio há 1 ano.

Ao exame
hipoestesia no dorso do pé a esquerda, porém não no hálux
sem déficit de força em membros inferiores
lasegue + a esquerda.
Patrick + a esquerda.

RM 2019: minima protrusão L5-S1 sem compressões de raízes
cd: Nova RM lombar, RPG e academia para fortalecimento de core e musculatura paravertebral."
10083689;LETICIA PARREIRA;MINELI;483500;2;2020-09-24;Diagnóstico;
10083689;LETICIA PARREIRA;MINELI;483500;3;2020-09-24;Prescrições;
10098451;JOANA DOS SANTOS;BOCALINI;488162;1;2020-09-28;Observações;"JOANA BOCALINI, 80
LOMBOCIATALGIA BILATERAL, MAIOR A ESQUERDA, PIOR HÁ 2 MESES.
SEM TRAJETO RADICULAR ESPECÍFICO, DOR VAI ATÉ JOELHO PELA LATERAL DA COXA

VARIZES
OSTEOPOROSE GRAVE - FRATURA DOS DOIS FEMUR - HASTE EM AMBOS E PARAFUSOS EM JOELHOS.
ARTROSE
MUC: PROLIA (DENOSUMABE 60MG/ML)
SERTRALINA 50MG 2CP AO DIA
TRAZODONA 50MG A NOITE
FIXA-CAL VITAMED 1 CP AO DIA
SANY D1.000UI 1 CP AO DIA
GABAPENTINA 300MG 12/12H
COMPOSTO: LOSARTANA 50MG/ANLODIPINA 5MG/EZETIMIBA 10MG/ATORVASTATINA20MG/FAMOTIDINE30MG DE 12/12H

DIMINUIÇÃO NA ABDUÇÃO DA ARTICULAÇÃO COXO FEMORAL A ESQUER DA E PATRICK + A ESQUERDA

CD: ORIENTO AVALIAÇÃO COM ORTOPEDISTA, RETORNO SE NECESSÁRIO"
10098451;JOANA DOS SANTOS;BOCALINI;488162;2;2020-09-28;Diagnóstico;
10098451;JOANA DOS SANTOS;BOCALINI;488162;3;2020-09-28;Prescrições;
8616095;THATIANA CASSIA;DE AGUIAR SARAIVA;488385;1;2020-09-28;Observações;"34 anos
dor lombar, sem ciatalgia
inicio há  1 ano, pior há 30 dias
Dor a extensão da coluna, sem dor a flexão, ficar em pé piora a dor.
piora a extensão mesmo deitada. Associado parestesias do meio do pé para os dedos (sem preferencia) e sem fatores de piora além de cruzar as pernas.

herniorrafia inguinal a esquerda

Ao exame
Sem déficits
sem desvios de coluna
dor a palpação de musculatura paravertebral maior a esquerda
dor piora a extensão.
túnel ao nível do peito do pé bilateral
ENMG: SEM ALTERAÇÕES
RM: degeneração facetaria lombar em vários níveis, rotura de anulo fibroso L3-4 e L4-5 e desidratação destes discos.
Exames de sangue: sem alterações
impressão: Raynaud?
cd: Infiltração de facetas"
8616095;THATIANA CASSIA;DE AGUIAR SARAIVA;488385;2;2020-09-28;Diagnóstico;
8616095;THATIANA CASSIA;DE AGUIAR SARAIVA;488385;3;2020-09-28;Prescrições;
8431923;ANNA BEATRIZ;SANTOS DE ALMEIDA;490903;1;2020-09-29;Observações;"14 anos, feminino 
 notou deformidade em esterno vem para avaliação de escoliose
radiografia panorama: escoliose toracoscópica lombar lenke 5 - 15 graus L4-S1 plano coronal e 8 graus T12-L3
TC e RM: espondilolise e ausencia de lamina de L3 a esquerda.

cd: Oriento radiografia panoramica de coluna anual pelo menos até os 18"
8431923;ANNA BEATRIZ;SANTOS DE ALMEIDA;490903;2;2020-09-29;Diagnóstico;
8431923;ANNA BEATRIZ;SANTOS DE ALMEIDA;490903;3;2020-09-29;Prescrições;
8017740;RAQUEL DANTAS;ARRUDA;491940;1;2020-09-29;Observações;"37 anos, feminino
PO: ALIF L5-S1 e correção de listasse
Retorna relatando parestesias em território de L5 bilateralmente, maior a direita
HMP:
sem menstruar desde jan/2020
MUC: estradiol 1mg/dia

ao exame, força grau 4 para flexão do hálux bilateralmente
Lasegue + a direita
abaulamento de ferida operatória dorsal a esquerda, sem drenagem a compressão, sem dor a compressão

cd: aumento pregabalina para 2cp 12/12h
TC coluna para avaliar posicionamento de material de síntese
Retorno 2 semanas"
8017740;RAQUEL DANTAS;ARRUDA;491940;2;2020-09-29;Diagnóstico;
8017740;RAQUEL DANTAS;ARRUDA;491940;3;2020-09-29;Prescrições;
9813025;CARLOS;COLOMBO;509137;1;2020-10-05;Observações;"Carlos Colombo, 73 anos
Acompanhante: Filha Juliana
Dor lombar e em nádega a esquerda há 40 dias, dor passa pela lateral e superior da coxa esquerda. Piora ao tossir e ao ficar sentado. Já apresentou essa dor eventualmente não só a esquerda mas também a direita.


Fumante
DPOC  - uso eventual de antibiótico. Não faz tratamento contínuo.

Ao exame

Sem déficit de força/sensitivo
Lasegue negativo, Patrick + a esquerda.

RM: retrolisteses e estenose de canal severa L4-5 e L5-S1 
Rx: listese L4-5
Realizou avaliação com ortopedista que descartou dor de osteoartrite de quadril

#A dor facetaria? sacroilíacas esquerdas?

cd: Oriento avaliação com cardiologista e oriento bloqueio facetário e de sacroilíacas esquerda."
9813025;CARLOS;COLOMBO;509137;2;2020-10-05;Diagnóstico;
9813025;CARLOS;COLOMBO;509137;3;2020-10-05;Prescrições;
8336325;ROSANGELA DE SOUZA SANTOS;RAIMUNDO;511997;1;2020-10-06;Observações;"Rosangela 42 anos
DOR CERVICA E LOMBAR HÁ 5 ANOS PIOR HÁ 6 SEMANAS
DOR INTENSA, PIORA AO FICAR SENTADA E AO EXTENDER A CERVICAL E A LOMBAR
IRRADIA PARA OMBROS E  EM PERNA DIREITA PORÇÃO LATERAL. MAIS INTENSA NA CERVICAL - NAO DESEJA REALIZAR BLOQUEIO NO MOMENTO

AO EXAME
SEM DÉFICIT DE FORÇA
DOR CERVICAL E LOMBAR A PALPAÇÃO BILATERAL 
SEM DESVIOS DE COLUNA OMBROS E QUADRIS ALINHADOS
PATRICK + A DIREITA
DOR  PALPAÇÃO DE QUADRIL A DIREITA
SEM DEFICITS DE FORÇA

RM CERVICAL : SEM COMPRESSOES
RM LOMBAR: SUBSTITUIÇÃO GORDUROSA E EDEMA FACETARIO MAIOR A DIREITA

CD: AUMENTO TRAZODONA PARA 100MG A NOITE
FISIOTERAPIA E ACUPUNTURA
ORIENTO SOB POSSIBILIDADE DE BLOQUEIO ANESTÉSICO"
8336325;ROSANGELA DE SOUZA SANTOS;RAIMUNDO;511997;2;2020-10-06;Diagnóstico;
8336325;ROSANGELA DE SOUZA SANTOS;RAIMUNDO;511997;3;2020-10-06;Prescrições;
8559560;"Rosana Maria ";"Dos Santos ";516651;1;2020-10-07;Observações;"41 anos, 
Retorna após 2 meses de uso do topiramto, relata uso de 1 caixa de cetorolaco e 1 de coltrax para alivios esporádicos da dor
HMA:
Cervicalgia com irradiação para MSE há 15 meses. Sem trajeto definido, mais intensa em cervical e trapézio até ombro, VAS CERVICAL 9, VAS MSD 5

Associada relata enxaqueca, com piora no período menstrual, foto e fonofobia, 4 vezes por semana, sem aura, VAS 9.
sem melhora com acupuntura.
Acupuntura sem melhora - 2 meses
Apresentou melhora com coltrax e toragesic, já fez uso de topiramate no passado com melhora

HMP: cesarea
nega alergias

ao exame
contratura muscular principalmente em trapézio a esquerda
NDI: 46%
sem déficit sensitivo ou de força
spurling negativo
RM 04/19 e 07/20: hernia de disco C5-6 com componente central deslocando saco dural para posterior, porém com coluna liquorica posterior
cd: Topiramato 25mg 12/12h retorno 2 meses"
8559560;"Rosana Maria ";"Dos Santos ";516651;2;2020-10-07;Diagnóstico;
8559560;"Rosana Maria ";"Dos Santos ";516651;3;2020-10-07;Prescrições;
9877788;GENEOMARA;HERMINA ALVES;525031;1;2020-10-13;Observações;"Geneomara, 33 anos, escriturária de hospital

Retorna com exames, esta em uso de
Gabapentina 300mg a noite

Primeira consulta:
Cervicalgia e parestesias a esquerda trajeto C7 - do 3 ao 5 quirodáctilo deste lado há 3 meses.
Apresenta ainda tonturas eventuais. Dor é em queimação no braço, principalmente sob o tríceps, dor no pescoço é em facada. VAS MSE 10 VAS CERVICAL: 9
Realizou cirurgia de hérnia de disco em 2014 C5-6.

HMP: enxaqueca - relação com período menstrual.
1 cesárea prévia.

Ao exame físico:

sem hipoestesia, sem perda de força
hiperestesia ao teste da agulha sobre c7/c8
spurling positivo a esquerda e parestesia em trajeto de C8 a palpação dos escalenos ao nível do pescoço a esquerda
Tinel positivo a palpação ao nível do triangulo escalenico

RM 05/08/2020: C6-7 extrusão discal de base larga lateralizada para direita, comprimindo saco dural tocando a margem anterolateral direita e promovendo alteração focal do sinal medular, provavelmente relacionada a mielopatia.

#A
Hiperestesia C7-8 esquerda
Hernia de disco C6-7 direita
Desfiladeiro torácico a esquerda?

ENMG: MONONEUROPATIA DE NERVO MEDIANO EM PUNHO A DIREITA COM ACOMETIMENTO MELINICO SENSITIVO; MONONEUROPATIA DE NERVO MEDIANO EM PUNHO A ESQUERDA COM ACOMETIMENTO MELINICO SENSITIVO MOTOR/ NEUROPATIA DE NERVO ULNAR ESQUERDO A PARTIR DO COTOVELO COM PEQUENA PERDA MELÍNICA SENSITIVA.

TC CERVICAL: sem costela cervical

RM: hiperintensidade em musculatura/trapezio a esquerda? - aguardo laudo

cd: Aumento gabapentina para 1 comprimido 8/8h
Aguardo laudo RM cervical"
9877788;GENEOMARA;HERMINA ALVES;525031;2;2020-10-13;Diagnóstico;
9877788;GENEOMARA;HERMINA ALVES;525031;3;2020-10-13;Prescrições;
10498992;LAZARA;ALVES;528279;1;2020-10-14;Observações;"Lazara, 76 anos
Dor lombar com irradiação para quadril bilateral há 8 meses
dor piora ao manter-se sentada, não piora ao deambular ou ao ficar em pé.

Ao exame
Patrick+ a direita
sem deficit de força ou sensitivo
dor a palpação de musculatura paravertebral ao nível do sacro
bilateralmente

RM: osteoartrite importante de facetas, listese L3-4 e L4-5 e estenose de canal e foraminal, edema de facetas articulares a esquerda em L3-4 e L4-5 e laminectomia em S1 a direita.

cd: oriento retorno a hidroterapia, novalgina e retorno se manutenção da dor."
10498992;LAZARA;ALVES;528279;2;2020-10-14;Diagnóstico;
10498992;LAZARA;ALVES;528279;3;2020-10-14;Prescrições;
8017740;RAQUEL DANTAS;ARRUDA;528728;1;2020-10-14;Observações;"PO ALIF - LISTESE L5-S1 DE ALTO GRAU EM 14/09/2020
MANTÉM QUADRO DE DOR EM MID TRAJEO L5
SEM COLEÇÃO SUBCUTANEA 

PREGABALINA 150MG 12/12H
TRAMAL 50MG 6/6H

CD: RETIRO PONTOS
PRESCREVO PREGABLINA 150MG 2 CP A NOITE
1 COMPRIMID MANHA
TOPERMA 
RETORNO 30 DIAS"
8017740;RAQUEL DANTAS;ARRUDA;528728;2;2020-10-14;Diagnóstico;
8017740;RAQUEL DANTAS;ARRUDA;528728;3;2020-10-14;Prescrições;
10083689;LETICIA PARREIRA;MINELI;540784;1;2020-10-20;Observações;"Retorna com RM sem alterações significativas - apenas pequena escoliose
relata que dor é em nádega a esquerda e ao sentar por muito tempo sente parestesias nas pernas
realizo compressao de piramidal a Esquerda sem exacerbação do sintoma porém com dor local
síndrome do piramidal incipiente?
Oriento RPG por provável encurtamento/contratura de piramidal
Retorno se piora ou novos sintomas"
10083689;LETICIA PARREIRA;MINELI;540784;2;2020-10-20;Diagnóstico;
10083689;LETICIA PARREIRA;MINELI;540784;3;2020-10-20;Prescrições;
10733680;RODRIGO PIRES;DIAS;559076;1;2020-10-28;Observações;"Rodrigo, 27 anos
Queda de moto, TCE e craniotomia em agosto/19
evoluiu com epilepsia
em uso de fenobarbital 100mg a noite
e amitriptilina 25mg a noite

Não tem RM nem EEG
cd: aumento fenobarbital para 200mg a noite e suspendo amitriptilina."
10733680;RODRIGO PIRES;DIAS;559076;2;2020-10-28;Diagnóstico;
10733680;RODRIGO PIRES;DIAS;559076;3;2020-10-28;Prescrições;
9139452;MARIA NEIDE;CORDEIRO COVAK;570295;1;2020-10-29;Observações;"Maria Neide Covak, 74 anos

dor lombar crônica pior há 3 anos
dor iniciou por quadril a direita
Local onde a dor é mais forte
VAS PERNA: 7
VAS LOMBAR: 8
VAS QUADRIL: 10

HAS + DM + osteoartrose
Fibromialgia
Glaucoma -> Evitar corticóide
Sd. Pânico
MUC :
Escitalopram 10mg/dia
Losartana 50mg 2x dia
Hctz 25mg 1x dia
Glibenclamida 5mg 1x dia
FortigaDapagliflozina 10mg 1 x manhã 
Glifage 500mg 2x dia 

Oxitocin SOS

Ao exame
PATRICK + a esquerda e limitação na abducao do quadril a esquerda 
lasagne negativo
sem déficit neurológico
dor lombar piora a extensão, melhora a flexão

TC e RM: estenose de canal L3-L4 e L4-5 e osteoartrose facetaria severa com edema articular L3-4 e l4-5.

cd: 
Donaren 50mg a noite.
Oriento infiltração de Coluna.
Realizará radiofrequência do quadril e após retorna"
9139452;MARIA NEIDE;CORDEIRO COVAK;570295;2;2020-10-29;Diagnóstico;
9139452;MARIA NEIDE;CORDEIRO COVAK;570295;3;2020-10-29;Prescrições;
8017740;RAQUEL DANTAS;ARRUDA;620187;1;2020-11-10;Observações;<p>PO ALIF 360 (MATERIAL VINCULA)- LISTESE L5-S1 DE ALTO GRAU EM 14/09/2020 MANTÉM QUADRO DE DOR EM MID TRAJEO L5 SEM COLEÇÃO SUBCUTANEA PREGABALINA 150MG 12/12H TRAMAL 50MG 6/6H CD: RETIRO PONTOS PRESCREVO PREGABLINA 150MG 2 CP A NOITE 1 COMPRIMID MANHA TOPERMA RETORNO 30 DIAS</p><p></p>
8017740;RAQUEL DANTAS;ARRUDA;620187;2;2020-11-10;Diagnóstico;
8017740;RAQUEL DANTAS;ARRUDA;620187;3;2020-11-10;Prescrições;
8017740;RAQUEL DANTAS;ARRUDA;620206;1;2020-11-10;Observações;<p>PO ALIF 360 (MATERIAL VINCULA)- LISTESE L5-S1 DE ALTO GRAU EM 14/09/2020 MANTÉM QUADRO DE DOR EM MID TRAJEO L5 SEM COLEÇÃO SUBCUTANEA PREGABALINA 150MG 12/12H TRAMAL 50MG 6/6H CD: RETIRO PONTOS PRESCREVO PREGABLINA 150MG 2 CP A NOITE 1 COMPRIMID MANHA TOPERMA RETORNO 30 DIAS</p><p></p>
8017740;RAQUEL DANTAS;ARRUDA;620206;2;2020-11-10;Diagnóstico;
8017740;RAQUEL DANTAS;ARRUDA;620206;3;2020-11-10;Prescrições;
8017740;RAQUEL DANTAS;ARRUDA;620212;1;2020-11-10;Observações;<p>PO ALIF 360 (MATERIAL VINCULA)- LISTESE L5-S1 DE ALTO GRAU EM 14/09/2020 MELHORA DO QUADRO DE DOR EM MID TRAJEO L5 - MELHORA COLEÇÃO SUBCUTANEA, RELATA AINDA DOR EM QUADRIL A DIREITA.</p><p>EM USO DE PREGABALINA 300MG NOITE E 150MG MANHÃ. </p><p></p><p>F.O. BEM CICATRIZADA</p><p>CD: MANTENHO PREGABALINA 450MG/DIA</p><p>MANTER FISIOTERAPIA</p><p></p>
8017740;RAQUEL DANTAS;ARRUDA;620212;2;2020-11-10;Diagnóstico;
8017740;RAQUEL DANTAS;ARRUDA;620212;3;2020-11-10;Prescrições;
9077797;DANIEL;TICHONENKO GUIMARAES;650779;1;2020-11-19;Observações;
9077797;DANIEL;TICHONENKO GUIMARAES;650779;2;2020-11-19;Diagnóstico;<p>23 anos, </p><p>retorna com radiografias e melhora dor.</p><p>cd: laudo INSS.</p><p></p><p></p>
9077797;DANIEL;TICHONENKO GUIMARAES;650779;3;2020-11-19;Prescrições;
8005553;FRANCISCO WELLINGTON;LEAL;650972;2;2020-11-19;Diagnóstico;
8005553;FRANCISCO WELLINGTON;LEAL;650972;3;2020-11-19;Prescrições;<p>TRAMAD</p>
8005553;FRANCISCO WELLINGTON;LEAL;650979;1;2020-11-19;Observações;<p>FRANCISCO LEAL, 34 ANOS, ENFERMEIRO</p><p>RETORNA COM RADIOGRAFIAS E LABORATORIAIS</p><p>SEM ALTERACOES LABORATORIAIS</p><p>DOR É PIORA. EXTENSAO</p><p>SOLICITO BLOQUEIO FACETARIO.</p><p></p>
8005553;FRANCISCO WELLINGTON;LEAL;650979;2;2020-11-19;Diagnóstico;
8005553;FRANCISCO WELLINGTON;LEAL;650979;3;2020-11-19;Prescrições;
11376556;ROSE STEFANI;ANJOS;722388;1;2020-11-26;Observações;<p>dor lombar e em membro inferior direito há mais de 11 anos, com piora há 6 meses</p><p>VAS LOMBAR: 10</p><p>VAS MID:8</p><p></p><p>HIPOTIREOIDISMO</p><p>EPILEPSIA DESDE 1 ANO DE IDADE</p><p>ARTRODESE LOMBAR L5-S1 EM 2009</p><p>PURAN</p><p>TOPIRAMATO 50MG 12/12H</p><p></p><p>ao exame</p><p>hipoestesia em região lateral do pé esquerdo e 5 pododáctilo</p><p>forca g4+ pra flexao dorsal do pé e hálux bilateralmente</p><p></p><p>RM: artrodese L5-S1, sem estenose de forames, degeneração facetaria e retrolistese L4-L5</p><p>rx: instabilidade L4-5 com cifose segmentar L4-S1</p><p></p><p>cd: indico artrodese VA+VP L4-S1</p><p>Inicio Donarem 100mg a noite</p><p>Fisioterapia</p><p>Rx panoramico</p>
11376556;ROSE STEFANI;ANJOS;722388;2;2020-11-26;Diagnóstico;
11376556;ROSE STEFANI;ANJOS;722388;3;2020-11-26;Prescrições;
9379170;EDENILTON;FERREIRA DOS SANTOS;741860;1;2020-12-03;Observações;<p>Edenilton, 51 anos, faz manutenção de telefonia Dor lombar crônica</p><p>Realizou bloqueio epidural L3-4 e L4-5.</p><p>Ficou melhor por 3 dias.</p><p>Mantenho FST, rx panoramico. Rizotomia se manutenção da dor</p>
9379170;EDENILTON;FERREIRA DOS SANTOS;741860;2;2020-12-03;Diagnóstico;
9379170;EDENILTON;FERREIRA DOS SANTOS;741860;3;2020-12-03;Prescrições;
8559560;"Rosana Maria ";"Dos Santos ";742122;1;2020-12-03;Observações;
8559560;"Rosana Maria ";"Dos Santos ";742122;2;2020-12-03;Diagnóstico;
8559560;"Rosana Maria ";"Dos Santos ";742122;3;2020-12-03;Prescrições;
11677140;ELZA KIMIE;HASHIMOTO;768777;1;2020-12-11;Observações;<p>Elza, 61 anos, aposentada (vendedora de Loja)</p><p>Paciente com quadro de dor na nuca há 4 meses</p><p>Realizou TC de crânio e pescoço e diagnosticou lesão de canal vertebral anterior na região C6-7 medindo 1,9x1,3x0,4cm</p><p></p><p>HMP: artrite reumatoide ?- atualmente não esta em tratamento - osteoartrite?</p><p>Histerectomia radical por ˜mioma maligno?˜</p><p></p><p>HMF: pai com neoplasia intracraniana </p><p></p><p>#O</p><p>Sem déficit neurológico, reflexos normais</p><p>sem reflexos anormais</p><p>deformidade em pescoço de ganso em quirodáctilos a direita em 3 e 5</p><p>anquilose do tornozelo a esquerda</p><p></p><p>#A</p><p></p><p>osteartrite?</p><p>Meningeoma cervical</p><p></p><p>cd: RM de coluna cervical</p><p></p>
11677140;ELZA KIMIE;HASHIMOTO;768777;2;2020-12-11;Diagnóstico;
11677140;ELZA KIMIE;HASHIMOTO;768777;3;2020-12-11;Prescrições;
9813025;CARLOS;COLOMBO;779881;1;2020-12-15;Observações;<p>Carlos Colombo, 73 anos Acompanhante: Filha Juliana </p><p>Paciente melhorou da dor e mantém apenas parestesias e dor em panturrilha. Fumante DPOC - uso eventual de antibiótico. Não faz tratamento contínuo.</p><p>Prefere tratamento clínico ao bloqueio</p><p></p><p>MUC: BENICAR ANLO 40/5MG 1CP AO DIA</p><p>ATENOLOL 25MG/DIA</p><p>ANLODIPINO 5MG A NOITE.</p><p>INDAPAMIDA 1,5MG/DIA (DIURETICO)</p><p>Exodus 10mg/dia</p><p>Rosuvastatin 10mg a noite</p><p>Alendronato de sódio semanal</p><p></p><p>Fez cirurgia para varizes em 2015</p><p>Ao exame Sem déficit de força/sensitivo Lasegue negativo, Patrick + a esquerda. RM: retrolisteses e estenose de canal severa L4-5 e L5-S1 Rx: listese L4-5 </p><p>#A dor facetaria? sacroilíacas esquerdas? </p><p></p><p>cd: Inicio Pregabalina 75mg a noite.</p><p>Oriento quando a necessidade de cirurgia pra descompressão - paciente prefere não operar/bloqueio no momento</p><p></p>
9813025;CARLOS;COLOMBO;779881;2;2020-12-15;Diagnóstico;
9813025;CARLOS;COLOMBO;779881;3;2020-12-15;Prescrições;
11770410;CAROLINA SEREM;PEREIRA;788192;1;2020-12-17;Observações;<p>Carolina Pereira, 32 anos</p><p></p><p>Não consegue evacuar, eventualmente tem perda urinária</p><p></p><p>Inicio há cerca de 1 ano</p><p></p><p>Inicou ainda dor em cóccix após inicio de atividade física - corrida</p><p></p><p>Hipotireoidismo</p><p>Endometriose - já realizou laparoscopia para tratamento</p><p>Em uso de DIU</p><p></p><p>Já realiozou RM de neuroeixo para afastar  Esclerose múltipla - única alteração foi edema de ligamento interespinhoso L5-S1</p><p></p><p>RESSONÂNCIA MAGNÉTICA DA PELVE COM DEFECO-RM</p><p></p><p>Sinais de disfunção do assoalho pélvico, com alargamento do hiato puborretal grau leve e descenso</p><p>perineal grau moderado. Cistocele grau leve. Hipermobilidade uretral presente. Prolapso uterovaginal</p><p>ausente. Retocele anterior grau leve e leve prolapso retal</p><p></p><p>#A hirschprung?</p><p>mega colono chagásico?</p><p></p><p>cd: Oriento fisioterapia ginecológica para tratamento de coccíginea, </p><p>Avaliação para biópsia colonica/diagnóstico de chagas</p><p></p>
11770410;CAROLINA SEREM;PEREIRA;788192;2;2020-12-17;Diagnóstico;
11770410;CAROLINA SEREM;PEREIRA;788192;3;2020-12-17;Prescrições;
11826629;Fernanda;Gonçalves da Silva;813320;0;2020-12-17;Observações;<p>Fernanda, 29 anos</p><p></p><p>Lombociatalgia a esquerda com irradiação até joelho pela lateral esquerda da perna  há 3 dias, melhora ao deitar. Piora ao estender a lombar e melhora ao flexionar</p><p></p><p>Histórico de Hérnia de disco lombar desde os 17 anos</p><p></p><p>HMP: Asma</p><p>MUC: glifage 500mg 1x a noite</p><p>Já utilizado: paratram (tramadol 37,5mg 325mg paracetamol)</p><p></p><p>cd: Oriento analgesia</p><p>atividade física</p><p>Nova avaliação se perda de força ou piora da dor</p><p></p><p></p><p></p><p></p><p></p>
11826629;Fernanda;Gonçalves da Silva;813320;0;2020-12-17;ressonancia;
11826629;Fernanda;Gonçalves da Silva;813320;1;2020-12-17;Diagnóstico;
11826629;Fernanda;Gonçalves da Silva;813320;2;2020-12-17;Prescrições;
11677140;ELZA KIMIE;HASHIMOTO;1077706;0;2021-01-12;Observações;<p>Elza, 61 anos, aposentada (vendedora de Loja)</p><p>Paciente com quadro de dor na nuca há 4 meses</p><p>Realizou TC de crânio e pescoço e diagnosticou lesão de canal vertebral anterior na região C6-7 medindo 1,9x1,3x0,4cm</p><p></p><p>HMP: artrite reumatoide ?- atualmente não esta em tratamento - osteoartrite?</p><p>Histerectomia radical por ˜mioma maligno?˜</p><p></p><p>HMF: pai com neoplasia intracraniana</p><p></p><p>#O</p><p>Sem déficit neurológico, reflexos normais</p><p>sem reflexos anormais</p><p>deformidade em pescoço de ganso em quirodáctilos a direita em 3 e 5</p><p>anquilose do tornozelo a esquerda</p><p></p><p></p><p>RM dez/20</p><p>Discreto tecido amorfo com realce pelo contraste adjacente à articulação atlanto-dental e no intervalo atlanto-clival sem sinais de erosão óssea ou luxação C1-C2, inespecífico mas que pode indicar acometimento reumatológico incipiente no diagnóstico diferencial.</p><p></p><p><strong>Nível C6-C7: Extrusão discal posterior centrolateral à esquerda com migração crânio-caudal subligamentar apresentando focos de T1 e T2 curtos que podem indicar calcificações intra-substanciais determinando estenose severa do canal vertebral em conjunto com espessamento dos ligamentos amarelos e comprimindo e deformando a medula espinhal que está afilada porém não mostra alteração de sinal inequívoca. Uncoartrose bilateral reduzindo as amplitudes dos forames neurais.</strong></p><p></p><p>#A</p><p>Artrite reumatoide </p><p>Ossificacao de ligamento longitudinal posterior</p><p></p><p>cd: Discuto cirurgia, paciente prefere não operar no momento, oriento tratamento de AR, retorno em 1 ano para novo exame se optar por tratamento não cirúrgico</p><p></p>
11677140;ELZA KIMIE;HASHIMOTO;1077706;1;2021-01-12;Diagnóstico;
11677140;ELZA KIMIE;HASHIMOTO;1077706;2;2021-01-12;Prescrições;
11677140;ELZA KIMIE;HASHIMOTO;1077706;3;2021-01-12;ressonancia;
8017740;RAQUEL DANTAS;ARRUDA;1078049;0;2021-01-12;Observações;
8017740;RAQUEL DANTAS;ARRUDA;1078049;1;2021-01-12;Diagnóstico;
8017740;RAQUEL DANTAS;ARRUDA;1078049;2;2021-01-12;Prescrições;
8017740;RAQUEL DANTAS;ARRUDA;1078049;3;2021-01-12;ressonancia;
12230263;SIMONE BARROS WANDERLEY;BORGES;1116626;0;2021-01-19;Observações;<p>SIMONE, 48 anos</p><p></p><p>Cocciginea há 3 anos, piora ao ficar sentada.</p><p></p><p>Nega problemas prévios de saúde</p><p></p><p>cd: Oriento fisioterapia pélvica</p><p>Bloqueio ganglio impar se necessário</p>
12230263;SIMONE BARROS WANDERLEY;BORGES;1116626;1;2021-01-19;Diagnóstico;
12230263;SIMONE BARROS WANDERLEY;BORGES;1116626;2;2021-01-19;Prescrições;
12230263;SIMONE BARROS WANDERLEY;BORGES;1116626;3;2021-01-19;ressonancia;
8303984;GABRIEL;MORALES;1317453;0;2021-02-04;Observações;<p>Gabriel, 24 anos</p><p></p><p>mantem quadro de pressão e dor em região do trapézio, teve melhora com fisioterapia, porém parou e retornou</p><p></p><p>medicamentos já utilizados: vertix</p><p></p><p>cd: Associo baclofeno por 15 dias e manter fisioterapia</p><p></p>
8303984;GABRIEL;MORALES;1317453;1;2021-02-04;Diagnóstico;
8303984;GABRIEL;MORALES;1317453;2;2021-02-04;Prescrições;
8303984;GABRIEL;MORALES;1317453;3;2021-02-04;ressonancia;
9813025;CARLOS;COLOMBO;1317628;0;2021-02-04;Observações;<p>Carlos Colombo, 73 anos Acompanhante: Filha Juliana</p><p></p><p>RETORNA COM DOR EM GLÚTEOS E EM PANTURILHA A DIREITA ATÉ REGIAO LATERAL DO TORNOZELO - MALEOLO LATERAL</p><p></p><p>MUC: BENICAR ANLO 40/5MG 1CP AO DIA</p><p>ATENOLOL 25MG/DIA</p><p>ANLODIPINO 5MG A NOITE.</p><p>INDAPAMIDA 1,5MG/DIA (DIURETICO)</p><p>Exodus 10mg/dia</p><p>Rosuvastatin 10mg a noite</p><p>Alendronato de sódio semanal</p><p></p><p>Fez cirurgia para varizes em 2015</p><p>Ao exame Sem déficit de força/sensitivo Lasegue negativo</p><p> RM: retrolisteses e estenose de canal severa L4-5 e L5-S1 Rx: listese L4-5</p><p></p><p></p><p>CD: INDICO BLOQUEIO/DESCOMPRESSÃO L4-5</p><p>PACIENTE PREFERE USO DE PREGABALINA - PRESCREVO.</p><p></p>
9813025;CARLOS;COLOMBO;1317628;1;2021-02-04;Diagnóstico;
9813025;CARLOS;COLOMBO;1317628;2;2021-02-04;Prescrições;
9813025;CARLOS;COLOMBO;1317628;3;2021-02-04;ressonancia;
12819570;DAVI SIMÕES;BERNARDO;1340987;0;2021-02-11;Observações;
12819570;DAVI SIMÕES;BERNARDO;1340987;1;2021-02-11;Diagnóstico;
12819570;DAVI SIMÕES;BERNARDO;1340987;2;2021-02-11;Prescrições;
12819570;DAVI SIMÕES;BERNARDO;1340987;3;2021-02-11;ressonancia;
8559560;"Rosana Maria ";"Dos Santos ";1355169;0;2021-02-17;Observações;<p>41 anos, trabalha com RH </p><ul><li><p>Retorno de cervicalgia e irradiação MSE sem trajeto específico, NDI: 46% sem déficit sensitivo ou de força spurling negativo RM 04/19 e 07/20: hernia de disco C5-6 com componente central deslocando saco dural para posterior, porém com coluna liquorica posterior </p></li><li><p>cd: Topiramato 25mg 12/12h retorno , pré operatório de prótese de disco C5-6</p></li></ul>
8559560;"Rosana Maria ";"Dos Santos ";1355169;1;2021-02-17;Diagnóstico;
8559560;"Rosana Maria ";"Dos Santos ";1355169;2;2021-02-17;Prescrições;
8559560;"Rosana Maria ";"Dos Santos ";1355169;3;2021-02-17;ressonancia;
12230263;SIMONE BARROS WANDERLEY;BORGES;1355297;0;2021-02-17;Observações;<p>SIMONE BARROS W. BORGES, 49 anos</p><p>Coccignea, em vigencia de fisioterapia pélvica, em melhora, inicio há 30 dias com dor cervical e irradiação para MSD - 3 primeiros quirodáctilos</p><p>cd: renovo pedido de FST, rm coluna cervical</p>
12230263;SIMONE BARROS WANDERLEY;BORGES;1355297;1;2021-02-17;Diagnóstico;
12230263;SIMONE BARROS WANDERLEY;BORGES;1355297;2;2021-02-17;Prescrições;
12230263;SIMONE BARROS WANDERLEY;BORGES;1355297;3;2021-02-17;ressonancia;
9139452;MARIA NEIDE;CORDEIRO COVAK;1374184;0;2021-02-23;Observações;
9139452;MARIA NEIDE;CORDEIRO COVAK;1374184;1;2021-02-23;Diagnóstico;
9139452;MARIA NEIDE;CORDEIRO COVAK;1374184;2;2021-02-23;Prescrições;
9139452;MARIA NEIDE;CORDEIRO COVAK;1374184;3;2021-02-23;ressonancia;
9139452;MARIA NEIDE;CORDEIRO COVAK;1374185;0;2021-02-23;Observações;"<p>Maria Neide Covak, 74 anos dor lombar crônica pior há 3 anos dor iniciou por quadril a direita Local onde a dor é mais forte VAS PERNA: 7 VAS LOMBAR: 8 VAS QUADRIL: 10 HAS + DM + osteoartrose Fibromialgia Glaucoma -&gt; Evitar corticóide Sd. Pânico MUC : Escitalopram 10mg/dia Losartana 50mg 2x dia Hctz 25mg 1x dia Glibenclamida 5mg 1x dia FortigaDapagliflozina 10mg 1 x manhã Glifage 500mg 2x dia Oxitocin SOS Ao exame PATRICK + a esquerda e limitação na abducao do quadril a esquerda lasagne negativo sem déficit neurológico dor lombar piora a extensão, melhora a flexão TC e RM: estenose de canal L3-L4 e L4-5 e osteoartrose facetaria severa com edema articular L3-4 e l4-5. cd: Donaren 50mg a noite. Oriento infiltração de Coluna. Realizará radiofrequência do quadril e após retorna</p>"
9139452;MARIA NEIDE;CORDEIRO COVAK;1374185;1;2021-02-23;Diagnóstico;
9139452;MARIA NEIDE;CORDEIRO COVAK;1374185;2;2021-02-23;Prescrições;
9139452;MARIA NEIDE;CORDEIRO COVAK;1374185;3;2021-02-23;ressonancia;
9139452;MARIA NEIDE;CORDEIRO COVAK;1374191;0;2021-02-23;Observações;<p>Maria Neide Covak, 74 anos dor lombar crônica pior há 3 anos dor iniciou por quadril a direita </p><p></p><p>paciente com melhora da dor após infiltração de quadril</p><p></p><p>relata arenas for paravertebral em lombar alta</p><p></p><p>cd: fisioterapia e coltrax</p>
9139452;MARIA NEIDE;CORDEIRO COVAK;1374191;1;2021-02-23;Diagnóstico;
9139452;MARIA NEIDE;CORDEIRO COVAK;1374191;2;2021-02-23;Prescrições;
9139452;MARIA NEIDE;CORDEIRO COVAK;1374191;3;2021-02-23;ressonancia;
8017740;RAQUEL DANTAS;ARRUDA;1374569;0;2021-02-23;Observações;<p>PO infiltração sacro-iliaca a direita</p><p></p><p>relata não ter melhora da dor a direita apesar da infiltração.</p><p></p><p>Ao exame</p><p></p><p>contratura paravertebral a direita</p><p>e em nádega a direita</p><p></p><p>cd: fisioterapia para alongamento de musculatura paravertebral, manter fortalecimento lombar abodminal</p><p></p><p></p>
8017740;RAQUEL DANTAS;ARRUDA;1374569;1;2021-02-23;Diagnóstico;
8017740;RAQUEL DANTAS;ARRUDA;1374569;2;2021-02-23;Prescrições;
8017740;RAQUEL DANTAS;ARRUDA;1374569;3;2021-02-23;ressonancia;
13126970;MARIA APARECIDA;LOPES DA SILVA DICIERI;1404974;0;2021-03-03;Observações;<p>PO DE ARTRODESE L4-S1 (TLIF) EM MARÇO DE 2020</p><p></p><p>EVOLUINDO COM DOR PARAVERTEBRAL A DIREITA COM IRRADIAÇÃO EM CHOQUE PARA NÁDEGA E EVENTUALMENTE NA LATERAL DA COXA DIREITA.</p><p></p><p>MUC: LOSARTANA 50MG/DIA</p><p></p><p>AO EXAME</p><p></p><p>DOR A PALPAÇÃO MUSCULAR PARAVERTEBRAL A DIREITA</p><p>LASEGUE E PATRICK NEGATIVOS</p><p></p><p>CD: SOLICITO RM DE COLUNA LOMBAR E RADIOGRAFIA PANORAMICA</p><p>HEMOGRAMA E PROTEINA C REATIVA.</p><p>NIMESULID, COLTRAX E BACLOFENO 7 DIAS.</p><p></p>
13126970;MARIA APARECIDA;LOPES DA SILVA DICIERI;1404974;1;2021-03-03;Diagnóstico;
13126970;MARIA APARECIDA;LOPES DA SILVA DICIERI;1404974;2;2021-03-03;Prescrições;
13126970;MARIA APARECIDA;LOPES DA SILVA DICIERI;1404974;3;2021-03-03;ressonancia;
13154050;NELSON KIMIO;OGASAWARA;1413988;0;2021-03-04;Observações;
13154050;NELSON KIMIO;OGASAWARA;1413988;1;2021-03-04;Diagnóstico;
13154050;NELSON KIMIO;OGASAWARA;1413988;2;2021-03-04;Prescrições;
13154050;NELSON KIMIO;OGASAWARA;1413988;3;2021-03-04;ressonancia;
13154050;NELSON KIMIO;OGASAWARA;1413989;0;2021-03-04;Observações;
13154050;NELSON KIMIO;OGASAWARA;1413989;1;2021-03-04;Diagnóstico;
13154050;NELSON KIMIO;OGASAWARA;1413989;2;2021-03-04;Prescrições;
13154050;NELSON KIMIO;OGASAWARA;1413989;3;2021-03-04;ressonancia;
13154050;NELSON KIMIO;OGASAWARA;1428966;0;2021-03-09;Observações;"<p>62 anos,</p><p>&nbsp;</p><p>Dor lombar há 2 meses, após queda</p><p>&nbsp;</p><p>&nbsp;</p><p>&nbsp;</p><p>MUC: METFORMINA 850MG&nbsp;&nbsp;1X DIA</p><p>DIAMICRON 1X DIA</p><p>&nbsp;</p><p>&nbsp;</p><p>TC: Fratura de T11, T12 e L1</p><p>&nbsp;</p><p>Labs:</p><p>Vitamina D 4</p><p>Calcio normal</p><p>PTH:91 (normal até 80)</p><p>Fosfatase alcalina normal</p><p>Fosforo 3,5 (normal ate 5)</p><p>&nbsp;</p><p>#A</p><p>Osteoporose</p><p>Hiperparatireoidismo secundário</p><p>Fratura T11-L1</p><p>&nbsp;</p><p>Cd: indico cifoplastia 3 níveis</p><p>Inicio Forteo, vitamina D e Cálcio</p>"
13154050;NELSON KIMIO;OGASAWARA;1428966;1;2021-03-09;Diagnóstico;
13154050;NELSON KIMIO;OGASAWARA;1428966;2;2021-03-09;Prescrições;
13154050;NELSON KIMIO;OGASAWARA;1428966;3;2021-03-09;ressonancia;
10733680;RODRIGO PIRES;DIAS;1442492;0;2021-03-11;Observações;<p>Rodrigo, 27 anos Queda de moto, TCE e craniotomia em agosto/19 evoluiu com epilepsia em uso de fenobarbital 100mg a noite e amitriptilina 25mg a noite Não tem RM nem EEG cd: aumento fenobarbital para 200mg a noite e suspendo amitriptilina.</p><p></p><p>RETORNA COM RM E EEG, ESTÁ SEM CRISE</p><p></p><p>DISCRETA REDUÇÃO DA EXTREMIDADE ROSTRAL DA CABEÇA DO HIPOCAMPO DIREITO, EM RELAÇÃO AO CONTRALATERAL.</p><p></p><p>ÁREAS DE ENCEFALOMALACIA CIRCUNDADAS POR GLIOSE E PEREMEADAS POR SIDEROSE SUPERFICIAL ENVOLVEM O PÓLO TEMPORAL, GIROS TEMPORAIS MÉDIO E SUPERIOR DIREITOS E SUBSTACIA BRANCA SUBJASCENTE. ASSOCIA-SE AMPLIACAO DOS SULCOS CORTICAIS SUBJACENTES E ECTASIA ADAPTATIVA DO CORO TEMPORAL DO VENTRICULO LATERAL.</p><p></p><p>EEG: NORMAL</p><p></p><p>CD: MANTENHO FENOBARBITAL 200MG/DIA</p><p>RETORNO 6 MESES.</p><p></p>
10733680;RODRIGO PIRES;DIAS;1442492;1;2021-03-11;Diagnóstico;
10733680;RODRIGO PIRES;DIAS;1442492;2;2021-03-11;Prescrições;
10733680;RODRIGO PIRES;DIAS;1442492;3;2021-03-11;ressonancia;
13520861;LUCIANO;DUCCINI;1482974;0;2021-03-23;Observações;
13520861;LUCIANO;DUCCINI;1482974;1;2021-03-23;Diagnóstico;
13520861;LUCIANO;DUCCINI;1482974;2;2021-03-23;Prescrições;
13520861;LUCIANO;DUCCINI;1482974;3;2021-03-23;ressonancia;
13520861;LUCIANO;DUCCINI;1482993;0;2021-03-23;Observações;
13520861;LUCIANO;DUCCINI;1482993;1;2021-03-23;Diagnóstico;
13520861;LUCIANO;DUCCINI;1482993;2;2021-03-23;Prescrições;
13520861;LUCIANO;DUCCINI;1482993;3;2021-03-23;ressonancia;
13520861;LUCIANO;DUCCINI;1483022;0;2021-03-23;Observações;
13520861;LUCIANO;DUCCINI;1483022;1;2021-03-23;Diagnóstico;
13520861;LUCIANO;DUCCINI;1483022;2;2021-03-23;Prescrições;
13520861;LUCIANO;DUCCINI;1483022;3;2021-03-23;ressonancia;
13520861;LUCIANO;DUCCINI;1483256;0;2021-03-23;Observações;<p>LUCIANO DUCCINI, 41 ANOS</p><p></p><p>DOR LOMBAR BAIXA, SEM IRRADIAÇÃO PARA MEMBROS INFERIORES</p><p></p><p>PIORA AO FLEXIONAR E SE AGACHAR</p><p></p><p></p><p>EM USO DE</p><p>DORFLEX</p><p></p><p></p><p>CD: COLTRAX, CETOROLACO E NOVALGINA</p><p></p><p>REAVALIAÇÃ0 7 DIAS</p><p></p>
13520861;LUCIANO;DUCCINI;1483256;1;2021-03-23;Diagnóstico;
13520861;LUCIANO;DUCCINI;1483256;2;2021-03-23;Prescrições;
13520861;LUCIANO;DUCCINI;1483256;3;2021-03-23;ressonancia;
13126970;MARIA APARECIDA;LOPES DA SILVA DICIERI;1506423;0;2021-03-30;Observações;"<p>PO DE ARTRODESE L4-S1 (TLIF) EM MARÇO DE 2020</p><p></p><p>EVOLUINDO COM DOR PARAVERTEBRAL A DIREITA COM IRRADIAÇÃO EM CHOQUE PARA NÁDEGA E EVENTUALMENTE NA LATERAL DA COXA DIREITA.</p><p>RETORNA COM EXAMES, RELATA POUCA MELHORA COM BACLOFENO + COLTRAX E NIMESULID.</p><p></p><p>MUC: LOSARTANA 50MG/DIA</p><p></p><p>AO EXAME</p><p></p><p>DOR A PALPAÇÃO MUSCULAR PARAVERTEBRAL A DIREITA</p><p>LASEGUE E PATRICK NEGATIVOS</p><p></p><p>RM: sem compressões significativas, ausência de infecção; </p><p></p><p>labs sem alterações</p><p></p><p>CD: Oriento fortalecimento muscular, bloqueio se manutenção da dor.</p><p>Inicio Amitriptilina 25mg a noite</p><p></p>"
13126970;MARIA APARECIDA;LOPES DA SILVA DICIERI;1506423;1;2021-03-30;Diagnóstico;
13126970;MARIA APARECIDA;LOPES DA SILVA DICIERI;1506423;2;2021-03-30;Prescrições;<p>DECLARO, PARA OS DEVIDOS FINIS E A PEDIDO DAS PARTES INTERESSADAS, QUE MARIA APARECIDA LOPES DA SILVA DICIERI, FOI SUBMETIDA A ARTRODESE DE COLUNA LOMBAR EM 2020, APRESENTOU RETORNO DE DOR LOMBAR, EXAMES NÃO DEMONSTRARAM COMPRESSÃO DE ESTRTURAS NERVOSAS, PORÉM MANTÉM SINTOMÁTICA COM DOR LOMBAR E NECESSITA DE REABILITAÇÃO PARA FORTALECIMENTO MUSCULAR, ORIENTO NÃO REALIZAR ATIVIDADES COM CARREGAMENTO DE PESO E ATIVIDADES EXAUSTIVAS.</p><p></p><p>CID M54</p><p></p>
13126970;MARIA APARECIDA;LOPES DA SILVA DICIERI;1506423;3;2021-03-30;ressonancia;
13126970;MARIA APARECIDA;LOPES DA SILVA DICIERI;1506615;0;2021-03-30;Observações;"<p>PO DE ARTRODESE L4-S1 (TLIF) EM MARÇO DE 2020</p><p></p><p>EVOLUINDO COM DOR PARAVERTEBRAL A DIREITA COM IRRADIAÇÃO EM CHOQUE PARA NÁDEGA E EVENTUALMENTE NA LATERAL DA COXA DIREITA.</p><p>RETORNA COM EXAMES, RELATA POUCA MELHORA COM BACLOFENO + COLTRAX E NIMESULID.</p><p></p><p>MUC: LOSARTANA 50MG/DIA</p><p></p><p>AO EXAME</p><p></p><p>DOR A PALPAÇÃO MUSCULAR PARAVERTEBRAL A DIREITA</p><p>LASEGUE E PATRICK NEGATIVOS</p><p></p><p>RM: sem compressões significativas, ausência de infecção; </p><p></p><p>labs sem alterações</p><p></p><p>CD: Oriento fortalecimento muscular, bloqueio se manutenção da dor.</p><p>Inicio Amitriptilina 25mg a noite</p><p></p><p></p>"
13126970;MARIA APARECIDA;LOPES DA SILVA DICIERI;1506615;1;2021-03-30;Diagnóstico;
13126970;MARIA APARECIDA;LOPES DA SILVA DICIERI;1506615;2;2021-03-30;Prescrições;
13126970;MARIA APARECIDA;LOPES DA SILVA DICIERI;1506615;3;2021-03-30;ressonancia;
13126970;MARIA APARECIDA;LOPES DA SILVA DICIERI;1506616;0;2021-03-30;Observações;
13126970;MARIA APARECIDA;LOPES DA SILVA DICIERI;1506616;1;2021-03-30;Diagnóstico;
13126970;MARIA APARECIDA;LOPES DA SILVA DICIERI;1506616;2;2021-03-30;Prescrições;
13126970;MARIA APARECIDA;LOPES DA SILVA DICIERI;1506616;3;2021-03-30;ressonancia;
8017740;RAQUEL DANTAS;ARRUDA;1636630;0;2021-04-28;Observações;
8017740;RAQUEL DANTAS;ARRUDA;1636630;1;2021-04-28;Diagnóstico;
8017740;RAQUEL DANTAS;ARRUDA;1636630;2;2021-04-28;Prescrições;
8017740;RAQUEL DANTAS;ARRUDA;1636630;3;2021-04-28;ressonancia;
8017740;RAQUEL DANTAS;ARRUDA;1636669;0;2021-04-28;Observações;<p></p>
8017740;RAQUEL DANTAS;ARRUDA;1636669;1;2021-04-28;Diagnóstico;
8017740;RAQUEL DANTAS;ARRUDA;1636669;2;2021-04-28;Prescrições;
8017740;RAQUEL DANTAS;ARRUDA;1636669;3;2021-04-28;ressonancia;
13154050;NELSON KIMIO;OGASAWARA;1837943;0;2021-05-14;Observações;<p>familiar: Gabriela</p><p>(filha)</p><p>ira fazer artrodese </p><p>sem caminhar desde abril</p><p>oriento reforçar uso de fortes</p>
13154050;NELSON KIMIO;OGASAWARA;1837943;1;2021-05-14;Diagnóstico;
13154050;NELSON KIMIO;OGASAWARA;1837943;2;2021-05-14;Prescrições;
13154050;NELSON KIMIO;OGASAWARA;1837943;3;2021-05-14;ressonancia;
14866784;VITOR BRITO;GOMES;2007750;0;2021-05-26;Observações;<p>VITOR BRITO GOMES, 32</p><p>DOR CERVICAL, IRRADIACAO PARA MSD, EVENTUALMENTE TEM LIMITACAO DA MOVIMENTACAO DO 1 QUIRODACTILO A DIREITA.</p><p></p><p>SPURLING NEGATIVO BILATERAL</p><p></p><p>RM CERVICAL: HERNIA DE DISCO C5-6 DIREITA </p><p>HIPERSINAL MEDULAR</p><p></p><p>CD: MATENHO GABAPENTINA, ORIENTO CIRURGIA </p><p></p><p></p>
14866784;VITOR BRITO;GOMES;2007750;1;2021-05-26;Diagnóstico;
14866784;VITOR BRITO;GOMES;2007750;2;2021-05-26;Prescrições;<p></p>
14866784;VITOR BRITO;GOMES;2007750;3;2021-05-26;ressonancia;
15359053;ROGERIO INACIO;DA SILVA;2237176;0;2021-06-02;Observações;<p>ROGERIO, 43 ANOS</p><p>TONTURA HÁ 6 MESES</p><p>HIPERTENSO</p><p>LOSARTANA</p><p></p><p>RM COM MAV CEREBELAR ESQUERDA</p><p></p><p>CD: ANGIOGRAFIA CEREBRAL 4 VASOS</p>
15359053;ROGERIO INACIO;DA SILVA;2237176;1;2021-06-02;Diagnóstico;
15359053;ROGERIO INACIO;DA SILVA;2237176;2;2021-06-02;Prescrições;
15359053;ROGERIO INACIO;DA SILVA;2237176;3;2021-06-02;ressonancia;
15877531;CLAUDIA FRANCISCA DE PAULA;NASCIMENTO;2854080;0;2021-06-16;Observações;<p>Claudia Francisca de Paula Nascimento, 46 anos</p><p>dor lombar e irradiação para MIE há 1 ano</p><p>deixou de trabalhar pela dor</p><p></p><p>lasagne + a esquerda</p><p>hipoestesia em MIE</p><p>sem déficit de força</p><p></p><p>RM: discopatia grave L5-s1 com diminuição da altura discal e modic e estenose forame esquerdo.</p><p>rx: PI baixa, sem listese/movimentaçoes significativas.</p><p></p><p>cd: Indico ALIF L5-S1.</p>
15877531;CLAUDIA FRANCISCA DE PAULA;NASCIMENTO;2854080;1;2021-06-16;Diagnóstico;
15877531;CLAUDIA FRANCISCA DE PAULA;NASCIMENTO;2854080;2;2021-06-16;Prescrições;<p>Gabapentina</p>
15877531;CLAUDIA FRANCISCA DE PAULA;NASCIMENTO;2854080;3;2021-06-16;ressonancia;
15957061;TEREZINHA APARECIDA;RAMOS;2904050;0;2021-06-25;Observações;<p>Terezinha Ramos, 59 anos, vendedora em loja de produtos naturais.</p><p>dor lombar, irradiação para membros inferiores maior a direita</p><p></p><p>piora ao caminhar e a descer escada</p><p></p><p>acalasia e megaesôfago</p><p></p><p></p><p>Gabapentina 300mg/dia há 7 dias</p><p></p><p>Lasegue+ a direita, patrick+ bilateralmente</p><p>contratura e dor em quadril bilateralmente.</p><p></p><p>RM e TC: listese L4-5 fixada com parafuso pedicular e estenose foraminal L3-4</p><p>rx dinamico: sem escorregamento</p><p></p><p>cd: Oriento ALIF L4-5 e L3-4</p><p></p><p></p>
15957061;TEREZINHA APARECIDA;RAMOS;2904050;1;2021-06-25;Diagnóstico;
15957061;TEREZINHA APARECIDA;RAMOS;2904050;2;2021-06-25;Prescrições;
15957061;TEREZINHA APARECIDA;RAMOS;2904050;3;2021-06-25;ressonancia;
16698328;OTILIA DEMETRIO;MARIANO;3041453;0;2021-07-13;Observações;<p>ataxia de marcha e perda de forca nas pernas há 40 dias</p><p>queda há 2 meses</p><p></p><p>força g2 em MMII</p><p>mingazini negativo em MMSS</p><p></p><p>rm: HSDC frontal a esquerda de 1,5cm</p><p></p><p>cd: indico cirurgia</p>
16698328;OTILIA DEMETRIO;MARIANO;3041453;1;2021-07-13;Diagnóstico;
16698328;OTILIA DEMETRIO;MARIANO;3041453;2;2021-07-13;Prescrições;
16698328;OTILIA DEMETRIO;MARIANO;3041453;3;2021-07-13;ressonancia;
13154050;NELSON KIMIO;OGASAWARA;3051407;0;2021-07-14;Observações;
13154050;NELSON KIMIO;OGASAWARA;3051407;1;2021-07-14;Diagnóstico;
13154050;NELSON KIMIO;OGASAWARA;3051407;2;2021-07-14;Prescrições;
13154050;NELSON KIMIO;OGASAWARA;3051407;3;2021-07-14;ressonancia;
17499536;DOUGLAS MORETTI;DE CASTRO SANTOS;3436426;0;2021-08-18;Observações;<p>38 anos</p><p>dor lombar há 30 dias</p><p></p><p>sem irradiacao</p><p></p><p>RM sem compressao</p><p>disco preto L5-s1</p><p></p><p>cd: FST analgesia</p><p> se nao melhora bloqueio</p><p></p>
17499536;DOUGLAS MORETTI;DE CASTRO SANTOS;3436426;1;2021-08-18;Diagnóstico;
17499536;DOUGLAS MORETTI;DE CASTRO SANTOS;3436426;2;2021-08-18;Prescrições;
17499536;DOUGLAS MORETTI;DE CASTRO SANTOS;3436426;3;2021-08-18;ressonancia;
17761590;"José dos Santos ";Aguiar;3437172;0;2021-08-18;Observações;<p>José Aguiar, 63</p><p>Dor e parestesias em membros inferiores principalmente a esquerda, há 3 anos</p><p>piora com frio, melhora ao deambular</p><p></p><p>ao exame</p><p></p><p>hipoestesia em todo MIE</p><p>lasegue negativo</p><p>sem déficit de força aparente, caminha sob ponta dos pés e calcanhares</p><p></p><p>ENMG: alteração muscular pre ganglionar de L5 e S1 esquerda e L5 a direita.</p><p></p><p>cd: encaminho para avaliação com neurologia.</p><p></p><p></p>
17761590;"José dos Santos ";Aguiar;3437172;1;2021-08-18;Diagnóstico;
17761590;"José dos Santos ";Aguiar;3437172;2;2021-08-18;Prescrições;
17761590;"José dos Santos ";Aguiar;3437172;3;2021-08-18;ressonancia;
18296562;CLAUDIANE DE CASSIA;COSTA;3612653;0;2021-09-01;Observações;<p>47a</p><p></p><p>dores difusas após infecção por covd, MSE, MID, torácica e lombar</p><p></p><p>fez rx sem grandes alteraçoes</p><p></p><p>miopatia? polineuropatia?</p><p></p><p>pregabalina</p><p>oriento avaliação com neurologia para diagnóstico preciso</p>
18296562;CLAUDIANE DE CASSIA;COSTA;3612653;1;2021-09-01;Diagnóstico;
18296562;CLAUDIANE DE CASSIA;COSTA;3612653;2;2021-09-01;Prescrições;
18296562;CLAUDIANE DE CASSIA;COSTA;3612653;3;2021-09-01;ressonancia;
10733680;RODRIGO PIRES;DIAS;4006997;0;2021-10-06;Observações;<p>relata 1 episodio convulsivo porém não havia utilizado a medicação, sem outras queixas</p><p>muc: fenobarbital 200mg a noite</p><p></p><p>rm com glicose sem outras alterações </p><p>cd: mantenho medicamento</p><p>retorno 6 meses</p>
10733680;RODRIGO PIRES;DIAS;4006997;1;2021-10-06;Diagnóstico;
10733680;RODRIGO PIRES;DIAS;4006997;2;2021-10-06;Prescrições;
10733680;RODRIGO PIRES;DIAS;4006997;3;2021-10-06;ressonancia;
19722702;"Marta Carvalho ";Souza;4080779;0;2021-10-19;Observações;<p>30 anos</p><p></p><p>Fratura T12 - lombada</p><p>tratou com colete</p><p></p><p>relate dor ao fletir e extender a coluna, principalmente ao final do dia</p><p></p><p>TC de janeiro sem sinais de consolidação e com cifose</p><p></p><p>cd: panoramico e nova TC</p><p>pre op de corpectomia T12 e artrodese percutanea T11-l2</p>
19722702;"Marta Carvalho ";Souza;4080779;1;2021-10-19;Diagnóstico;
19722702;"Marta Carvalho ";Souza;4080779;2;2021-10-19;Prescrições;
19722702;"Marta Carvalho ";Souza;4080779;3;2021-10-19;ressonancia;
19723231;"Miriam Monteiro ";"Dongo ";4081496;0;2021-10-19;Observações;<p>Ciatalgia esquerdo trajo L5, inicio há 9 meses</p><p></p><p>historico de endometriose e hipotireoidismo</p><p></p><p>lasegue positivo</p><p>sem deficit neurologico</p><p></p><p>RM: hdl foramina esquerda L4-5</p><p></p><p>cd: discectomia percutanea</p>
19723231;"Miriam Monteiro ";"Dongo ";4081496;1;2021-10-19;Diagnóstico;
19723231;"Miriam Monteiro ";"Dongo ";4081496;2;2021-10-19;Prescrições;
19723231;"Miriam Monteiro ";"Dongo ";4081496;3;2021-10-19;ressonancia;
19868422;ROSANGELA APARECIDA;MUFAFATO;4145243;0;2021-10-25;Observações;"<p>Rosangela, 61 anos</p><p></p><p>Dor em quadril há 10 meses, fez infiltração há 3 meses porém sem melhora. Mais intensa a direita e em região inguinal</p><p></p><p>Dor é pior em repouso prolongado e ao levantar pela manha</p><p></p><p>Nao tem irradiação para membros inferiores</p><p></p><p>2009: hernia abdominal diagnosticou tumor de células claras de endométrio</p><p>ressecou musculatura abdominal baixa + histerectomia total 1 mês após este evento. Evoluiu com fístula intestinal fez colostomia e após reconstrução</p><p></p><p>Apos realizou quimioterapia, no meio do processo:</p><p></p><p>evoluiu com nova metátese em parede -&gt; nova cirurgia + fistula + correção de fistula intestinal</p><p></p><p>após evoluiu com dor lombar e deformidade - realizou artrodese L3-l5 (TLIF) </p><p></p><p>apresentou ainda 1 lesão renal que fez cirurgia - não sabe informar diagnóstico</p><p></p><p>ao exame</p><p></p><p>Dor piora a manobra de cruzar as perna e extender quadril - sacroilíacas?</p><p></p><p>RM com alterações em quadril bilateral e sugestivo de síndrome de impacto a direita</p><p></p><p>#A</p><p></p><p>alteração de quadril bilateral</p><p>sacroileite? RM nao compativel</p><p></p><p>cd: oriento infiltração de sacroiliaca direita e quadril a direita</p><p></p><p></p><p></p><p></p><p></p>"
19868422;ROSANGELA APARECIDA;MUFAFATO;4145243;1;2021-10-25;Diagnóstico;
19868422;ROSANGELA APARECIDA;MUFAFATO;4145243;2;2021-10-25;Prescrições;
19868422;ROSANGELA APARECIDA;MUFAFATO;4145243;3;2021-10-25;ressonancia;
19856354;"Flávia ";"Mendes de Carvalho ";4163883;0;2021-10-27;Observações;<p>47 anos</p><p></p><p>dor em região paraescapular a esquerdo há 5 meses</p><p></p><p>ao exame</p><p></p><p>sem dør em ombro a movimentação passiva e ativa e as manobras</p><p></p><p>cervical sem dør as movimentações e manobras</p><p></p><p>RM sem compressoes</p><p></p><p>dør a palpeçao de musculatura paraescapular a esquerda, porém leve</p><p></p><p># contratura dos redondos?</p><p></p><p>cd: miosan, acupuntura e fisioterapia</p><p></p>
19856354;"Flávia ";"Mendes de Carvalho ";4163883;1;2021-10-27;Diagnóstico;
19856354;"Flávia ";"Mendes de Carvalho ";4163883;2;2021-10-27;Prescrições;
19856354;"Flávia ";"Mendes de Carvalho ";4163883;3;2021-10-27;ressonancia;
19953748;Sandra Maria;Gonçalves Ferreira;4165260;0;2021-10-27;Observações;<p>dor em quadris principalmente a esquerda,</p><p>piora aos exercícios</p><p></p><p>ao exame</p><p></p><p>piora as manobras de sacroiliaca bilateral</p><p>piora a palpação de sacroiliacas bilateral</p><p>Patrick + a esquerda</p><p></p><p>RM: denegeracao e edema de sacroiliacas principalmente a direita</p><p></p><p>cd: FST e bloqueio se não melhora</p>
19953748;Sandra Maria;Gonçalves Ferreira;4165260;1;2021-10-27;Diagnóstico;
19953748;Sandra Maria;Gonçalves Ferreira;4165260;2;2021-10-27;Prescrições;
19953748;Sandra Maria;Gonçalves Ferreira;4165260;3;2021-10-27;ressonancia;
19723020;Sandra Lídia da Silva;Souza;4165665;0;2021-10-27;Observações;<p>51 anos</p><p></p><p>Dor cervical e lombar, mais intensa na lombar, há mais de 20 anos</p><p>pior na lombar</p><p></p><p>relata desvio de coluna desde infancia</p><p></p><p>pontos fibromialicos todos positivos</p><p></p><p>cd: panoramico e RM cervical e lombar + Reumatologista</p><p></p>
19723020;Sandra Lídia da Silva;Souza;4165665;1;2021-10-27;Diagnóstico;
19723020;Sandra Lídia da Silva;Souza;4165665;2;2021-10-27;Prescrições;
19723020;Sandra Lídia da Silva;Souza;4165665;3;2021-10-27;ressonancia;
19696784;Graziele;Mendes Lipari;4212690;0;2021-11-03;Observações;<p>Acidente automobilistico autox caminhao e TCE</p><p>teve fratura temporal a direita </p><p>relata cefaleia esporádica desde então</p><p></p><p>TC com fratura e pequeno afundamento,</p><p>artefatos (pedra)? Em subcutâneo</p><p></p><p>cd: oriento, retirada de artefatos se sinais de infecção</p>
19696784;Graziele;Mendes Lipari;4212690;1;2021-11-03;Diagnóstico;
19696784;Graziele;Mendes Lipari;4212690;2;2021-11-03;Prescrições;
19696784;Graziele;Mendes Lipari;4212690;3;2021-11-03;ressonancia;
20451762;"Romildo André Calazans ";"Pacífico ";4366692;0;2021-11-17;Observações;<p>48 anos</p><p></p><p>Dor em membro inferior a esquerda há 30 dias</p><p>regiao anterior e lateral da coxa esquerda</p><p>piora ao deambular</p><p></p><p>cd: RM lombar.</p>
20451762;"Romildo André Calazans ";"Pacífico ";4366692;1;2021-11-17;Diagnóstico;
20451762;"Romildo André Calazans ";"Pacífico ";4366692;2;2021-11-17;Prescrições;
20451762;"Romildo André Calazans ";"Pacífico ";4366692;3;2021-11-17;ressonancia;
20457815;FERNANDO RODRIGUES;NASCIMENTO;4384020;0;2021-11-18;Observações;<p>43 anos</p><p>lombociatalgia há 1 ano, pior há 2 meses</p><p>dor é em gluteo a direita até panturrilha - L5?</p><p>apresentou melhora após inicio de atividade fisica</p><p></p><p>RM: HDL l4-5</p><p></p><p>cd: manter atividade física, endoscopia se não melhora</p><p></p>
20457815;FERNANDO RODRIGUES;NASCIMENTO;4384020;1;2021-11-18;Diagnóstico;
20457815;FERNANDO RODRIGUES;NASCIMENTO;4384020;2;2021-11-18;Prescrições;
20457815;FERNANDO RODRIGUES;NASCIMENTO;4384020;3;2021-11-18;ressonancia;
20470864;RICARDO;HOLLER;4405430;0;2021-11-22;Observações;<p>RICARDO HOLLER, 64 anos</p><p>aposentado</p><p></p><p></p><p>dor cervical, lombar e cefaleia</p><p>desde adolescencia</p><p></p><p>1. cefaleia é pulsante, frontal e quando piora dor irradia para temporal também.</p><p></p><p></p><p>em uso de cannabis 18 gotas a noite - inicio há 8 meses</p><p>losartana 50mg</p><p>apneia do sono - nao esta usando cpap por não adaptação - relata insônia</p><p>cirurgia prévia de pectus escavaram</p><p></p><p>2. dor lombar é a mais intensa</p><p>de pé é pior</p><p>nao é pior quando deambula</p><p>nao tem relação com atividade física/período do dia.</p><p></p><p></p><p>ao exame</p><p></p><p>escoliose torrado-lombar concavidade a direita, ombros alinhados, discreta assimetria de cintura. pectus escavatum </p><p></p><p>#A Marfan?</p><p>Escoliose?</p><p></p><p>cd: RM de coluna lombar, rx panorâmico de coluna  e dinamico de lombar</p><p>fisioterapia</p><p>Encaminhar para cardiologista/cirurgiao cardíaco para investigação complementar</p>
20470864;RICARDO;HOLLER;4405430;1;2021-11-22;Diagnóstico;
20470864;RICARDO;HOLLER;4405430;2;2021-11-22;Prescrições;
20470864;RICARDO;HOLLER;4405430;3;2021-11-22;ressonancia;
19953748;Sandra Maria;Gonçalves Ferreira;4423675;0;2021-11-24;Observações;<p>panoramico sem grandes alterações com SVA preservado</p><p>quadril com artrose bilateral</p><p></p><p>cd: manter fisioterapia</p><p>bloqueio se nao melhora</p>
19953748;Sandra Maria;Gonçalves Ferreira;4423675;1;2021-11-24;Diagnóstico;
19953748;Sandra Maria;Gonçalves Ferreira;4423675;2;2021-11-24;Prescrições;
19953748;Sandra Maria;Gonçalves Ferreira;4423675;3;2021-11-24;ressonancia;
21081584;"Márcia Helena Torrentes ";"Silva Dallan ";4424323;0;2021-11-24;Observações;<p>dorsalgia com irradiação para tórax a direita, piora ao movimento rotacional, inicio há 1 semana.</p><p>Dor é em aperto e continua.</p><p>nega parestesias</p><p></p><p>cd: RM de coluna torácica</p>
21081584;"Márcia Helena Torrentes ";"Silva Dallan ";4424323;1;2021-11-24;Diagnóstico;
21081584;"Márcia Helena Torrentes ";"Silva Dallan ";4424323;2;2021-11-24;Prescrições;
21081584;"Márcia Helena Torrentes ";"Silva Dallan ";4424323;3;2021-11-24;ressonancia;
19723020;Sandra Lídia da Silva;Souza;4424625;0;2021-11-24;Observações;<p>relata piora das dores</p><p>principalmente lombar</p><p>RM com artrose facetária</p><p></p><p>cd: bloqueio facetario lombar</p>
19723020;Sandra Lídia da Silva;Souza;4424625;1;2021-11-24;Diagnóstico;
19723020;Sandra Lídia da Silva;Souza;4424625;2;2021-11-24;Prescrições;
19723020;Sandra Lídia da Silva;Souza;4424625;3;2021-11-24;ressonancia;
13154050;NELSON KIMIO;OGASAWARA;4449084;0;2021-11-29;Observações;<p>evoluindo com dor lombar intensa, </p><p></p><p>ao exame cifose toraco-lombar</p><p>nao esta usando sorteo</p><p></p><p></p><p>cd: Rm lombar e panorâmico</p><p>reitero necessidade do uso de forteo</p>
13154050;NELSON KIMIO;OGASAWARA;4449084;1;2021-11-29;Diagnóstico;
13154050;NELSON KIMIO;OGASAWARA;4449084;2;2021-11-29;Prescrições;
13154050;NELSON KIMIO;OGASAWARA;4449084;3;2021-11-29;ressonancia;
21307342;Norma;Gomes de Lima;4449541;0;2021-11-29;Observações;<p>NORMA GOMES DE LIMA </p><p></p><p>64 anos</p><p></p><p>Dor lombar aguda há 1 dia</p><p>já teve 2 episódios prévios</p><p></p><p>sem irradiação</p><p>sem sinais de alarme</p><p>não faz uso de medicações de uso continuo </p><p></p><p>ao exame com contratura paravertebral a esquerda.</p><p></p><p>cd: analgesia, oriento</p><p>rx ap + p</p><p></p>
21307342;Norma;Gomes de Lima;4449541;1;2021-11-29;Diagnóstico;
21307342;Norma;Gomes de Lima;4449541;2;2021-11-29;Prescrições;
21307342;Norma;Gomes de Lima;4449541;3;2021-11-29;ressonancia;
20222877;CLAUDIA FRANCISCA;DE PAULA;4449753;0;2021-11-29;Observações;<p>PO ALIF L5-S1 STAND ALONE</p><p></p><p>for lombar e irradiação para trajeto de L5 a esquerda</p><p>RM com estenose de forame L5-s1 esquerda</p><p>rx com escoliose lombar de 17 graus</p><p></p><p>pregabalin 75mg 12/12h</p><p>aumento para 150mg 1212h</p><p>retorno 3 meses</p>
20222877;CLAUDIA FRANCISCA;DE PAULA;4449753;1;2021-11-29;Diagnóstico;
20222877;CLAUDIA FRANCISCA;DE PAULA;4449753;2;2021-11-29;Prescrições;
20222877;CLAUDIA FRANCISCA;DE PAULA;4449753;3;2021-11-29;ressonancia;
19335259;"Lucineite Carvalho ";Sousa;4466732;0;2021-12-01;Observações;<p>35 ANOS, faxineira</p><p></p><p>dorsalgia e lipoma dorsal</p><p></p><p>cd: encaminho para cirurgia geral para retirada de lipoma</p><p>analgesia</p><p></p><p></p>
19335259;"Lucineite Carvalho ";Sousa;4466732;1;2021-12-01;Diagnóstico;
19335259;"Lucineite Carvalho ";Sousa;4466732;2;2021-12-01;Prescrições;
19335259;"Lucineite Carvalho ";Sousa;4466732;3;2021-12-01;ressonancia;
20451762;"Romildo André Calazans ";"Pacífico ";4467198;0;2021-12-01;Observações;<p>ciatalgia esquerda,  já em remissao</p><p></p><p>rm com estenose leve l3-4 e l4-5</p><p></p><p>cd: oriento</p><p></p>
20451762;"Romildo André Calazans ";"Pacífico ";4467198;1;2021-12-01;Diagnóstico;
20451762;"Romildo André Calazans ";"Pacífico ";4467198;2;2021-12-01;Prescrições;
20451762;"Romildo André Calazans ";"Pacífico ";4467198;3;2021-12-01;ressonancia;
21371881;LUIZ;GONÇALVES FERREIRA;4476716;0;2021-12-02;Observações;<p>LUIZ GONÇALVES FERREIRA, 64</p><p>DOR CERVICAL E LOMBAR</p><p></p><p>TEM IRRADIACAO PARA MMII, PIOR A DIREITA</p><p>RELATA AINDA DIFICULDADE DE MOBILIZAÇAO</p><p></p><p>AO EXAME</p><p>HOFFMANN BILATERAL, REFLEXOS GRAU 2 , SEM PERDA DE FORÇA APARENTE</p><p>ABOTOA CAMISA SEM DIFICULDADE</p><p></p><p>TC LOMBAR COM DOENÇA DEGENERATIVA DIFUSA E MULTIPLOS OSTEOFITOS</p><p></p><p>CD: RM DE CERVICAL E LOMBAR</p><p>SE AUSENCIA DE COMPRESSAO CONSIDERAR BLOQUEIO</p>
21371881;LUIZ;GONÇALVES FERREIRA;4476716;1;2021-12-02;Diagnóstico;
21371881;LUIZ;GONÇALVES FERREIRA;4476716;2;2021-12-02;Prescrições;
21371881;LUIZ;GONÇALVES FERREIRA;4476716;3;2021-12-02;ressonancia;
21371838;PEDRO;FERNANDES PEREIRA;4477073;0;2021-12-02;Observações;<p>PEDRO FERNANDES PEREIRA, 56 ANOS</p><p>DORSALGIA - PORCAO ALTA DA TORACICA E BASE DA CERVICAL, SEM IRRADIACAO</p><p></p><p>AO EXAME</p><p></p><p>SEM DEFORMIDADES APARENTES - HIPERCIFOSE?</p><p></p><p>CD: RM COLUNA CERVICAL E RX PANORÂMICO</p><p>MIOSAN</p>
21371838;PEDRO;FERNANDES PEREIRA;4477073;1;2021-12-02;Diagnóstico;
21371838;PEDRO;FERNANDES PEREIRA;4477073;2;2021-12-02;Prescrições;
21371838;PEDRO;FERNANDES PEREIRA;4477073;3;2021-12-02;ressonancia;
21371737;NELMA;LUCIA DE OLIVEIRA;4477272;0;2021-12-02;Observações;<p>NELMA LUCIA DE OLIVEIRA, 69</p><p></p><p>LOMBOCIATALGIA A ESQUERDA HÁ 2 ANOS, PIOR HÁ 7 MESES</p><p></p><p>CLAUDICACAO PARA 50 METROS</p><p></p><p>CD: INFILTRACAO FORAMINAL</p>
21371737;NELMA;LUCIA DE OLIVEIRA;4477272;1;2021-12-02;Diagnóstico;
21371737;NELMA;LUCIA DE OLIVEIRA;4477272;2;2021-12-02;Prescrições;
21371737;NELMA;LUCIA DE OLIVEIRA;4477272;3;2021-12-02;ressonancia;
21516546;CLAUDIA;DE LUREDES APARECIDA ZONTA;4477708;0;2021-12-02;Observações;<p>CLAUDIA ZONTA, 49 ANOS</p><p></p><p>LOMBOCITALGIA A DIREITA HÁ 7 ANOS, PIORA HÁ 12 MESES.</p><p>TEM CLAUDICAÇAO PARA 100 METROS - DOR EM PERNA DIREITA</p><p></p><p>RM COM PROTRUSAO DISCAL L5-S1 E ESTENOSE DE FORAME L5 DIREITA</p><p>LASEGUE POSITIVO</p><p></p><p>CD: BLOQUEIO FORAMINAL E DISCECTOMIA PERCUTANEA</p>
21516546;CLAUDIA;DE LUREDES APARECIDA ZONTA;4477708;1;2021-12-02;Diagnóstico;
21516546;CLAUDIA;DE LUREDES APARECIDA ZONTA;4477708;2;2021-12-02;Prescrições;
21516546;CLAUDIA;DE LUREDES APARECIDA ZONTA;4477708;3;2021-12-02;ressonancia;
21371396;MARIA;DE FATIMA CORREIA;4478602;0;2021-12-02;Observações;<p>MARIA DE FATIMA CORREIA, 59 ANOS</p><p></p><p>DOR CERVICAL, MAIOR A ESQUERDA, RELATA FIBROMIALGIA</p><p>JA FEZ BLOQUEIO COM MELHORA DOS SINTOMAS</p><p></p><p>MUC: GARDENAL E BROMAZEPAM - EPILEPSIA</p><p>HAS - LOSARTANA E HCTZ</p><p>SYNTROID 100MCG - HIPOTIREOIDISMO</p><p></p><p>CD: BLOQUEIO FACETÁRIO CERVICAL</p>
21371396;MARIA;DE FATIMA CORREIA;4478602;1;2021-12-02;Diagnóstico;
21371396;MARIA;DE FATIMA CORREIA;4478602;2;2021-12-02;Prescrições;
21371396;MARIA;DE FATIMA CORREIA;4478602;3;2021-12-02;ressonancia;
21371634;LUCIA;FERREIRA DE ANDRADE;4478627;0;2021-12-02;Observações;<p>LUCIA FERREIRA DE ANDRADE, 58 ANOS</p><p></p><p>DOR CERVICAL E IRRADIACAO PARA MEMBROS SUPERIORES</p><p>DOR LOMBAR E IRRADIACAO PARA MIE</p><p></p><p>SEM MELHORAS COM FISIOTERAPIA</p><p></p><p>HISTORIA PRÉVIA DE TUNEL DO CARPO BILATERAL</p><p></p><p>NAO TROUXE RM</p><p></p><p>RETORNO COM RM.</p>
21371634;LUCIA;FERREIRA DE ANDRADE;4478627;1;2021-12-02;Diagnóstico;
21371634;LUCIA;FERREIRA DE ANDRADE;4478627;2;2021-12-02;Prescrições;
21371634;LUCIA;FERREIRA DE ANDRADE;4478627;3;2021-12-02;ressonancia;
21371298;WAGNER;DE MORAES ELESBAO;4479416;0;2021-12-02;Observações;<p>Wagner de Mores Elesbao, 35 anos</p><p></p><p>Dor lombar há 2 anos.</p><p>discreto desvio de coluna toracica para direita</p><p></p><p>cd: panoramico e RM lombar</p>
21371298;WAGNER;DE MORAES ELESBAO;4479416;1;2021-12-02;Diagnóstico;
21371298;WAGNER;DE MORAES ELESBAO;4479416;2;2021-12-02;Prescrições;
21371298;WAGNER;DE MORAES ELESBAO;4479416;3;2021-12-02;ressonancia;
21666112;"Carlos Roberto ";Lopes;4605284;0;2021-12-08;Observações;<p>75 anos,</p><p>1Dor cervical e perda de força e mobilidade das maos que eventualmente travam</p><p>2 Dor lombar com claudicaçao para 500 metros</p><p></p><p>dm e angioplastia coronariana</p><p></p><p>ao exame</p><p>Hoffmann negativo, sem perda de força ou sensibilidade</p><p>reflexos grau 2</p><p>marcha atipica</p><p></p><p>RM: 2 hernias cervicas - indico procedimento</p><p>RM Lombar: estenose L4-s1</p><p></p><p>cd: indico ACDF - prefere não realizar procedimento</p><p>Lombar: indico infiltração - irá pensar</p><p>Rx panoramico e dinamico e retorno com exame</p><p></p>
21666112;"Carlos Roberto ";Lopes;4605284;1;2021-12-08;Diagnóstico;
21666112;"Carlos Roberto ";Lopes;4605284;2;2021-12-08;Prescrições;
21666112;"Carlos Roberto ";Lopes;4605284;3;2021-12-08;ressonancia;
20470864;RICARDO;HOLLER;4617996;0;2021-12-09;Observações;<p>Retorna com exames</p><p></p><p>escoliose lombar convexidade direita de 28 graus</p><p>RM cervical: estenose c5-6 porem sem grande hernia</p><p>RM lombar: DDD grave L5-s1</p><p></p><p>Nao deseja fazer bloqueio cervical para dor</p><p>prescrevo amitril para cefaleia</p><p>Novo rx panoramico em 2 anos para acompanhamento de escoliose</p><p>já irá fazer ecocardiograma com cardiologista</p><p></p>
20470864;RICARDO;HOLLER;4617996;1;2021-12-09;Diagnóstico;
20470864;RICARDO;HOLLER;4617996;2;2021-12-09;Prescrições;
20470864;RICARDO;HOLLER;4617996;3;2021-12-09;ressonancia;
22028221;JOÃO FRANCISCO;DE SOUZA;4637354;0;2021-12-13;Obse4rvações;<p>42 ANOS, ELETRICISTA</p><p></p><p>DOR E FORMIGAMENTO EM MÃO DIREITA, PRINCIPALMENTE A NOITE E PIORA COM ATIVIDADE LABORAL</p><p>PERDA DE MOVIMENTO DA MÃO A DIREITA</p><p>HÁ 2 ANOS</p><p></p><p>HIPOESTESIA EM TRAJETO DE MEDIANO NA MAO PRINCIPALMENTE EM 3 QUIRODÁCTILO</p><p>PERDA DA FORÇA PARA PINÇA -  INVERSAO POLEGAR</p><p></p><p>TINEL POSITIVO A DIREITA</p><p></p><p>ENMG: STC GRAVE A DIREITA.</p><p></p><p>INDICO CIRURGIA</p>
22028221;JOÃO FRANCISCO;DE SOUZA;4637354;1;2021-12-13;Diagnóstico;
22028221;JOÃO FRANCISCO;DE SOUZA;4637354;2;2021-12-13;Prescrições;
22028221;JOÃO FRANCISCO;DE SOUZA;4637354;3;2021-12-13;ressonancia;
22076633;THIAGO;PEREIRA DUARTE;4675001;0;2021-12-16;Observações;<p>dor lombar refrataria</p><p></p><p></p><p>sem irradiacao</p><p></p><p>melhora com bloqueio ha 2 anos</p><p></p><p>indico rizotomia</p><p>prep e nova RM</p>
22076633;THIAGO;PEREIRA DUARTE;4675001;1;2021-12-16;Diagnóstico;
22076633;THIAGO;PEREIRA DUARTE;4675001;2;2021-12-16;Prescrições;<p></p>
22076633;THIAGO;PEREIRA DUARTE;4675001;3;2021-12-16;ressonancia;
22076656;NEUSA;INACIO;4675284;0;2021-12-16;Observações;<p>81 anos</p><p>dør ombar e cervical</p><p></p><p>po artrodese ha 20 anos</p><p>laminectomia em 2018</p><p></p><p>DM</p><p>HAS</p><p>OSTEPOROSE?</p><p></p><p>DIAMICRON MR 60 2X</p><p>MESINAPIL 25/30 1X</p><p>GLIFAGE XR500 1X</p><p>ANLODIPINO 5MG 1X</p><p>WALSARTANA 160MG 1X</p><p>AAS PROTECT</p><p>AMITRIL 25MG NOITE</p><p>DULOXETINA 60MG AO DIA</p><p>VITAMINA D</p><p></p><p>AO EXAME</p><p>INCLINACAO ANTERIOR DE TRONCO</p><p>SEM ESCOLIOSE APARENTE ADAMS NEGATIVO E TALLE SIMETRICO</p><p>OMBROS ALINHADOS</p><p></p><p>LABS COM VITAMINA D 37 - NORMAL E HB DE 11,6</p><p>SEM OUTRAS ALTERAÇOES</p><p></p><p>CD: PANORAMICO, NOVA RM E DENSITOMETRIA.</p>
22076656;NEUSA;INACIO;4675284;1;2021-12-16;Diagnóstico;
22076656;NEUSA;INACIO;4675284;2;2021-12-16;Prescrições;
22076656;NEUSA;INACIO;4675284;3;2021-12-16;ressonancia;
22076595;TAMIRES;SANTANA SOUSA;4675549;0;2021-12-16;Observações;<p>29 anos</p><p>dorsalgia há 8 anos</p><p>fez investigação ha 1 ano que identificou lesão intracanal extramedular porém não laudada na RM</p><p></p><p>ao exame</p><p>sem estigmas de deformidade</p><p>manchas cafe com leite multiplas</p><p></p><p>neurofibromatose?</p><p></p><p>cd: RM neuroeixo e rx panoramico</p>
22076595;TAMIRES;SANTANA SOUSA;4675549;1;2021-12-16;Diagnóstico;
22076595;TAMIRES;SANTANA SOUSA;4675549;2;2021-12-16;Prescrições;
22076595;TAMIRES;SANTANA SOUSA;4675549;3;2021-12-16;ressonancia;
22076683;ANTONIO;EDSON DE LIMA;4675958;0;2021-12-16;Observações;<p>62</p><p>Dor lombar e irradiação para membros inferiores, pior a esquerda</p><p>melhora apenas deitado</p><p></p><p>HAS LOSARTANA 50MG 2X DIAMICRON 2X DIA METFORMINA 850MG 3X</p><p></p><p>tc rx e rm com listse congenita L5-s1</p><p></p><p>cd: labs para alif L5-S1</p><p>densitometria - fratura L1 a esclarecer</p><p>rx panoramico</p><p>avaliacao cardiologica</p>
22076683;ANTONIO;EDSON DE LIMA;4675958;1;2021-12-16;Diagnóstico;
22076683;ANTONIO;EDSON DE LIMA;4675958;2;2021-12-16;Prescrições;
22076683;ANTONIO;EDSON DE LIMA;4675958;3;2021-12-16;ressonancia;
22076793;MILTON;DA SILVA GOMES;4676257;0;2021-12-16;Observações;<p>82 anos</p><p>DORSALGIA POS HERPETICA, SEM MELHORA COM BLOQUEIO</p><p>JÁ EM USO DE DIVERSAS MEDICAÇOES</p><p></p>
22076793;MILTON;DA SILVA GOMES;4676257;1;2021-12-16;Diagnóstico;
22076793;MILTON;DA SILVA GOMES;4676257;2;2021-12-16;Prescrições;
22076793;MILTON;DA SILVA GOMES;4676257;3;2021-12-16;ressonancia;
22076758;ANTONIO;LAZARO DE JESUS;4676829;0;2021-12-16;Observações;<p>35 anos, trabalha com aviaçao</p><p></p><p>DOr lombar ha 30 dias</p><p>sem irradiacao</p><p></p><p>cd: RM</p>
22076758;ANTONIO;LAZARO DE JESUS;4676829;1;2021-12-16;Diagnóstico;
22076758;ANTONIO;LAZARO DE JESUS;4676829;2;2021-12-16;Prescrições;
22076758;ANTONIO;LAZARO DE JESUS;4676829;3;2021-12-16;ressonancia;<p>Ressonancia de coluna lombar</p><p></p>
22808151;Julia;Bernardes Ribeiro;5011138;0;2022-01-12;Observações;<p>27 anos</p><p>lombalgia e ciatalgia a direita - S1? parte posterior da perna direita.</p><p>inicio 1 ano, pior 3 meses</p><p></p><p>lasagne negativo</p><p>hipoestesia S1 a direita</p><p></p><p>RM: hernia de disco L5-s1 central grande</p><p></p><p>cd: indico discectomia L5-S1.</p>
22808151;Julia;Bernardes Ribeiro;5011138;1;2022-01-12;Diagnóstico;
22808151;Julia;Bernardes Ribeiro;5011138;2;2022-01-12;Prescrições;
22808151;Julia;Bernardes Ribeiro;5011138;3;2022-01-12;ressonancia;
23061848;"Fernando ";Bitencourt;5011476;0;2022-01-12;Observações;<p>34 anos</p><p>dor lombar sem irradiação específica, inicio há 60 dias</p><p>piora ao fletir a coluna </p><p></p><p></p><p>cd: RM LOMBAR</p>
23061848;"Fernando ";Bitencourt;5011476;1;2022-01-12;Diagnóstico;
23061848;"Fernando ";Bitencourt;5011476;2;2022-01-12;Prescrições;
23061848;"Fernando ";Bitencourt;5011476;3;2022-01-12;ressonancia;
21081584;"Márcia Helena Torrentes ";"Silva Dallan ";5012881;0;2022-01-12;Observações;<p>MARCIA HELENA, 45 ANOS</p><p></p><p>DORSALGIA COM IRRADIACAO PARA TORAX A DIREITA EMBAIXO DO PEITO T6?</p><p></p><p>RM COM PEQUENA POTRUSAO T7-8</p><p>NAO RESULTADO COM TOPERMA</p><p></p><p>JÁ ESTA MELHOR DA DOR, TEVE DOR POR 2 MESES</p><p></p><p>RM AINDA COM PEQUENO DESVIO ESCOLIOTICO</p><p></p><p>CD: ORIENTO, CONSIDERAR BLOQUEIO SE RETORNO DA DOR</p><p>PANORAMICO PARA ESCOLIOSE</p><p>RPG</p>
21081584;"Márcia Helena Torrentes ";"Silva Dallan ";5012881;1;2022-01-12;Diagnóstico;
21081584;"Márcia Helena Torrentes ";"Silva Dallan ";5012881;2;2022-01-12;Prescrições;
21081584;"Márcia Helena Torrentes ";"Silva Dallan ";5012881;3;2022-01-12;ressonancia;
22076683;ANTONIO;EDSON DE LIMA;5075250;0;2022-01-20;Observações;<p>62 anos</p><p>Dor lombar e irradiação para MMII principalmente a esquerda</p><p></p><p>RM e RX com fratura L1 e espondilolistese L5-s1</p><p>sem escoliose, SVA normal</p><p></p><p>Densitometria com -3.2 de desvio padrão - osteoporose</p><p></p><p>indico ALIF L5-S1 + parafuso com cimento.</p><p></p><p>Convenio: next</p><p></p><p></p>
22076683;ANTONIO;EDSON DE LIMA;5075250;1;2022-01-20;Diagnóstico;
22076683;ANTONIO;EDSON DE LIMA;5075250;2;2022-01-20;Prescrições;
22076683;ANTONIO;EDSON DE LIMA;5075250;3;2022-01-20;ressonancia;
23850284;ANTONIO;CARLOS ERCHENBERGER;5075390;0;2022-01-20;Observações;<p>DOR CERVICAL E IRRADIAÇÃO PARA MEMBRO SUPERIOR DIREITO ATÉ 1 E 2 QUIRODÁCTILO</p><p></p><p>AO EXAME</p><p>PERDA DE FORÇA PARA OPOSICAO POLEGAR E ADUCAO POLEGAR - GRAU 4</p><p>FLEXAO E EXTENSAO DO BRAÇO GRAU 4</p><p></p><p>RM RETIFICACAO E HERNIA C3-4 E C4-5</p><p></p><p>PREOP PARA ACDF 2 NIVEIS</p><p></p><p>CONVENIO: NEXT</p>
23850284;ANTONIO;CARLOS ERCHENBERGER;5075390;1;2022-01-20;Diagnóstico;
23850284;ANTONIO;CARLOS ERCHENBERGER;5075390;2;2022-01-20;Prescrições;
23850284;ANTONIO;CARLOS ERCHENBERGER;5075390;3;2022-01-20;ressonancia;
23850321;MARCOS;ROBERTO DE SOUSA;5075520;0;2022-01-20;Observações;<p>48 anos</p><p>for lombar e cervical</p><p>for irradia para coxa direita lateral e cervical para ombro esquerdo</p><p></p><p>Rm: estenose c4-5 e C5-6</p><p>lombar: ddd l5-s1 e degeneração facetaria</p><p></p><p>cd: infiltracao lombar e ACDF, peço pre op para ACDF primeiro</p><p></p><p></p><p>www.hcc.com.br</p><p>login: HCC-120249</p><p>SENHA: HCC10722805</p><p></p>
23850321;MARCOS;ROBERTO DE SOUSA;5075520;1;2022-01-20;Diagnóstico;
23850321;MARCOS;ROBERTO DE SOUSA;5075520;2;2022-01-20;Prescrições;
23850321;MARCOS;ROBERTO DE SOUSA;5075520;3;2022-01-20;ressonancia;
23850430;IZAIAS;PEREIRA CARDOSO;5075867;0;2022-01-20;Observações;<p>for lombar e quadris e dorsal alta.</p><p>irradiacao para MSD.</p><p></p><p>cd: Rm de coluna lombar e coluna dorsal</p>
23850430;IZAIAS;PEREIRA CARDOSO;5075867;1;2022-01-20;Diagnóstico;
23850430;IZAIAS;PEREIRA CARDOSO;5075867;2;2022-01-20;Prescrições;
23850430;IZAIAS;PEREIRA CARDOSO;5075867;3;2022-01-20;ressonancia;
23850488;LEONI;AP FERREIRA SOARES;5076117;0;2022-01-20;Observações;<p>35 anos</p><p>dorsalgia e crises de cervicalgia</p><p>sem irradiação para MMSS, porem irradia para ambos os ombros</p><p></p><p>RM: 3 hernias cervicais</p><p>sugestiva de hipercifose</p><p></p><p>cd: panoramico, nova RM cervical e rx cervcial para definir níveis</p>
23850488;LEONI;AP FERREIRA SOARES;5076117;1;2022-01-20;Diagnóstico;
23850488;LEONI;AP FERREIRA SOARES;5076117;2;2022-01-20;Prescrições;
23850488;LEONI;AP FERREIRA SOARES;5076117;3;2022-01-20;ressonancia;
23850516;ANTONIO;CARLOS GOMES;5076371;0;2022-01-20;Observações;<p>65 ANOS</p><p>DOR CERVICAL E IRRADIACAO PARA OMBROS</p><p></p><p>RM CERVICAL, MIOSAN</p>
23850516;ANTONIO;CARLOS GOMES;5076371;1;2022-01-20;Diagnóstico;
23850516;ANTONIO;CARLOS GOMES;5076371;2;2022-01-20;Prescrições;
23850516;ANTONIO;CARLOS GOMES;5076371;3;2022-01-20;ressonancia;
24051701;EPITLANIA;LINS SALOMÃO MELO;5153015;0;2022-01-27;Observações;<p>34 anos</p><p></p><p>hernia de disco lombar e cervical</p><p></p><p>cervical está mais intensa</p><p></p><p>tem ciático eventual em MID</p><p></p><p>solicito nova RM cervical e lombar</p>
24051701;EPITLANIA;LINS SALOMÃO MELO;5153015;1;2022-01-27;Diagnóstico;
24051701;EPITLANIA;LINS SALOMÃO MELO;5153015;2;2022-01-27;Prescrições;
24051701;EPITLANIA;LINS SALOMÃO MELO;5153015;3;2022-01-27;ressonancia;
24641055;MARIZETE;ALVES DE OLIVEIRA;5197596;0;2022-02-03;Observações;<p>67 anos</p><p></p><p>dores em MMII e choque em pé direito e edema em pé direito</p><p>relata 3 meses de UTI por COVID</p><p>relata ainda dores em membros superiores</p><p></p><p>historia de lombalgia previa</p><p></p><p>cd: nova RM lombar e cervical</p><p></p><p>sem celular - tel memed ficticio</p>
24641055;MARIZETE;ALVES DE OLIVEIRA;5197596;1;2022-02-03;Diagnóstico;
24641055;MARIZETE;ALVES DE OLIVEIRA;5197596;2;2022-02-03;Prescrições;
24641055;MARIZETE;ALVES DE OLIVEIRA;5197596;3;2022-02-03;ressonancia;
22076656;NEUSA;INACIO;5197687;0;2022-02-03;Observações;<p>lombalgia</p><p>pos op de artrodese l4-s1</p><p></p><p>Rm com estenose L3-4 e hernia grande</p><p></p><p>solicito pre op para bloqueio e endoscopia l3-4</p><p>se nao melhora LLIF 3-4.</p>
22076656;NEUSA;INACIO;5197687;1;2022-02-03;Diagnóstico;
22076656;NEUSA;INACIO;5197687;2;2022-02-03;Prescrições;<p></p><p>hemograma</p><p>glicemia jejum</p><p>sodio</p><p>potassio</p><p>ureia</p><p>creatinina</p><p>tp</p><p>kptt </p>
22076656;NEUSA;INACIO;5197687;3;2022-02-03;ressonancia;
24645152;KETLEEN;NAIR DOS SANTOS;5197958;0;2022-02-03;Observações;<p>19 anos</p><p>lombalgia e irradiação MID com perda de força</p><p></p><p>ao exame</p><p>força g3 para dorsifleêxao do pé e halux</p><p>hipoestesia l5 a direita</p><p></p><p>RM: hernia foraminal a direita L5-S1</p><p>e hernia central L4-5</p><p></p><p>cd: discectomia endoscopica l5-s1 a direita</p>
24645152;KETLEEN;NAIR DOS SANTOS;5197958;1;2022-02-03;Diagnóstico;
24645152;KETLEEN;NAIR DOS SANTOS;5197958;2;2022-02-03;Prescrições;<p></p><p></p>
24645152;KETLEEN;NAIR DOS SANTOS;5197958;3;2022-02-03;ressonancia;
24642494;LAURA;BALEEIRO G MARTINS;5198293;0;2022-02-03;Observações;<p>58 anos</p><p>escoliose prévia</p><p></p><p>dor lombar cronica</p><p></p><p>losartana 50mg </p><p>Pregabalina 150mg 12/12h</p><p>Levosini - dormir</p><p>Clifermin - menopausa</p><p>RM com escoliose lombar grave e fusão - tuberculose previa?</p><p></p><p>solicito rx + tomografia</p>
24642494;LAURA;BALEEIRO G MARTINS;5198293;1;2022-02-03;Diagnóstico;
24642494;LAURA;BALEEIRO G MARTINS;5198293;2;2022-02-03;Prescrições;
24642494;LAURA;BALEEIRO G MARTINS;5198293;3;2022-02-03;ressonancia;
24643068;JESSICA;BRANQUINHO DE SOUSA;5198642;0;2022-02-03;Observações;<p>28 anos</p><p>escoliose previa - sic</p><p>dorsalgia e lombalgia </p><p></p><p>Adams negativo</p><p>ombros alinhados</p><p></p><p>solicito rx panoramico</p><p>RM lombar</p>
24643068;JESSICA;BRANQUINHO DE SOUSA;5198642;1;2022-02-03;Diagnóstico;
24643068;JESSICA;BRANQUINHO DE SOUSA;5198642;2;2022-02-03;Prescrições;
24643068;JESSICA;BRANQUINHO DE SOUSA;5198642;3;2022-02-03;ressonancia;
24644221;MARIA;HELIA DE OLIVEIRA;5198760;0;2022-02-03;Observações;<p>47 anos</p><p></p><p>dor lombar</p><p></p><p>rx com escoliose</p><p></p><p>solicito panoramico e RM lombar</p>
24644221;MARIA;HELIA DE OLIVEIRA;5198760;1;2022-02-03;Diagnóstico;
24644221;MARIA;HELIA DE OLIVEIRA;5198760;2;2022-02-03;Prescrições;
24644221;MARIA;HELIA DE OLIVEIRA;5198760;3;2022-02-03;ressonancia;
24733889;JULIANA;LEMEZ PEREIRA RANDI BENTO;5198957;0;2022-02-03;Observações;<p>33 anos</p><p></p><p>lombalgia e irradiação para MIE</p><p></p><p>RM: HDL L5-S1</p><p></p><p>cd: preop endoscopia</p>
24733889;JULIANA;LEMEZ PEREIRA RANDI BENTO;5198957;1;2022-02-03;Diagnóstico;
24733889;JULIANA;LEMEZ PEREIRA RANDI BENTO;5198957;2;2022-02-03;Prescrições;
24733889;JULIANA;LEMEZ PEREIRA RANDI BENTO;5198957;3;2022-02-03;ressonancia;
24643504;ADILSON;VIEIRA DIAS;5199493;0;2022-02-03;Observações;<p>ADILSON, 61 ANOS</p><p></p><p></p>
24643504;ADILSON;VIEIRA DIAS;5199493;1;2022-02-03;Diagnóstico;
24643504;ADILSON;VIEIRA DIAS;5199493;2;2022-02-03;Prescrições;
24643504;ADILSON;VIEIRA DIAS;5199493;3;2022-02-03;ressonancia;
21371881;LUIZ;GONÇALVES FERREIRA;5199714;0;2022-02-03;Observações;<p>DOR LOMBAR E CERVICAL HA 15 ANOS</p><p></p><p>COM CLAUDICACAO PRA 50 METROS</p><p></p><p>TC COM ESTENOSE LOMBAR, LAUDO RM COM ESTENOSE - NAO TROUXE EXAME</p><p></p><p>SOLICITO PRE OP, AVALIAÇÀO CARDIOLOGISTA, RX DINAMICO</p><p></p><p>PROVAVEL ALIF L2-L5</p>
21371881;LUIZ;GONÇALVES FERREIRA;5199714;1;2022-02-03;Diagnóstico;
21371881;LUIZ;GONÇALVES FERREIRA;5199714;2;2022-02-03;Prescrições;
21371881;LUIZ;GONÇALVES FERREIRA;5199714;3;2022-02-03;ressonancia;
24646074;PEDRO;MARCELINO ROCHA;5199759;0;2022-02-03;Observações;<p>36 ANOS</p><p></p><p>LOMBALGIA HÁ 3 ANOS</p><p>RM SEM ESTENOSE</p><p>SEM LAUDO</p><p>DESVIO LOMBAR - ESCOLIOSE?</p><p></p><p>SOLICITO NOVA RM, PROGRAMAR BLOQUEIO</p><p>PANORAMICO</p>
24646074;PEDRO;MARCELINO ROCHA;5199759;1;2022-02-03;Diagnóstico;
24646074;PEDRO;MARCELINO ROCHA;5199759;2;2022-02-03;Prescrições;
24646074;PEDRO;MARCELINO ROCHA;5199759;3;2022-02-03;ressonancia;
25344506;Paulo Leandro;Fernandes Soares;5244399;0;2022-02-09;Observações;
25344506;Paulo Leandro;Fernandes Soares;5244399;1;2022-02-09;Diagnóstico;
25344506;Paulo Leandro;Fernandes Soares;5244399;2;2022-02-09;Prescrições;
25344506;Paulo Leandro;Fernandes Soares;5244399;3;2022-02-09;ressonancia;
25520321;NEUSA;DE SOUZA BRASIL;5256170;0;2022-02-10;Observações;<p>NEUZA, 52 ANOS</p><p></p><p>DOR LOMBAR E CLAUDICAÇÃO PARA 50 METROS</p><p>INICIO HÁ 2 ANOS, PIOR HÁ 1 ANO</p><p></p><p>AO EXAME</p><p>HIPOESTESIA L5 ESQUERDA</p><p>LASEGUE NEGATIVO</p><p>DOR A FLEXOA E EXTENSAO DO TRONCO, PIOR A EXTENSÃO</p><p></p><p>RM: LISTESE E ESTENOSE L4-5 E DDD L5-S1</p><p></p><p>CD: ALIF L4-S1 </p>
25520321;NEUSA;DE SOUZA BRASIL;5256170;1;2022-02-10;Diagnóstico;
25520321;NEUSA;DE SOUZA BRASIL;5256170;2;2022-02-10;Prescrições;
25520321;NEUSA;DE SOUZA BRASIL;5256170;3;2022-02-10;ressonancia;
23850488;LEONI;AP FERREIRA SOARES;5319364;0;2022-02-17;Observações;<p>35 anos</p><p></p><p>dor cervical intensa refrataria, há 2 anos</p><p>dirige por até 30 minutos por consequência da dor.</p><p></p><p>rm: hernia c4-5, c5-6 e c6-7.</p><p></p><p>acdf: c4-5, c5-6 e c6-7.</p><p></p>
23850488;LEONI;AP FERREIRA SOARES;5319364;1;2022-02-17;Diagnóstico;
23850488;LEONI;AP FERREIRA SOARES;5319364;2;2022-02-17;Prescrições;
23850488;LEONI;AP FERREIRA SOARES;5319364;3;2022-02-17;ressonancia;
25974396;CLEONICE;LOPES MAGALHAES;5319482;0;2022-02-17;Observações;<p>55 anos</p><p></p><p>dores em todo corpo</p><p></p><p>mais intensa em cervical e ombros e lombar</p><p></p><p>cd: Rm lombar e cervical + labs</p>
25974396;CLEONICE;LOPES MAGALHAES;5319482;1;2022-02-17;Diagnóstico;
25974396;CLEONICE;LOPES MAGALHAES;5319482;2;2022-02-17;Prescrições;
25974396;CLEONICE;LOPES MAGALHAES;5319482;3;2022-02-17;ressonancia;
25974523;CRECENCIO;COLALILLO FILHO;5319620;0;2022-02-17;Observações;<p>75 anos</p><p>Dor lombar cronica</p><p></p><p>piora após esforço</p><p></p><p>claudicação para 50 metros</p><p></p><p>RM com estenose e listese</p><p></p><p>solicito nova RM rx e labs.</p><p>tentar bloqueio primeiro senao melhora artrodese</p>
25974523;CRECENCIO;COLALILLO FILHO;5319620;1;2022-02-17;Diagnóstico;
25974523;CRECENCIO;COLALILLO FILHO;5319620;2;2022-02-17;Prescrições;
25974523;CRECENCIO;COLALILLO FILHO;5319620;3;2022-02-17;ressonancia;
25974433;IVANEIDE;FARIA DE REZENDE;5320956;0;2022-02-17;Observações;<p>Ivaneide, 50 anos</p><p></p><p>Dor paravertebral esquerda e quadril esquerdo há 4 meses</p><p>piora a flexão anterior com pedra dobrada</p><p></p><p>sacro iliaca?</p><p></p><p>cd: bloqueio de facetas + sacro iliaca a esquerda</p>
25974433;IVANEIDE;FARIA DE REZENDE;5320956;1;2022-02-17;Diagnóstico;
25974433;IVANEIDE;FARIA DE REZENDE;5320956;2;2022-02-17;Prescrições;
25974433;IVANEIDE;FARIA DE REZENDE;5320956;3;2022-02-17;ressonancia;
25975785;ELISANDRA;AGNOLETTO;5321180;0;2022-02-17;Observações;
25975785;ELISANDRA;AGNOLETTO;5321180;1;2022-02-17;Diagnóstico;
25975785;ELISANDRA;AGNOLETTO;5321180;2;2022-02-17;Prescrições;
25975785;ELISANDRA;AGNOLETTO;5321180;3;2022-02-17;ressonancia;
25975692;EDIGLEI;DOS SANTOS MAGALHÃES;5321338;0;2022-02-17;Observações;<p>49 anos</p><p></p><p>dor lombar e cervical</p><p></p><p>solicito RM</p>
25975692;EDIGLEI;DOS SANTOS MAGALHÃES;5321338;1;2022-02-17;Diagnóstico;
25975692;EDIGLEI;DOS SANTOS MAGALHÃES;5321338;2;2022-02-17;Prescrições;
25975692;EDIGLEI;DOS SANTOS MAGALHÃES;5321338;3;2022-02-17;ressonancia;
25975753;SARA;BARROSO;5321476;0;2022-02-17;Observações;<p>64 anos</p><p></p><p>dor lombar há 10 anos</p><p></p><p>piora com atividade</p><p>limitada para atividades da vida diária</p><p></p><p>solicito ressonância</p><p></p>
25975753;SARA;BARROSO;5321476;1;2022-02-17;Diagnóstico;
25975753;SARA;BARROSO;5321476;2;2022-02-17;Prescrições;
25975753;SARA;BARROSO;5321476;3;2022-02-17;ressonancia;
25975982;DANIELE;SIMETTE MARTORANO;5321769;0;2022-02-17;Observações;
25975982;DANIELE;SIMETTE MARTORANO;5321769;1;2022-02-17;Diagnóstico;
25975982;DANIELE;SIMETTE MARTORANO;5321769;2;2022-02-17;Prescrições;
25975982;DANIELE;SIMETTE MARTORANO;5321769;3;2022-02-17;ressonancia;
26369858;SONIA;MARIA DOS SANTOS COSTA;5483842;0;2022-02-24;Observações;
26369858;SONIA;MARIA DOS SANTOS COSTA;5483842;1;2022-02-24;Diagnóstico;
26369858;SONIA;MARIA DOS SANTOS COSTA;5483842;2;2022-02-24;Prescrições;
26369858;SONIA;MARIA DOS SANTOS COSTA;5483842;3;2022-02-24;ressonancia;
26828757;KATHLEEN NAIR DOS;SANTOS;5670929;0;2022-03-10;Observações;<p>melhora da dor e da força</p><p></p><p>mantém parestesia em 5 pd direito </p><p></p><p>mantenho pregabalin, retorno 2 meses</p>
26828757;KATHLEEN NAIR DOS;SANTOS;5670929;1;2022-03-10;Diagnóstico;
26828757;KATHLEEN NAIR DOS;SANTOS;5670929;2;2022-03-10;Prescrições;
26828757;KATHLEEN NAIR DOS;SANTOS;5670929;3;2022-03-10;ressonancia;
26829409;DILMA NASCIMENTO;GUIMARÃES;5670943;0;2022-03-10;Observações;<p>dor Lombar</p><p>há 4 anos</p><p></p><p>FST e acupuntura</p><p></p><p>cd: Rm lombar</p>
26829409;DILMA NASCIMENTO;GUIMARÃES;5670943;1;2022-03-10;Diagnóstico;
26829409;DILMA NASCIMENTO;GUIMARÃES;5670943;2;2022-03-10;Prescrições;
26829409;DILMA NASCIMENTO;GUIMARÃES;5670943;3;2022-03-10;ressonancia;
24642494;LAURA;BALEEIRO G MARTINS;5670987;0;2022-03-10;Observações;
24642494;LAURA;BALEEIRO G MARTINS;5670987;1;2022-03-10;Diagnóstico;
24642494;LAURA;BALEEIRO G MARTINS;5670987;2;2022-03-10;Prescrições;
24642494;LAURA;BALEEIRO G MARTINS;5670987;3;2022-03-10;ressonancia;
26828809;EDGLEI DOS SANTOS;MAGALHÃES;5671107;0;2022-03-10;Observações;
26828809;EDGLEI DOS SANTOS;MAGALHÃES;5671107;1;2022-03-10;Diagnóstico;
26828809;EDGLEI DOS SANTOS;MAGALHÃES;5671107;2;2022-03-10;Prescrições;
26828809;EDGLEI DOS SANTOS;MAGALHÃES;5671107;3;2022-03-10;ressonancia;
26828809;EDGLEI DOS SANTOS;MAGALHÃES;5671147;0;2022-03-10;Observações;<p>L + C</p><p></p><p>LAUDO RM</p><p>EDEMA DE LIGAMENTO</p><p>ABAULAMENTOS DISCAIS SIMÉTRICOS L3-4 E L5-S1.</p><p></p><p>cd: infiltracao</p>
26828809;EDGLEI DOS SANTOS;MAGALHÃES;5671147;1;2022-03-10;Diagnóstico;
26828809;EDGLEI DOS SANTOS;MAGALHÃES;5671147;2;2022-03-10;Prescrições;
26828809;EDGLEI DOS SANTOS;MAGALHÃES;5671147;3;2022-03-10;ressonancia;
26828859;ELISANDRA;AGNOLETO;5671347;0;2022-03-10;Observações;<p>nodulo s3</p><p></p><p>tc sem lesao ossea</p><p></p><p>nova RM com contraste.</p><p></p>
26828859;ELISANDRA;AGNOLETO;5671347;1;2022-03-10;Diagnóstico;
26828859;ELISANDRA;AGNOLETO;5671347;2;2022-03-10;Prescrições;
26828859;ELISANDRA;AGNOLETO;5671347;3;2022-03-10;ressonancia;
26829149;EDILSA;GABRIEL;5671707;0;2022-03-10;Observações;<p>50 anos</p><p></p><p>lombalgia há 5 anos</p><p></p><p>pior há 1 ano</p><p></p><p> RM com listasse e DD firman 5 em L4-5</p><p></p><p>cd: ALIF L4-5</p><p></p><p>PACIENTE IRÁ PENSAR, SOLICITO PRÉ OP</p>
26829149;EDILSA;GABRIEL;5671707;1;2022-03-10;Diagnóstico;
26829149;EDILSA;GABRIEL;5671707;2;2022-03-10;Prescrições;
26829149;EDILSA;GABRIEL;5671707;3;2022-03-10;ressonancia;
26828880;CARLOS DOS SANTOS;MACHADO;5672048;0;2022-03-10;Observações;<p>DOR LOMBAR HÁ 2 ANOS</p><p>PIOR HÁ 30 DIAS</p><p></p><p>NÁO TEM EXAME RECENTE</p><p></p><p>SOLICITO RM</p><p></p>
26828880;CARLOS DOS SANTOS;MACHADO;5672048;1;2022-03-10;Diagnóstico;
26828880;CARLOS DOS SANTOS;MACHADO;5672048;2;2022-03-10;Prescrições;
26828880;CARLOS DOS SANTOS;MACHADO;5672048;3;2022-03-10;ressonancia;
26828906;ERINALDA;MENDES;5672244;0;2022-03-10;Observações;<p>ERINALDA MENDES, 40 ANOS</p><p></p><p>lombalgia refrataria</p><p></p><p>rm com hernia l4-5 e l5-s1</p><p></p><p>bloqueio facetario lombar</p>
26828906;ERINALDA;MENDES;5672244;1;2022-03-10;Diagnóstico;
26828906;ERINALDA;MENDES;5672244;2;2022-03-10;Prescrições;
26828906;ERINALDA;MENDES;5672244;3;2022-03-10;ressonancia;
26829448;ANA PAULA MATA RODRIGUES DA;SILVA;5673074;0;2022-03-10;Observações;<p></p><p>C - há 5 meses</p><p>L - 2 anos</p><p></p><p>rm com 2 hernias</p><p></p><p>cd: bloqueio cervical</p>
26829448;ANA PAULA MATA RODRIGUES DA;SILVA;5673074;1;2022-03-10;Diagnóstico;
26829448;ANA PAULA MATA RODRIGUES DA;SILVA;5673074;2;2022-03-10;Prescrições;
26829448;ANA PAULA MATA RODRIGUES DA;SILVA;5673074;3;2022-03-10;ressonancia;
26830461;VERA LUCIA B;CAMPOS;5673398;0;2022-03-10;Observações;<p>lombalgia e reumatismo</p><p></p><p>no momento sem dor</p><p></p><p>nao deseja realizar procedimento percutâneo no momento</p>
26830461;VERA LUCIA B;CAMPOS;5673398;1;2022-03-10;Diagnóstico;
26830461;VERA LUCIA B;CAMPOS;5673398;2;2022-03-10;Prescrições;
26830461;VERA LUCIA B;CAMPOS;5673398;3;2022-03-10;ressonancia;
26829941;DANIELA MENDES;PUGLIA;5673490;0;2022-03-10;Observações;
26829941;DANIELA MENDES;PUGLIA;5673490;1;2022-03-10;Diagnóstico;
26829941;DANIELA MENDES;PUGLIA;5673490;2;2022-03-10;Prescrições;
26829941;DANIELA MENDES;PUGLIA;5673490;3;2022-03-10;ressonancia;
26829941;DANIELA MENDES;PUGLIA;5673532;0;2022-03-10;Observações;<p>dor cervical</p><p></p><p>rm com hernia C4-5 e C5-6</p><p></p><p>indico ACDF/bloqueio</p><p></p><p>paciente ira pensar</p><p></p><p>solicito pre op</p>
26829941;DANIELA MENDES;PUGLIA;5673532;1;2022-03-10;Diagnóstico;
26829941;DANIELA MENDES;PUGLIA;5673532;2;2022-03-10;Prescrições;
26829941;DANIELA MENDES;PUGLIA;5673532;3;2022-03-10;ressonancia;
26830436;CRISTIANE;PEREIRA;5673687;0;2022-03-10;Observações;<p>cocciginea</p><p></p><p>solicito RM e pré op. para bloqueio de gânglio ímpar</p>
26830436;CRISTIANE;PEREIRA;5673687;1;2022-03-10;Diagnóstico;
26830436;CRISTIANE;PEREIRA;5673687;2;2022-03-10;Prescrições;
26830436;CRISTIANE;PEREIRA;5673687;3;2022-03-10;ressonancia;
13154050;NELSON KIMIO;OGASAWARA;5917858;0;2022-03-23;Observações;<p>retorna com dores lombares ainda</p><p></p><p>necessita laudo</p><p></p><p>ainda nao fez radiografia</p>
13154050;NELSON KIMIO;OGASAWARA;5917858;1;2022-03-23;Diagnóstico;
13154050;NELSON KIMIO;OGASAWARA;5917858;2;2022-03-23;Prescrições;<p>radiografia panoramica da coluna</p><p></p><p>po de artrodese</p>
13154050;NELSON KIMIO;OGASAWARA;5917858;3;2022-03-23;ressonancia;
27463099;JOSE FELIX DE SOUZA;FILHO;5987844;0;2022-03-24;Observações;<p>57 anos</p><p></p><p>lombalgia e ciática esquerda - trajeto L5</p><p>hipoestesia L5 esquerda</p><p></p><p>RM com estenose L4-5</p><p>e hernia L5-s1</p><p></p><p>indico alif L4-5.</p><p></p><p>ira pensar</p>
27463099;JOSE FELIX DE SOUZA;FILHO;5987844;1;2022-03-24;Diagnóstico;
27463099;JOSE FELIX DE SOUZA;FILHO;5987844;2;2022-03-24;Prescrições;
27463099;JOSE FELIX DE SOUZA;FILHO;5987844;3;2022-03-24;ressonancia;
27462711;JEFERSON ALEXANDRE;ROCHA;5987927;0;2022-03-24;Observações;<p>27 anos</p><p></p><p>lombalgia e cervicalgia</p><p></p><p>pior cervical</p><p>há 1 ano</p><p></p><p>RM cervical</p>
27462711;JEFERSON ALEXANDRE;ROCHA;5987927;1;2022-03-24;Diagnóstico;
27462711;JEFERSON ALEXANDRE;ROCHA;5987927;2;2022-03-24;Prescrições;
27462711;JEFERSON ALEXANDRE;ROCHA;5987927;3;2022-03-24;ressonancia;
21371634;LUCIA;FERREIRA DE ANDRADE;5988014;0;2022-03-24;Observações;<p>58 anos</p><p></p><p>hernia cervical</p><p></p><p>c3-4 c4-5 e c5-6</p><p></p><p><strong>acdf 3 níveis.</strong></p><p></p><p>tireoidectomia parcial previa por hipertireioidismo e nódulo</p><p></p>
21371634;LUCIA;FERREIRA DE ANDRADE;5988014;1;2022-03-24;Diagnóstico;
21371634;LUCIA;FERREIRA DE ANDRADE;5988014;2;2022-03-24;Prescrições;
21371634;LUCIA;FERREIRA DE ANDRADE;5988014;3;2022-03-24;ressonancia;
25975753;SARA;BARROSO;5988700;0;2022-03-24;Observações;<p>lombalgia refratária </p><p></p><p>rm com processo degenerativo</p><p></p><p>indico bloqueio</p><p></p><p>não deseja fazer.</p><p>Oriento</p>
25975753;SARA;BARROSO;5988700;1;2022-03-24;Diagnóstico;
25975753;SARA;BARROSO;5988700;2;2022-03-24;Prescrições;
25975753;SARA;BARROSO;5988700;3;2022-03-24;ressonancia;
27462872;JOSENILDO JOÃO DA;SILVA;5988778;0;2022-03-24;Observações;
27462872;JOSENILDO JOÃO DA;SILVA;5988778;1;2022-03-24;Diagnóstico;
27462872;JOSENILDO JOÃO DA;SILVA;5988778;2;2022-03-24;Prescrições;
27462872;JOSENILDO JOÃO DA;SILVA;5988778;3;2022-03-24;ressonancia;
27462965;ARTHUR ALMEIDA DA;SILVA;5988793;0;2022-03-24;Observações;<p>8 anos</p><p></p><p>lombalgia e dorsalgia</p><p></p><p>cd: rx dorsal e lombar</p>
27462965;ARTHUR ALMEIDA DA;SILVA;5988793;1;2022-03-24;Diagnóstico;
27462965;ARTHUR ALMEIDA DA;SILVA;5988793;2;2022-03-24;Prescrições;
27462965;ARTHUR ALMEIDA DA;SILVA;5988793;3;2022-03-24;ressonancia;
27463025;ELTON GOLÇALO;LIMA;5988965;0;2022-03-24;Observações;<p>39 anos</p><p>cervicalgia com irradiação para paleta esquerda e dorsal</p><p></p><p>RM</p>
27463025;ELTON GOLÇALO;LIMA;5988965;1;2022-03-24;Diagnóstico;
27463025;ELTON GOLÇALO;LIMA;5988965;2;2022-03-24;Prescrições;
27463025;ELTON GOLÇALO;LIMA;5988965;3;2022-03-24;ressonancia;
27463078;MARIA APARECIDA SOUZA BORJA;ARAÚJO;5989090;0;2022-03-24;Observações;<p>44 anos</p><p>dor lombar e irradiação MIE</p><p></p><p>cd: RM</p>
27463078;MARIA APARECIDA SOUZA BORJA;ARAÚJO;5989090;1;2022-03-24;Diagnóstico;
27463078;MARIA APARECIDA SOUZA BORJA;ARAÚJO;5989090;2;2022-03-24;Prescrições;
27463078;MARIA APARECIDA SOUZA BORJA;ARAÚJO;5989090;3;2022-03-24;ressonancia;
27536204;ANTONIO;JUCIENE RODRIGUES DA SILVA;5989191;0;2022-03-24;Observações;"<p>ANTONIO JUCIENE RODRIGUES DA SILVA</p><p>&nbsp;</p><p>PO ARTRODESE L5-VT EM 2012</p><p>PO REVISAO DE PARAFUSOS – RETIRADA DE PARAFUSOS</p><p>PO DE ARTRODESE NOVAMENTE</p><p>&nbsp;</p><p>RELATA DOR EM MEMBROS INFERIORES PIOR A DIREITA</p><p>&nbsp;</p><p>LASEGUE A DIREITA</p><p>HIPOESTESIA L5 BILATERAL</p><p>&nbsp;</p><p>CD: RX DINAMICO</p><p>EXPLICO QUADRO</p><p>INDICO ALIF L4-S1</p>"
27536204;ANTONIO;JUCIENE RODRIGUES DA SILVA;5989191;1;2022-03-24;Diagnóstico;
27536204;ANTONIO;JUCIENE RODRIGUES DA SILVA;5989191;2;2022-03-24;Prescrições;
27536204;ANTONIO;JUCIENE RODRIGUES DA SILVA;5989191;3;2022-03-24;ressonancia;
27463142;ADRIA;SERAFIM;5989379;0;2022-03-24;Observações;<p>Adria, 49 anos</p><p>sequela paralisia infantil em MID</p><p></p><p>DOR LOMBAR</p><p></p><p>RM COM ESCOLIOSE</p><p></p><p>PANORAMICA DE COLUNA</p>
27463142;ADRIA;SERAFIM;5989379;1;2022-03-24;Diagnóstico;
27463142;ADRIA;SERAFIM;5989379;2;2022-03-24;Prescrições;
27463142;ADRIA;SERAFIM;5989379;3;2022-03-24;ressonancia;
27463258;JOÃO MENDES;SANTOS;5989575;0;2022-03-24;Observações;<p>53 anos</p><p></p><p>L + irradiacao MID há 2 anos, pior há 3 meses</p><p></p><p>cd: RM</p>
27463258;JOÃO MENDES;SANTOS;5989575;1;2022-03-24;Diagnóstico;
27463258;JOÃO MENDES;SANTOS;5989575;2;2022-03-24;Prescrições;
27463258;JOÃO MENDES;SANTOS;5989575;3;2022-03-24;ressonancia;
27463289;MANOEL JOSÉ DA;SILVA;5989634;0;2022-03-24;Observações;<p>55 anos, aposentado</p><p></p><p>C + irradiação para membros superiores, pior a direita, afeta até 1 quirodáctilo direito</p><p></p><p>block plus 50/12,5 para HAS</p><p></p><p>cd: nova RM</p>
27463289;MANOEL JOSÉ DA;SILVA;5989634;1;2022-03-24;Diagnóstico;
27463289;MANOEL JOSÉ DA;SILVA;5989634;2;2022-03-24;Prescrições;
27463289;MANOEL JOSÉ DA;SILVA;5989634;3;2022-03-24;ressonancia;
27463409;JULIO CEZAR;ARAGÃO;5989818;0;2022-03-24;Observações;<p>43 anos, bombeiro civil</p><p></p><p>Cervical</p><p>irradiação MMSS, mais a esquerda</p><p></p><p>RM sem compressao</p><p></p><p>indico bloqueio</p><p></p><p></p>
27463409;JULIO CEZAR;ARAGÃO;5989818;1;2022-03-24;Diagnóstico;
27463409;JULIO CEZAR;ARAGÃO;5989818;2;2022-03-24;Prescrições;
27463409;JULIO CEZAR;ARAGÃO;5989818;3;2022-03-24;ressonancia;
27463424;SIMONE ALVES DA;SILVA;5990148;0;2022-03-24;Observações;<p>lombalgia e parestesia MIE</p><p></p><p>dormencia piora ao levantar</p><p>rm sem compressao</p><p>tem edema de apofisárias</p><p></p><p>já em tratamento com fisiatra - carbamazepine + amitril + clorpromazina</p><p></p><p>solicito nova RM para laudo com alteração de apofisárias e realizar bloqueio</p>
27463424;SIMONE ALVES DA;SILVA;5990148;1;2022-03-24;Diagnóstico;
27463424;SIMONE ALVES DA;SILVA;5990148;2;2022-03-24;Prescrições;
27463424;SIMONE ALVES DA;SILVA;5990148;3;2022-03-24;ressonancia;
25974396;CLEONICE;LOPES MAGALHAES;6001434;0;2022-03-24;Observações;<p>55 anos</p><p></p><p>dores difusas - ja em tto com reumatologista</p><p></p><p>dor lombar VAS: 6/10</p><p></p><p>RM: artroese d e interapofisárias</p><p></p><p>cd: indico bloqueio</p>
25974396;CLEONICE;LOPES MAGALHAES;6001434;1;2022-03-24;Diagnóstico;
25974396;CLEONICE;LOPES MAGALHAES;6001434;2;2022-03-24;Prescrições;
25974396;CLEONICE;LOPES MAGALHAES;6001434;3;2022-03-24;ressonancia;
27940550;ELZA MARIA NUNES DA;SILVA;6160496;0;2022-03-31;Observações;<p>54 anos</p><p></p><p>dor cervical com irradiação para ombro direito, principalmente a noite, há 3 anos, fez 6 meses de fisioterapia.</p><p></p><p>fibromialgia: fluoxetina + miosan</p><p></p><p>HAS: omersatana de 10mg ao dia</p><p></p><p>RM: artroese interapofisarioa e uncovertebral com predominio ä direita em C5-6 .</p><p></p><p>cd: bloqueio facetario cervical</p><p></p>
27940550;ELZA MARIA NUNES DA;SILVA;6160496;1;2022-03-31;Diagnóstico;
27940550;ELZA MARIA NUNES DA;SILVA;6160496;2;2022-03-31;Prescrições;
27940550;ELZA MARIA NUNES DA;SILVA;6160496;3;2022-03-31;ressonancia;
27126057;JOSIANE MARTINS DE;OLIVEIRA;6160642;0;2022-03-31;Observações;<p>34 anos</p><p></p><p>bloqueio lombar com melhora total, porém mantém ciática leve a esquerda - melhora de 95%.</p><p></p><p>Inicou, há 4 meses, com cervicalgia e irradiação para MSD, sem trajeto específico</p><p></p><p>prescrevo pregabalina, retorno 90 dias</p><p>RM cervical</p>
27126057;JOSIANE MARTINS DE;OLIVEIRA;6160642;1;2022-03-31;Diagnóstico;
27126057;JOSIANE MARTINS DE;OLIVEIRA;6160642;2;2022-03-31;Prescrições;
27126057;JOSIANE MARTINS DE;OLIVEIRA;6160642;3;2022-03-31;ressonancia;
27940946;MIRIÃ RODRIGUES DE SOUZA;SIVA;6160759;0;2022-03-31;Observações;<p>Miriã, 26 anos, professora</p><p></p><p>dør ombar há 6 meses, iniciou com ciática a esquerda há 2 meses</p><p></p><p></p><p>RM: hernia de disco L5-S1 a esquerda</p><p></p><p>discectomia percutanea</p><p>pregabalina</p><p></p><p></p>
27940946;MIRIÃ RODRIGUES DE SOUZA;SIVA;6160759;1;2022-03-31;Diagnóstico;
27940946;MIRIÃ RODRIGUES DE SOUZA;SIVA;6160759;2;2022-03-31;Prescrições;
27940946;MIRIÃ RODRIGUES DE SOUZA;SIVA;6160759;3;2022-03-31;ressonancia;
27940878;LEANDRA RODRIGUES;VIEIRA;6161061;0;2022-03-31;Observações;<p>46 anos, </p><p>Cervicalgia - já fez 1 infiltração - melhora por 6 meses</p><p></p><p>apresenta ainda irradiação para MSD trajeto c5-6</p><p></p><p>RM com hernia C5-6 direita</p><p></p><p>cd: indico ACDF C5-6</p><p>Atestado</p>
27940878;LEANDRA RODRIGUES;VIEIRA;6161061;1;2022-03-31;Diagnóstico;
27940878;LEANDRA RODRIGUES;VIEIRA;6161061;2;2022-03-31;Prescrições;
27940878;LEANDRA RODRIGUES;VIEIRA;6161061;3;2022-03-31;ressonancia;
24051750;LINA MARIA;VENCESLAU DA SILVA BARROS;6161274;0;2022-03-31;Observações;<p>LINA MARIA VENESLAU DA SILVA BARROS</p><p></p><p>50 anos, dona de casa</p><p></p><p>dor lombar, há 10 anos</p><p>realizou 2 espanadores lombares, L2-3 e L3-4</p><p>mantém quadro de dor lombar intensa e irradiação para ambos membros inferiores, não sabe relatar sobre claudicação</p><p></p><p>RM: estenose leve L3-S1, edema de zigoapofisárias</p><p></p><p>cd: Indico infiltração lombar.</p><p></p><p></p><p></p>
24051750;LINA MARIA;VENCESLAU DA SILVA BARROS;6161274;1;2022-03-31;Diagnóstico;
24051750;LINA MARIA;VENCESLAU DA SILVA BARROS;6161274;2;2022-03-31;Prescrições;
24051750;LINA MARIA;VENCESLAU DA SILVA BARROS;6161274;3;2022-03-31;ressonancia;
27036807;NAIR ARRUDA;DE MORAES;6205602;0;2022-04-07;Observações;<p>Nair, 80 anos, procedente montes claros</p><p></p><p>lombalgia baixa e irradiação para membros inferiores principalmente ao ficar em pé e ao deambular, claudicação para 50 metros.</p><p></p><p>Queda há 9 meses com fraturas torácicas - T9</p><p></p><p>HAS + DM</p><p></p><p>DIOVAN 80MG</p><p>NATRILIX 2,5MG </p><p>VELIJA 60MG</p><p>SOMALGIN 100MG</p><p>ROSUVASTATINA 5MG</p><p>OSENPIC 0,25MG</p><p>ESTANGLIT 30MG NOITE</p><p></p><p>cirurgias previas</p><p></p><p>abdominoplastia</p><p>cesariana</p><p>cistopexia</p><p></p><p>RM e Rx: listse g1 L4-Vt e estenose de canal neste segmento</p><p></p><p>ODI: 50%</p><p></p><p>indico Alif 1 nível com cimento</p><p></p><p></p><p></p><p></p>
27036807;NAIR ARRUDA;DE MORAES;6205602;1;2022-04-07;Diagnóstico;
27036807;NAIR ARRUDA;DE MORAES;6205602;2;2022-04-07;Prescrições;
27036807;NAIR ARRUDA;DE MORAES;6205602;3;2022-04-07;ressonancia;
28150335;MARCIA MARTINS DE;ULRICK;6206803;0;2022-04-07;Observações;"<p>MARCIA MARTINS ULRICK , 56 ANOS</p><p>&nbsp;</p><p>DOR LOMBAR, JÁ FEZ 2 BLOQUEIOS</p><p></p><p>diabetes e glaucoma</p><p></p><p>ENMG com polineuropatia</p><p></p><p>RM: 3 hernias e compress leve</p><p>&nbsp;</p><p>SOLICITAR BLOQUEIO COM DEKO-B E PEDIR PRA MANDAR RIZOTOMIA</p>"
28150335;MARCIA MARTINS DE;ULRICK;6206803;1;2022-04-07;Diagnóstico;
28150335;MARCIA MARTINS DE;ULRICK;6206803;2;2022-04-07;Prescrições;
28150335;MARCIA MARTINS DE;ULRICK;6206803;3;2022-04-07;ressonancia;
27940911;ANTONIO FERNANDES;GARCIA;6206839;0;2022-04-07;Observações;<p>75 anos</p><p></p><p>dor lombar</p><p></p><p>nao trouxe rm - ultima há 2 anos - SIC</p><p></p><p>ja indicado bloqueio e liberado pelo cardio</p><p></p><p>solicito RM </p>
27940911;ANTONIO FERNANDES;GARCIA;6206839;1;2022-04-07;Diagnóstico;
27940911;ANTONIO FERNANDES;GARCIA;6206839;2;2022-04-07;Prescrições;
27940911;ANTONIO FERNANDES;GARCIA;6206839;3;2022-04-07;ressonancia;
28150418;LUZINETE BENÍCIO DA SILVA;MENDES;6206947;0;2022-04-07;Observações;<p>54 anos</p><p></p><p>dor lombar e irradiação para MID eventualmente</p><p></p><p>RM com protrusão L4-5</p><p></p><p>cd: infiltração facetaria - solicitar deko-b - ira pensar</p>
28150418;LUZINETE BENÍCIO DA SILVA;MENDES;6206947;1;2022-04-07;Diagnóstico;
28150418;LUZINETE BENÍCIO DA SILVA;MENDES;6206947;2;2022-04-07;Prescrições;
28150418;LUZINETE BENÍCIO DA SILVA;MENDES;6206947;3;2022-04-07;ressonancia;
25520321;NEUSA;DE SOUZA BRASIL;6207116;0;2022-04-07;Observações;<p>PO ALIF L4-S1</p><p></p><p>RELATA DORMENCIA EM QUADRIL E VIRILHA A ESQUERDA E DOR EM PERNA REGIAO ANTERIOR A DIREITA</p><p></p><p>CD: SOLICITO RM CONTROLE E RADIOGRAFIA</p><p>TOPERMA TOPICO</p>
25520321;NEUSA;DE SOUZA BRASIL;6207116;1;2022-04-07;Diagnóstico;
25520321;NEUSA;DE SOUZA BRASIL;6207116;2;2022-04-07;Prescrições;
25520321;NEUSA;DE SOUZA BRASIL;6207116;3;2022-04-07;ressonancia;
28150485;ZILMA MARINHO;PAVAO;6207382;0;2022-04-07;Observações;<p>70 anos</p><p></p><p>dorsalgia e dor paravertebral. a esquerda</p><p>há 2,5 anos</p><p></p><p>hemodialise há 2,5 anos - 6 linfomas, primeiro 1994</p><p>IRC pelo uso de contraste/medicaçoes e HAS</p><p></p><p>RM COM HERNIA T12-L1 A ESQUERDA E PEQUENA RETROLISTESE POREM AXIAL NAO DISPONIVEL, SOLICITO TRAZER SENHA PARA ACESSO ONLINE</p><p></p><p>CD: RX PANORAMICO E DISCUTIR PROCEDIMENTO NO RETORNO</p>
28150485;ZILMA MARINHO;PAVAO;6207382;1;2022-04-07;Diagnóstico;
28150485;ZILMA MARINHO;PAVAO;6207382;2;2022-04-07;Prescrições;
28150485;ZILMA MARINHO;PAVAO;6207382;3;2022-04-07;ressonancia;
28150451;LUCAS MARQUES DIAS DE;ALENCAR;6207774;0;2022-04-07;Observações;<p>14 ANOS</p><p></p><p>INVESTIGAÇAO DE ESCOLIOSE</p><p></p><p>SEM PANORAMICA</p><p></p><p>AO EXAME PECTUS ESCAVATUM, HIPERTROFIA DE MUSCULATURA ESCAPULAR DIREITA</p><p></p><p>MARFAN?</p><p></p><p>SOLICITO PANORAMICA</p><p>AO GENETICISTA</p><p></p><p></p>
28150451;LUCAS MARQUES DIAS DE;ALENCAR;6207774;1;2022-04-07;Diagnóstico;
28150451;LUCAS MARQUES DIAS DE;ALENCAR;6207774;2;2022-04-07;Prescrições;
28150451;LUCAS MARQUES DIAS DE;ALENCAR;6207774;3;2022-04-07;ressonancia;
27536204;ANTONIO;JUCIENE RODRIGUES DA SILVA;6330657;0;2022-04-28;Observações;<p>retorna com rx dinamico</p><p>translação em L5-s1 e L4-5</p><p>RM com estenose L4-5</p><p>nenhuam cirurgia prévia</p><p></p><p>Indicado ALIF L4-S1</p>
27536204;ANTONIO;JUCIENE RODRIGUES DA SILVA;6330657;1;2022-04-28;Diagnóstico;
27536204;ANTONIO;JUCIENE RODRIGUES DA SILVA;6330657;2;2022-04-28;Prescrições;<p>Solicito avaliação com cardiologia para artrodese de coluna lombar</p>
27536204;ANTONIO;JUCIENE RODRIGUES DA SILVA;6330657;3;2022-04-28;ressonancia;
28880242;FRANCINALDO;BARRETO DA SILVA;6330863;0;2022-04-28;Observações;<p>60 anos</p><p></p><p>CERVICAL C IRRADIACAO OMBRO ESQUERDO</p><p></p><p>EVENTUALMENTE PARESTESIAS EM MSD</p><p>HIPOTIREOIDISMO</p><p></p><p></p><p>RM COM HERNIA C5-6</p><p></p><p>CD: BLOQUEIO </p><p>SE NAO MELHORA ACDF</p>
28880242;FRANCINALDO;BARRETO DA SILVA;6330863;1;2022-04-28;Diagnóstico;
28880242;FRANCINALDO;BARRETO DA SILVA;6330863;2;2022-04-28;Prescrições;
28880242;FRANCINALDO;BARRETO DA SILVA;6330863;3;2022-04-28;ressonancia;
27462673;GISLENE FERREIRA;SANTIAGO;6331133;0;2022-04-28;Observações;
27462673;GISLENE FERREIRA;SANTIAGO;6331133;1;2022-04-28;Diagnóstico;
27462673;GISLENE FERREIRA;SANTIAGO;6331133;2;2022-04-28;Prescrições;
27462673;GISLENE FERREIRA;SANTIAGO;6331133;3;2022-04-28;ressonancia;
28882457;IVANIA;FRANÇA DE SOUZA;6331407;0;2022-04-28;Observações;<p>54 anos, do lar - vendas</p><p></p><p>for cervical e lombar</p><p></p><p>ja fez bloqueio com melhora</p><p></p><p>teve novo episodio há 20 dias </p><p>no momento melhor</p><p></p><p>solicito nova RM lombar e cervical</p>
28882457;IVANIA;FRANÇA DE SOUZA;6331407;1;2022-04-28;Diagnóstico;
28882457;IVANIA;FRANÇA DE SOUZA;6331407;2;2022-04-28;Prescrições;
28882457;IVANIA;FRANÇA DE SOUZA;6331407;3;2022-04-28;ressonancia;
24646074;PEDRO;MARCELINO ROCHA;6331600;0;2022-04-28;Observações;
24646074;PEDRO;MARCELINO ROCHA;6331600;1;2022-04-28;Diagnóstico;
24646074;PEDRO;MARCELINO ROCHA;6331600;2;2022-04-28;Prescrições;
24646074;PEDRO;MARCELINO ROCHA;6331600;3;2022-04-28;ressonancia;
24646074;PEDRO;MARCELINO ROCHA;6331615;0;2022-04-28;Observações;<p>36 ANOS, AMIL</p><p></p><p>LOMBALGIA HÁ 3 ANOS</p><p>RM SEM ESTENOSE</p><p>SEM LAUDO</p><p>DESVIO LOMBAR - ESCOLIOSE? RX COM ESCOLIOSE DISCRETA - POR DOR?</p><p></p><p>RM: </p><p>HERNIA L5-S1</p><p></p><p>PORTALRESULDADOS.AMIL.COM.BR</p><p>LOGIN HLU-1811810</p><p>SENHA: HLU1000507142</p><p></p><p>CD: DISCECTOMIA PERCUTANEA/BLOQUEIO FACETÁRIO</p>
24646074;PEDRO;MARCELINO ROCHA;6331615;1;2022-04-28;Diagnóstico;
24646074;PEDRO;MARCELINO ROCHA;6331615;2;2022-04-28;Prescrições;
24646074;PEDRO;MARCELINO ROCHA;6331615;3;2022-04-28;ressonancia;
26828880;CARLOS DOS SANTOS;MACHADO;6331928;0;2022-04-28;Observações;<p>52 anos</p><p></p><p>dor lombar</p><p></p><p>sem irradiação</p><p></p><p>piora ao esforço físico</p><p></p><p>RM: protrudes L2-5</p><p></p><p>cd: indico bloqueio - não deseja fazer.</p><p></p>
26828880;CARLOS DOS SANTOS;MACHADO;6331928;1;2022-04-28;Diagnóstico;
26828880;CARLOS DOS SANTOS;MACHADO;6331928;2;2022-04-28;Prescrições;
26828880;CARLOS DOS SANTOS;MACHADO;6331928;3;2022-04-28;ressonancia;
23850430;IZAIAS;PEREIRA CARDOSO;6332132;0;2022-04-28;Observações;<p>lombalgia há 15 anos</p><p>pior há 2 anos</p><p></p><p>piora a movimentação.</p><p></p><p>rm: retificacao lombar e estenose difusa de l2-5</p><p></p><p>cd: infiltração lombar</p><p>pedido: 2 discografias</p>
23850430;IZAIAS;PEREIRA CARDOSO;6332132;1;2022-04-28;Diagnóstico;
23850430;IZAIAS;PEREIRA CARDOSO;6332132;2;2022-04-28;Prescrições;
23850430;IZAIAS;PEREIRA CARDOSO;6332132;3;2022-04-28;ressonancia;
28880964;ALEX;DELFINO DE SOUZA;6332595;0;2022-04-28;Observações;<p>42 anos</p><p></p><p>LOMBALGIA, HÁ 20 ANOS</p><p>PIOR HÁ 5 ANOS</p><p></p><p>NAO TEM IRRADIACAO</p><p></p><p>AO EXAME</p><p></p><p>CIFOSE IMPORTANTE</p><p></p><p>RM: ABAULAMENTO DISCAL L3-4 E L4-5</p><p></p><p>CD: PANORAMICO</p><p>INFILTRACAO DE FACETAS </p><p>PEDIDO: DISCOGRAFIA</p>
28880964;ALEX;DELFINO DE SOUZA;6332595;1;2022-04-28;Diagnóstico;
28880964;ALEX;DELFINO DE SOUZA;6332595;2;2022-04-28;Prescrições;
28880964;ALEX;DELFINO DE SOUZA;6332595;3;2022-04-28;ressonancia;
28882598;ALINE;APARECIDA TAVARES SIQUEIRA;6333033;0;2022-04-28;Observações;<p>40 anos</p><p></p><p>LOMBAGIA E IRRADIAÇAO PARA MEMBROS INFERIORES, PIOR A DIREITA</p><p></p><p>RM: SEM COMPRESSOES, SEM ARTROSE FACETARIA</p><p></p>
28882598;ALINE;APARECIDA TAVARES SIQUEIRA;6333033;1;2022-04-28;Diagnóstico;
28882598;ALINE;APARECIDA TAVARES SIQUEIRA;6333033;2;2022-04-28;Prescrições;
28882598;ALINE;APARECIDA TAVARES SIQUEIRA;6333033;3;2022-04-28;ressonancia;
26829409;DILMA NASCIMENTO;GUIMARÃES;6333235;0;2022-04-28;Observações;<p>47 anos</p><p></p><p>lombalgia há 4 anos iniciou com claudicação há 1 ano</p><p></p><p>cirurgias previas: abdominoplastia e histerectomia prévia</p><p></p><p>rm: estenose L4-5.</p><p></p><p>cd: indico ALIF L4-5</p>
26829409;DILMA NASCIMENTO;GUIMARÃES;6333235;1;2022-04-28;Diagnóstico;
26829409;DILMA NASCIMENTO;GUIMARÃES;6333235;2;2022-04-28;Prescrições;
26829409;DILMA NASCIMENTO;GUIMARÃES;6333235;3;2022-04-28;ressonancia;
28883255;JULIANA;LEMES PEREIRA RANDI;6333724;0;2022-04-28;Observações;<p>33 anos</p><p></p><p>lombalgia e irradiação para MIE trajeto L5</p><p></p><p>RM: hdl l5-s1</p><p></p><p>cd: endoscopia de coluna TRANSLAMINAR</p><p></p>
28883255;JULIANA;LEMES PEREIRA RANDI;6333724;1;2022-04-28;Diagnóstico;
28883255;JULIANA;LEMES PEREIRA RANDI;6333724;2;2022-04-28;Prescrições;
28883255;JULIANA;LEMES PEREIRA RANDI;6333724;3;2022-04-28;ressonancia;
29392598;CLAUDIO PAIM DA;SILVA;6393012;0;2022-05-05;Observações;<p>40a, carteiro</p><p></p><p>lombalgia há desde 2011</p><p>sem irradiação</p><p></p><p>rm com degeneração facetária</p><p></p><p>cd: solicito infiltradas de facetas</p>
29392598;CLAUDIO PAIM DA;SILVA;6393012;1;2022-05-05;Diagnóstico;
29392598;CLAUDIO PAIM DA;SILVA;6393012;2;2022-05-05;Prescrições;
29392598;CLAUDIO PAIM DA;SILVA;6393012;3;2022-05-05;ressonancia;
29392660;JOSÉ CALADO DA SILVA;FILHO;6393216;0;2022-05-05;Observações;<p>57 anos, gerente predial</p><p></p><p>lombalgia há 10 anos, irradiação para MIE trajeto L5</p><p></p><p>melhora com acupuntura e fisioterapia</p><p></p><p>RM sem compressões, hernia L5-S1</p><p></p><p></p><p>cd: infiltração de facetas.</p><p></p>
29392660;JOSÉ CALADO DA SILVA;FILHO;6393216;1;2022-05-05;Diagnóstico;
29392660;JOSÉ CALADO DA SILVA;FILHO;6393216;2;2022-05-05;Prescrições;<p></p>
29392660;JOSÉ CALADO DA SILVA;FILHO;6393216;3;2022-05-05;ressonancia;
29392619;PATRICIA VITORINO DE;SOUZA;6393584;0;2022-05-05;Observações;<p>34 ANOS, LÍDER DE LIMPEZA</p><p></p><p>DOR LOMBAR HÁ 25 DIAS, SEM IRRADIAÇÃO</p><p>HISTÓRICO DE DESVIO NA COLUNA</p><p></p><p>CD: RM E PANORAMICO</p>
29392619;PATRICIA VITORINO DE;SOUZA;6393584;1;2022-05-05;Diagnóstico;
29392619;PATRICIA VITORINO DE;SOUZA;6393584;2;2022-05-05;Prescrições;
29392619;PATRICIA VITORINO DE;SOUZA;6393584;3;2022-05-05;ressonancia;
29766003;JOSE AFONSO RIBEIRO DA;SILVA;6457966;0;2022-05-12;Observações;<p>69 anos, </p><p>dor em MID há 1 ano, piora ao deambular</p><p></p><p>diabetes, hipertensao.</p><p></p><p>MUC: losartana, glifage</p><p></p><p>RM: estenose l2-5, maior em L4-5</p><p>enmg: radiculopatia cronica L4 a direita</p><p></p><p>cd: solicito pré op - endoscopia L4-5? Alif?</p>
29766003;JOSE AFONSO RIBEIRO DA;SILVA;6457966;1;2022-05-12;Diagnóstico;
29766003;JOSE AFONSO RIBEIRO DA;SILVA;6457966;2;2022-05-12;Prescrições;
29766003;JOSE AFONSO RIBEIRO DA;SILVA;6457966;3;2022-05-12;ressonancia;
29770975;ISABEL CRISTINA ROMERO;CLAUDIO;6458511;0;2022-05-12;Observações;
29770975;ISABEL CRISTINA ROMERO;CLAUDIO;6458511;1;2022-05-12;Diagnóstico;
29770975;ISABEL CRISTINA ROMERO;CLAUDIO;6458511;2;2022-05-12;Prescrições;
29770975;ISABEL CRISTINA ROMERO;CLAUDIO;6458511;3;2022-05-12;ressonancia;
29766086;RODRIGO DE SOUZA;BRASIL;6470859;0;2022-05-13;Observações;<p>DOR LOMBAR E CERVICAL</p><p></p><p>PIOR LOMBAR</p><p></p><p>SOLICITO RM</p>
29766086;RODRIGO DE SOUZA;BRASIL;6470859;1;2022-05-13;Diagnóstico;
29766086;RODRIGO DE SOUZA;BRASIL;6470859;2;2022-05-13;Prescrições;
29766086;RODRIGO DE SOUZA;BRASIL;6470859;3;2022-05-13;ressonancia;
29765925;SANDRA MASSAKO;SAKAUE;6470874;0;2022-05-13;Observações;<p>HERNIA DE DISCO CERVICAL</p><p></p><p>INDICO CIRURGIA - NAO DESEJA REALIZAR PROCEDIMENTO NO MOMENTO</p>
29765925;SANDRA MASSAKO;SAKAUE;6470874;1;2022-05-13;Diagnóstico;
29765925;SANDRA MASSAKO;SAKAUE;6470874;2;2022-05-13;Prescrições;
29765925;SANDRA MASSAKO;SAKAUE;6470874;3;2022-05-13;ressonancia;
29765961;MARIA DE FATIMA DA;SILVA;6470883;0;2022-05-13;Observações;
29765961;MARIA DE FATIMA DA;SILVA;6470883;1;2022-05-13;Diagnóstico;
29765961;MARIA DE FATIMA DA;SILVA;6470883;2;2022-05-13;Prescrições;
29765961;MARIA DE FATIMA DA;SILVA;6470883;3;2022-05-13;ressonancia;
13154050;NELSON KIMIO;OGASAWARA;6484346;0;2022-05-16;Observações;
13154050;NELSON KIMIO;OGASAWARA;6484346;1;2022-05-16;Diagnóstico;
13154050;NELSON KIMIO;OGASAWARA;6484346;2;2022-05-16;Prescrições;
13154050;NELSON KIMIO;OGASAWARA;6484346;3;2022-05-16;ressonancia;
29764390;DIRK EGON;REGETT;6484648;0;2022-05-16;Observações;<p>DIRK REGETT,  70 anos</p><p></p><p>claudicacao há 2 anos, realizou descompressão porém mantém dor </p><p></p><p>ZETIA - COLESTERL</p><p>COMBODART - PROSTATA</p><p></p><p>cd: indico ALIF L4-5</p>
29764390;DIRK EGON;REGETT;6484648;1;2022-05-16;Diagnóstico;
29764390;DIRK EGON;REGETT;6484648;2;2022-05-16;Prescrições;
29764390;DIRK EGON;REGETT;6484648;3;2022-05-16;ressonancia;
29392581;EDMILSON BORGES;FERREIRA;6513343;0;2022-05-19;Observações;<p>CIRURGIA DE COLUNA PREVIA - ARTRODESE</p><p></p><p>MANTEM DOR LOMBAR</p><p></p><p>RM CONTROLE E RADIOGRAFIA COLUNA LOMBAR</p>
29392581;EDMILSON BORGES;FERREIRA;6513343;1;2022-05-19;Diagnóstico;
29392581;EDMILSON BORGES;FERREIRA;6513343;2;2022-05-19;Prescrições;
29392581;EDMILSON BORGES;FERREIRA;6513343;3;2022-05-19;ressonancia;
30010559;RICARDO ANTONIO;MARTINS;6513376;0;2022-05-19;Observações;<p>dor lombar, há 6 semanas</p><p></p><p></p><p>sem irradiação para membros inferiores</p><p></p><p>RM: hernia l4-5 e L5-s1 com ruptura de anulo</p><p></p><p>cd: indico bloqueio</p><p>irá pensar</p><p>fortalecimento</p>
30010559;RICARDO ANTONIO;MARTINS;6513376;1;2022-05-19;Diagnóstico;
30010559;RICARDO ANTONIO;MARTINS;6513376;2;2022-05-19;Prescrições;
30010559;RICARDO ANTONIO;MARTINS;6513376;3;2022-05-19;ressonancia;
30008425;RAUFIMAN DOS REIS;SANTOS;6513523;0;2022-05-19;Observações;"<p>CIATICA A ESQUERDA E LOMBALGIA</p><p></p><p>INICIO HÁ 5 ANOS</p><p></p><p>TEM DOR ESPORÁDICA</p><p>RELATA AINDA EPISÓDIO PRÉVIO DE ""DESVIO DE COLUNA""</p><p></p><p>CD: NOVA RM E RADIOGRAFIA PANORAMICA</p>"
30008425;RAUFIMAN DOS REIS;SANTOS;6513523;1;2022-05-19;Diagnóstico;
30008425;RAUFIMAN DOS REIS;SANTOS;6513523;2;2022-05-19;Prescrições;
30008425;RAUFIMAN DOS REIS;SANTOS;6513523;3;2022-05-19;ressonancia;
30008453;ANDREI RICHARD AZEVEDO;PINTO;6513618;0;2022-05-19;Observações;<p>37 ANOS</p><p></p><p>DOR LOMBAR CRONICA, PORÉMS EM DOR NO MOMENTO</p><p></p><p>NÃO TROUXE RESSONANCIA</p><p> NECESSITA LAUDO</p><p></p><p>CD: RESSONANCIA DE COLUNA LOMBAR</p>
30008453;ANDREI RICHARD AZEVEDO;PINTO;6513618;1;2022-05-19;Diagnóstico;
30008453;ANDREI RICHARD AZEVEDO;PINTO;6513618;2;2022-05-19;Prescrições;
30008453;ANDREI RICHARD AZEVEDO;PINTO;6513618;3;2022-05-19;ressonancia;
30008561;GENILSON RODRIGUES DE;SANTANA;6513670;0;2022-05-19;Observações;<p>44 anos, cozinheiro</p><p></p><p>lombalgia, há 10 anos, com ciatica a esquerda, trajeto s1</p><p>piora ao ficar em pé, fica no máximo 60 minutos em pé</p><p>dirige por no máximo 2 horas</p><p></p><p>cd: Rm lombar e pré op</p><p></p>
30008561;GENILSON RODRIGUES DE;SANTANA;6513670;1;2022-05-19;Diagnóstico;
30008561;GENILSON RODRIGUES DE;SANTANA;6513670;2;2022-05-19;Prescrições;
30008561;GENILSON RODRIGUES DE;SANTANA;6513670;3;2022-05-19;ressonancia;
30008526;LARISSA BRITO DE;ARAUJO;6513814;0;2022-05-19;Observações;<p>33 anos</p><p></p><p>dorsalgia e lombalgia</p><p></p><p>inicio há 7 anos</p><p></p><p>gigantomastia</p><p></p><p>CD: indico bloqueio lombar e encaminho para mastologista</p><p>nao deseja realizar bloqueio no momento.</p><p></p>
30008526;LARISSA BRITO DE;ARAUJO;6513814;1;2022-05-19;Diagnóstico;
30008526;LARISSA BRITO DE;ARAUJO;6513814;2;2022-05-19;Prescrições;
30008526;LARISSA BRITO DE;ARAUJO;6513814;3;2022-05-19;ressonancia;
30008538;MIRIÃ RODRIGUES DE SOUZA;SILVA;6514141;0;2022-05-19;Observações;
30008538;MIRIÃ RODRIGUES DE SOUZA;SILVA;6514141;1;2022-05-19;Diagnóstico;
30008538;MIRIÃ RODRIGUES DE SOUZA;SILVA;6514141;2;2022-05-19;Prescrições;
30008538;MIRIÃ RODRIGUES DE SOUZA;SILVA;6514141;3;2022-05-19;ressonancia;
30010515;LUZIA;MIQUELINO;6514566;0;2022-05-19;Observações;<p>59 anos</p><p></p><p>dor lombar há 10 anos, </p><p>já indicado bloqueio</p><p></p><p>DM e HAS</p><p>glifage 1x dia</p><p>losartana</p><p>Seratide</p><p></p><p></p><p>cd: bloqueio lombar</p>
30010515;LUZIA;MIQUELINO;6514566;1;2022-05-19;Diagnóstico;
30009589;ALDENIR VILAR DE;ARAÚJO;6514813;0;2022-05-19;Observações;<p>62 anos, professor de beach tennis</p><p></p><p>lomobicalgia esquerda há 15 anos</p><p>costas é pior</p><p></p><p>tem crises graves anuais</p><p>porém nao pratica atividade de professor sem dores constantes</p><p></p><p>histórico de 2 ablações por arritimia</p><p></p><p></p><p>ultima RM de 2017</p><p></p><p>solicito nova RM e pré op</p><p></p><p></p>
30009589;ALDENIR VILAR DE;ARAÚJO;6514813;1;2022-05-19;Diagnóstico;
30009589;ALDENIR VILAR DE;ARAÚJO;6514813;2;2022-05-19;Prescrições;
30009589;ALDENIR VILAR DE;ARAÚJO;6514813;3;2022-05-19;ressonancia;
30010665;ROSANA ALINA DOS;SANTOS;6515175;0;2022-05-19;Observações;<p>dor em ombro a direita</p><p></p><p>há 6 meses</p><p></p><p>pior a palpação de região escapular/trapezio</p><p></p><p>Rm sem alterações de interapofisarias/hernia</p><p></p><p>cd: coltrax</p>
30010665;ROSANA ALINA DOS;SANTOS;6515175;1;2022-05-19;Diagnóstico;
30010665;ROSANA ALINA DOS;SANTOS;6515175;2;2022-05-19;Prescrições;
30010665;ROSANA ALINA DOS;SANTOS;6515175;3;2022-05-19;ressonancia;
30011095;SUZANA MARIA;BEZERRA;6515237;0;2022-05-19;Observações;<p>53 anos</p><p></p><p>dores difusas</p><p>dor cervical, sem irradiação para MMSS</p><p></p><p></p><p>artrite psoriática</p><p></p><p>RM CERVICAL COM PEQUENAS PROTRUSOES SEM COMPRESSOES SIGNIFICATIVAS</p><p></p><p>LOMBAR SEM COMPRESSOES</p><p></p><p>CD: MANTER TTO ATUAL</p><p>SEM INDICACAO CIRURGICA NO MOMENTO</p>
30011095;SUZANA MARIA;BEZERRA;6515237;1;2022-05-19;Diagnóstico;
30011095;SUZANA MARIA;BEZERRA;6515237;2;2022-05-19;Prescrições;
30011095;SUZANA MARIA;BEZERRA;6515237;3;2022-05-19;ressonancia;
30011068;SOLANGE DA;CUNHA;6515433;0;2022-05-19;Observações;<p>54a, cabeleireira</p><p></p><p>cervicalgia refrátaria, </p><p></p><p>inicio há 10 anos</p><p></p><p>associada a parestesias em maos, mais a direita, eventualmente derruba objetos</p><p></p><p>puran 125mcg</p><p></p><p>rm com hernia c3-4, c4-5 e c5-6 e compressao medular nesses níveis</p><p></p><p>cd: bloqueio facetario - prefere tentar bloqueio antes da cirurgia</p><p>se nao melhora acdf c3-6</p><p></p>
30011068;SOLANGE DA;CUNHA;6515433;1;2022-05-19;Diagnóstico;
30011068;SOLANGE DA;CUNHA;6515433;2;2022-05-19;Prescrições;
30011068;SOLANGE DA;CUNHA;6515433;3;2022-05-19;ressonancia;
30011108;ELISIO DOS SANTOS;AMARAL;6516199;0;2022-05-19;Observações;<p></p><p>53 anos, </p><p></p><p>lombar e cervical, inicio em 2005</p><p></p><p>irradiacao para ombros</p><p></p><p>eventualmente tem irradiação para MIE</p><p></p><p></p><p>sem rm recente</p><p></p><p>cd: RM CERVICAL E LOMBAR</p>
30011108;ELISIO DOS SANTOS;AMARAL;6516199;1;2022-05-19;Diagnóstico;
30011108;ELISIO DOS SANTOS;AMARAL;6516199;2;2022-05-19;Prescrições;
30011108;ELISIO DOS SANTOS;AMARAL;6516199;3;2022-05-19;ressonancia;
30011137;JOAO;ZILIOTI;6516381;0;2022-05-19;Observações;<p>59 anos, gerente de logística</p><p></p><p>lombalgia há 2 meses</p><p>em melhora progressiva</p><p></p><p>rm com ddd L5-s1 e pequena listese</p><p></p><p>VAs 2/10</p><p></p><p>nao deseja realizar procedimento</p><p>oriento</p>
30011137;JOAO;ZILIOTI;6516381;1;2022-05-19;Diagnóstico;
30011137;JOAO;ZILIOTI;6516381;2;2022-05-19;Prescrições;
30011137;JOAO;ZILIOTI;6516381;3;2022-05-19;ressonancia;
30292430;IDALIA DE CARVALHO;RIBEIRO;6576700;0;2022-05-26;Observações;<p>66 anos, costureira</p><p></p><p>DOR LOMBAR, HÁ 2 ANOS</p><p>IRRADIAÇAÕ PARA MMII EVENTUAL</p><p>DOR LOMBAR É MAIS INTENSA</p><p></p><p>DM + HAS</p><p></p><p>METFORMINA </p><p>IDAPAMIDA</p><p>GLICAZIDA</p><p>SINVASTATINA</p><p>AAS</p><p>LOSARTANA</p><p></p><p>DOR PIORA A EXTENSÃO</p><p>SEM DÉFICIT NEUROLÓGICO</p><p></p><p>INDICO BLOQUEIO LOMBAR  - PREFERE FAZER PILATES</p><p>SOLICITO PILATES</p>
30292430;IDALIA DE CARVALHO;RIBEIRO;6576700;1;2022-05-26;Diagnóstico;
30292430;IDALIA DE CARVALHO;RIBEIRO;6576700;2;2022-05-26;Prescrições;
30292430;IDALIA DE CARVALHO;RIBEIRO;6576700;3;2022-05-26;ressonancia;
30292469;LAURA BALEIRO G;MARTINS;6576832;0;2022-05-26;Observações;<p>58 ANOS, RECEPCIONISTA (APOSENTADA)</p><p></p><p>DOR LOMBAR HÁ 30 ANOS, IRRADIAÇÃO PARA MEMBRO INFERIOR DIREITO.</p><p>HÁ 3 ANOS</p><p></p><p>VAS LOMBAR 9/10</p><p>VAS MID 7/10</p><p></p><p>FIBROMIALGIA</p><p>HAS</p><p></p><p>PREGABALINA</p><p>LOSARTANA</p><p>CLIFERMIN (MENOPAUSA)</p><p>LEVOZINE25MG</p><p></p><p>ESCOLIOSE LOMBAR - 48 GRAUS</p><p></p><p>INDICO CIRURGIA - COBRAR 40K</p><p>IRÁ PASSAR NO CARDIOLOGISTA (LABS OK)</p><p>E DECIDIR SOBRE CIRURGIA</p>
30292469;LAURA BALEIRO G;MARTINS;6576832;1;2022-05-26;Diagnóstico;
30292469;LAURA BALEIRO G;MARTINS;6576832;2;2022-05-26;Prescrições;
30292469;LAURA BALEIRO G;MARTINS;6576832;3;2022-05-26;ressonancia;
21371881;LUIZ;GONÇALVES FERREIRA;6577466;0;2022-05-26;Observações;<p>54 ANOS, SEGURANÇA</p><p></p><p>DOR CERVICAL COM IRRADIAÇAÕ PARA MEMBROS SUPERIORES HÁ 2 ANOS, PRINCIPALMENTE A DIREITA</p><p></p><p>HIPOESTESIA 1 A 3 QUIRODÁCTILOS A DIREITA, FORÇA G4- EXTENSÃO ANTEBRAÇO A DIREITA.</p><p></p><p>HOFFMANN NEGATIVO</p><p></p><p>RELATA AINDA DOR LOMBAR E IRRADIAÇÃO PARA MEMBROS INFERIORES, PIOR A DIREITA TRAJETO L5</p><p></p><p>HAS - </p><p>LOSARTANA 50MG 1X AO DIA</p><p></p><p>RM: ESTENOSE LOMBAR  E CERVCIAL, LOMBAR L2-5 CERVICAL C3-4 COM HIPERSINAL MEDULAR E C4-5 E C5-6</p><p></p><p>CD: ACDF C3-6</p><p>pre-op ok</p><p>após cervical indicar lombar</p>
21371881;LUIZ;GONÇALVES FERREIRA;6577466;1;2022-05-26;Diagnóstico;
21371881;LUIZ;GONÇALVES FERREIRA;6577466;2;2022-05-26;Prescrições;
21371881;LUIZ;GONÇALVES FERREIRA;6577466;3;2022-05-26;ressonancia;
26830436;CRISTIANE;PEREIRA;6577963;0;2022-05-26;Observações;<p>melhora de dor em coccíginea</p><p></p><p>manter fisiterapia</p>
26830436;CRISTIANE;PEREIRA;6577963;1;2022-05-26;Diagnóstico;
26830436;CRISTIANE;PEREIRA;6577963;2;2022-05-26;Prescrições;
26830436;CRISTIANE;PEREIRA;6577963;3;2022-05-26;ressonancia;
27463289;MANOEL JOSÉ DA;SILVA;6578048;0;2022-05-26;Observações;<p>56 anos, aposentado</p><p></p><p>dor cervical refratária - 2 anos, dor irradia para membro superior esquerdo principalmente ao flexionar o pescoço lateralmente para esquerda trajeto c8</p><p></p><p>sem alterações ao exame</p><p>spurling positivo a esquerda</p><p></p><p>has- ablock plus 50/12,5mg</p><p></p><p>rm: hernia c5-6 e c6-7 com redução de bases foraminais</p><p></p><p>cd: pre op para acdf c5-7</p>
27463289;MANOEL JOSÉ DA;SILVA;6578048;1;2022-05-26;Diagnóstico;
27463289;MANOEL JOSÉ DA;SILVA;6578048;2;2022-05-26;Prescrições;
27463289;MANOEL JOSÉ DA;SILVA;6578048;3;2022-05-26;ressonancia;
28877955;EUNICE;MARIA DE OLIVEIRA;6578514;0;2022-05-26;Observações;<p>62 ANOS, APOSENTADA</p><p></p><p>DOR CERVICAL E OMBROS E MEMBROS SUPERIORES</p><p></p><p>JA OPEROU OMBRO DIREITO</p><p></p><p>RELATA PROBLEMA CARDIACO - ESTÁ EM TTO PARA AVALIAR MARCA PASSO</p><p></p><p>CD: NOVA RM CERVICAL + FST</p>
28877955;EUNICE;MARIA DE OLIVEIRA;6578514;1;2022-05-26;Diagnóstico;
28877955;EUNICE;MARIA DE OLIVEIRA;6578514;2;2022-05-26;Prescrições;
28877955;EUNICE;MARIA DE OLIVEIRA;6578514;3;2022-05-26;ressonancia;
26829448;ANA PAULA MATA RODRIGUES DA;SILVA;6578617;0;2022-05-26;Observações;<p>DOR CERVICAL REFRATÁRIA</p><p></p><p>AGUARDA LIBERAÇÃO BLOQUEIO </p><p>ATESTADO</p>
26829448;ANA PAULA MATA RODRIGUES DA;SILVA;6578617;1;2022-05-26;Diagnóstico;
26829448;ANA PAULA MATA RODRIGUES DA;SILVA;6578617;2;2022-05-26;Prescrições;
26829448;ANA PAULA MATA RODRIGUES DA;SILVA;6578617;3;2022-05-26;ressonancia;
30292607;IRACEMA MORAIS DA;GAMA;6578751;0;2022-05-26;Observações;<p>85 ANOS, APOSENTADA</p><p></p><p>DOR LOMBAR HÃ 20 ANOS IRRADIAÇÃO MIE L5, PIOR HÁ 1 ANO</p><p></p><p>ARRITIMIA</p><p>XARELTO</p><p>LEVOTIROXINA 75</p><p>SELOZOK 25MG</p><p>ROSUVASTATINA</p><p></p><p></p><p>NOVA RM, RX PANORMAICO E DENSITOMETRIA</p><p></p><p></p>
30292607;IRACEMA MORAIS DA;GAMA;6578751;1;2022-05-26;Diagnóstico;
30292607;IRACEMA MORAIS DA;GAMA;6578751;2;2022-05-26;Prescrições;
30292607;IRACEMA MORAIS DA;GAMA;6578751;3;2022-05-26;ressonancia;
30292577;EDILENE VIEIRA CAMPOS;CAMINHA;6578882;0;2022-05-26;Observações;<p>60 ANOS, PROFESSORA</p><p></p><p>DOR CERVICAL EVENTUAL, PIORA COM ESTADO EMOCIONAL</p><p></p><p>RM PREVIA SEM ALTERAÇÕES SIGNIFICATIVAS</p><p></p><p>CD: ORIENTO</p><p>MIOSAN</p>
30292577;EDILENE VIEIRA CAMPOS;CAMINHA;6578882;1;2022-05-26;Diagnóstico;
30292577;EDILENE VIEIRA CAMPOS;CAMINHA;6578882;2;2022-05-26;Prescrições;
30292577;EDILENE VIEIRA CAMPOS;CAMINHA;6578882;3;2022-05-26;ressonancia;
30292691;MARIA APARECIDA DE SOUZA BORJA;ARAUJO;6579047;0;2022-05-26;Observações;<p>44 ANOS, LIDER DE LIMPEZA</p><p></p><p>DOR CERVICAL E LOMBAR</p><p></p><p></p><p></p><p>SOLICTO RM CERVICAL E LOMBAR</p><p>ATESTADO</p><p></p>
30292691;MARIA APARECIDA DE SOUZA BORJA;ARAUJO;6579047;1;2022-05-26;Diagnóstico;
30292691;MARIA APARECIDA DE SOUZA BORJA;ARAUJO;6579047;2;2022-05-26;Prescrições;
30292691;MARIA APARECIDA DE SOUZA BORJA;ARAUJO;6579047;3;2022-05-26;ressonancia;
30292508;NAILAN;GALAFF;6579231;0;2022-05-26;Observações;<p>47 anos, desempregado</p><p></p><p>dor lombar crônica irradiação membros inferiores, dores difusas, inespecificas</p><p>dor piora a extensão</p><p></p><p>PO discectomia lombar em 2007</p><p>Rm prevails com hernia/modic L4-5</p><p></p><p>cd: Rm coluna lombar e rx dinâmico de coluna lombar</p>
30292508;NAILAN;GALAFF;6579231;1;2022-05-26;Diagnóstico;
30292508;NAILAN;GALAFF;6579231;2;2022-05-26;Prescrições;
30292508;NAILAN;GALAFF;6579231;3;2022-05-26;ressonancia;
13154050;NELSON KIMIO;OGASAWARA;6809459;0;2022-06-07;Observações;<p>forneco atestado com devidas restricoes</p><p>reitero avaliação com endocrinologista</p><p>prescrevo novamente forteo</p><p>rx panoramico com 70 graus de cifose total</p><p>nova radiografia em 2 anos ou se novo episódio de dor aguda para afastar novas fraturas</p>
13154050;NELSON KIMIO;OGASAWARA;6809459;1;2022-06-07;Diagnóstico;
13154050;NELSON KIMIO;OGASAWARA;6809459;2;2022-06-07;Prescrições;
13154050;NELSON KIMIO;OGASAWARA;6809459;3;2022-06-07;ressonancia;
31030004;ANDRÉ DIAS;ALMEIDA;6824466;0;2022-06-09;Observações;<p>53 anos, administrador hospital</p><p>#PO laminectomia em 2008 e endoscopia lombar em 2021</p><p></p><p>Retorna por queixa de dor cervical com eventual irradiação para MSE - sem trajeto específico, relata ainda manutenção de dor e dificuldade para extensão dos dedos do pé esquerdo.</p><p></p><p>HMP:</p><p>3 AVCS</p><p>3 INFARTOS</p><p>DM</p><p>HAS</p><p>ARRITMIA CARDÍACA</p><p></p><p>MUC: </p><p>AAS </p><p>CLOPIDOGREL</p><p>ESPIRONOLACTONA</p><p>ENALAPRIL</p><p>METOPROLOL</p><p>ISOSSORBIDA</p><p>ROSUVASTATINA</p><p>NPH E REGULAR</p><p>JANUMED</p><p>JARDIANCE</p><p></p><p>RM: HERNIA DE DISCO C5-6 PORÉM COM RIMA LIQUÓRICA PRESERVADA - NAO TOCA COLUNA E ESTENOSE LOMBAR L4-5 PORÉM DISCRETA - NÃO TROUXE LAUDO</p><p></p><p>NAO ESTÁ REALIZANDO FISIOTERAPIA</p><p></p><p>CD: SOLICITO EXAMES - IRA REALIZAR PRE OPERATÓRIO E RETORNO COM LAUDO.</p>
31030004;ANDRÉ DIAS;ALMEIDA;6824466;1;2022-06-09;Diagnóstico;
31030004;ANDRÉ DIAS;ALMEIDA;6824466;2;2022-06-09;Prescrições;
31030004;ANDRÉ DIAS;ALMEIDA;6824466;3;2022-06-09;ressonancia;
28150485;ZILMA MARINHO;PAVAO;6826531;0;2022-06-09;Observações;<p>70 anos</p><p></p><p>dorsalgia e dor paravertebral. a esquerda</p><p>há 2,5 anos, relata bom manejo de dor com pregabalina 75 12/12h</p><p></p><p>hemodialise há 2,5 anos - 6 linfomas, primeiro 1994</p><p>IRC pelo uso de contraste/medicaçoes e HAS</p><p></p><p>RM COM HERNIA T12-L1 A ESQUERDA E PEQUENA RETROLISTESE POREM AXIAL NAO DISPONIVEL, SOLICITO TRAZER SENHA PARA ACESSO ONLINE</p><p>Rx panoramico: sem grandes devias</p><p></p><p>CD: Renovo receita pregabalina 75mg 12/12h</p>
28150485;ZILMA MARINHO;PAVAO;6826531;1;2022-06-09;Diagnóstico;
28150485;ZILMA MARINHO;PAVAO;6826531;2;2022-06-09;Prescrições;
28150485;ZILMA MARINHO;PAVAO;6826531;3;2022-06-09;ressonancia;
28150451;LUCAS MARQUES DIAS DE;ALENCAR;6826628;0;2022-06-09;Observações;<p>14 ANOS, 1,75M</p><p></p><p>INVESTIGAÇAO DE ESCOLIOSE</p><p></p><p>PANORAMICA: 17 GRAUS DE ESCOLIOSE TORACICA T1-T11</p><p>CIFOSE T1-T12: 50 GRAUS.</p><p></p><p></p><p>AO EXAME PECTUS ESCAVATUM, HIPERTROFIA DE MUSCULATURA ESCAPULAR DIREITA</p><p></p><p>MARFAN? - AGUARDA AVALIAÇÃO COM GENETICISTA</p><p></p><p>CD: RPG, SOLICITO NOVA PANORAMICA EM 6 MESES</p><p></p>
28150451;LUCAS MARQUES DIAS DE;ALENCAR;6826628;1;2022-06-09;Diagnóstico;
28150451;LUCAS MARQUES DIAS DE;ALENCAR;6826628;2;2022-06-09;Prescrições;
28150451;LUCAS MARQUES DIAS DE;ALENCAR;6826628;3;2022-06-09;ressonancia;
31029968;ROSANA;GATTORE;6827003;0;2022-06-09;Observações;<p>67 anos, lojista</p><p></p><p>dores difusas, maos ombros e joelhos</p><p></p><p>pior pela manha</p><p></p><p>ao reumatologista</p>
31029968;ROSANA;GATTORE;6827003;1;2022-06-09;Diagnóstico;
31029968;ROSANA;GATTORE;6827003;2;2022-06-09;Prescrições;
31029968;ROSANA;GATTORE;6827003;3;2022-06-09;ressonancia;
25520321;NEUSA;DE SOUZA BRASIL;6827151;0;2022-06-09;Observações;<p>PO ALIF L4-S1 EM 03/22</p><p></p><p>RM COM COLECAO LIQUIDA EM FRENTE A L5-S1</p><p>PACIENTE ASSINTOMATICA</p><p></p><p>LINFA?</p><p></p><p>F.O. LIMPA. E SECA</p><p>RX COM IMPLANTES BEM POSICIONADOS</p><p></p><p>LIBERO PARA ATIVIDADE FÍSICA</p><p></p><p>RETORNO EM 6 MESES PARA RX PANORAMICO E NOVA RM PARA AVALIAR COLEÇÃO</p>
25520321;NEUSA;DE SOUZA BRASIL;6827151;1;2022-06-09;Diagnóstico;
25520321;NEUSA;DE SOUZA BRASIL;6827151;2;2022-06-09;Prescrições;
25520321;NEUSA;DE SOUZA BRASIL;6827151;3;2022-06-09;ressonancia;
31030021;VANESSA NOVAIS;ALMEIDA;6827434;0;2022-06-09;Observações;<p>VANESSA NOVAIS, 29 ANOS, OPERADORA DE CAIXA</p><p>PO INFILTRACAO LOMBAR EM 09/22 COM MELHORA DA DOR PORÉM POR POUCO TEMPO</p><p></p><p>INICOU COM DORES EM MEMBROS INFERIORES, PORÉM DOR LOMBAR É MAIS INTENSA E JOELHO ESQUERDO É ONDE A DOR É MAIS INTENSA - VAS LOMBAR 8/10 VAS PERNAS: 7/10</p><p>NÃO TEM CLAUDICAÇÃO.</p><p></p><p>RELATA 'DESVIO DE COLUNA TAMBÉM'</p><p></p><p>CD: RM LOMBAR E PANORAMICO</p>
31030021;VANESSA NOVAIS;ALMEIDA;6827434;1;2022-06-09;Diagnóstico;
31030021;VANESSA NOVAIS;ALMEIDA;6827434;2;2022-06-09;Prescrições;
31030021;VANESSA NOVAIS;ALMEIDA;6827434;3;2022-06-09;ressonancia;
31030031;FLAVIO DA SILVA;PITOMBEIRA;6827625;0;2022-06-09;Observações;<p>43</p><p>dor lombar e dorsal</p><p>inicio há mais de 20 anos</p><p>rm previa (apenas laudo) com VT e mega apofise transversa</p><p></p><p>realizou ressecacao de lesão ureteral/prostatica - benigna sic</p><p></p><p>cd: RM lombar e dorsal</p><p>panoramica</p>
31030031;FLAVIO DA SILVA;PITOMBEIRA;6827625;1;2022-06-09;Diagnóstico;
31030031;FLAVIO DA SILVA;PITOMBEIRA;6827625;2;2022-06-09;Prescrições;
31030031;FLAVIO DA SILVA;PITOMBEIRA;6827625;3;2022-06-09;ressonancia;
31030095;JOSENILTON LVES;LIMA;6828404;0;2022-06-09;Observações;<p>po artrodese lombar há 5 meses</p><p></p><p>solicito radiografia de controle</p><p>está assintomático no momento</p>
31030095;JOSENILTON LVES;LIMA;6828404;1;2022-06-09;Diagnóstico;
31030095;JOSENILTON LVES;LIMA;6828404;2;2022-06-09;Prescrições;
31030095;JOSENILTON LVES;LIMA;6828404;3;2022-06-09;ressonancia;
31030107;ANA PAULA DANTAS SOUSA;SILVA;6828998;0;2022-06-09;Observações;<p></p><p>dor cervical e lombar há 1 ano</p><p>sem irradiação</p><p>iniciou academia recentemente com melhora parcial</p><p></p><p>cd: Rm lombar. e cervical </p>
31030107;ANA PAULA DANTAS SOUSA;SILVA;6828998;1;2022-06-09;Diagnóstico;
31030107;ANA PAULA DANTAS SOUSA;SILVA;6828998;2;2022-06-09;Prescrições;
31030107;ANA PAULA DANTAS SOUSA;SILVA;6828998;3;2022-06-09;ressonancia;
27462673;GISLENE FERREIRA;SANTIAGO;6985269;0;2022-06-30;Observações;<p>49 anos</p><p>cervicalgia há 10 anos</p><p>irradiação para ombros</p><p>piora ao elevar os braços</p><p></p><p>HMP: nodulo hepatico</p><p></p><p>RM: hernia e estenose C5-6 e c6-7</p><p>uncoartrodese c5-6 e c6-7</p><p></p><p>cd: bloqueio facetario cervical</p><p>artrodese se nao melhora</p>
27462673;GISLENE FERREIRA;SANTIAGO;6985269;1;2022-06-30;Diagnóstico;
27462673;GISLENE FERREIRA;SANTIAGO;6985269;2;2022-06-30;Prescrições;
27462673;GISLENE FERREIRA;SANTIAGO;6985269;3;2022-06-30;ressonancia;
23850321;MARCOS;ROBERTO DE SOUSA;6985562;0;2022-06-30;Observações;<p>MARCOS ROBERTO DE SOUSA</p><p></p><p>Retorna após acdf C4-6</p><p>melhora da dor </p><p></p><p>mantem dor lombar e irradiação para membro superior direito</p><p>indico bloqueio facetario lombar </p>
23850321;MARCOS;ROBERTO DE SOUSA;6985562;1;2022-06-30;Diagnóstico;
23850321;MARCOS;ROBERTO DE SOUSA;6985562;2;2022-06-30;Prescrições;
23850321;MARCOS;ROBERTO DE SOUSA;6985562;3;2022-06-30;ressonancia;
30010684;IRACI TORRES OLIVEIRA;SILVA;6986034;0;2022-06-30;Observações;<p>51 anos, serviços gerais</p><p> dor lombar, piora ao ficar em pe ou sentada por longos periodos</p><p>tem ainda ciatica a esquerda</p><p></p><p>solicito RM coluna lombar.</p>
30010684;IRACI TORRES OLIVEIRA;SILVA;6986034;1;2022-06-30;Diagnóstico;
30010684;IRACI TORRES OLIVEIRA;SILVA;6986034;2;2022-06-30;Prescrições;
30010684;IRACI TORRES OLIVEIRA;SILVA;6986034;3;2022-06-30;ressonancia;
21371396;MARIA;DE FATIMA CORREIA;6986147;0;2022-06-30;Observações;<p>MARIA DE FATIMA CORREIA, 59 ANOS</p><p></p><p>DOR CERVICAL, MAIOR A ESQUERDA, RELATA FIBROMIALGIA</p><p>JA FEZ BLOQUEIO COM MELHORA DOS SINTOMAS - 30 DIAS (FEZ EM MAIO/22)</p><p></p><p>MUC: GARDENAL E BROMAZEPAM - EPILEPSIA</p><p>HAS - LOSARTANA E HCTZ</p><p>SYNTROID 100MCG - HIPOTIREOIDISMO</p><p></p><p>CD: RIZOTOMIA DE FACETAS CERVICAIS </p>
21371396;MARIA;DE FATIMA CORREIA;6986147;1;2022-06-30;Diagnóstico;
21371396;MARIA;DE FATIMA CORREIA;6986147;2;2022-06-30;Prescrições;
21371396;MARIA;DE FATIMA CORREIA;6986147;3;2022-06-30;ressonancia;
31899416;IRENE ZANETI DA;SILVA;6986606;0;2022-06-30;Observações;<p>IRENE ZANETI DA SILVA, 66</p><p></p><p></p><p>DIABETES</p><p>GLIFAGE 500MG 1X A NOITE </p><p></p><p>RM COM ESTENOSE C3-4 C4-5 E C5-6 E L2-5</p><p></p><p>INDICO ACDF C3-5 E ALIF L2-5</p><p>NAO DESEJA OPERAR NO MOMENTO</p><p>ORIENTO.</p>
31899416;IRENE ZANETI DA;SILVA;6986606;1;2022-06-30;Diagnóstico;
31899416;IRENE ZANETI DA;SILVA;6986606;2;2022-06-30;Prescrições;
31899416;IRENE ZANETI DA;SILVA;6986606;3;2022-06-30;ressonancia;
25975785;ELISANDRA;AGNOLETTO;6987012;0;2022-06-30;Observações;<p>47 ANOS</p><p>FEZ RM E DIAGNOSTICOU NODULO S3</p><p>FIZ TC - NAO IDENTIFICOU LESAO</p><p>RETORNA COM RM COM CONTRASTE E VOLTOU COM RESULTADO:</p><p></p><p>LESAO NAO CAPTANTE DE 1CM (SEM AUMENTO)</p><p></p><p>CD: ORIENTO</p><p>ALTA</p>
25975785;ELISANDRA;AGNOLETTO;6987012;1;2022-06-30;Diagnóstico;
25975785;ELISANDRA;AGNOLETTO;6987012;2;2022-06-30;Prescrições;
25975785;ELISANDRA;AGNOLETTO;6987012;3;2022-06-30;ressonancia;
28883255;JULIANA;LEMES PEREIRA RANDI;6987281;0;2022-06-30;Observações;
28883255;JULIANA;LEMES PEREIRA RANDI;6987281;1;2022-06-30;Diagnóstico;
28883255;JULIANA;LEMES PEREIRA RANDI;6987281;2;2022-06-30;Prescrições;
28883255;JULIANA;LEMES PEREIRA RANDI;6987281;3;2022-06-30;ressonancia;
31899448;KELLY ITIUBA;TOY;6987381;0;2022-06-30;Observações;
31899448;KELLY ITIUBA;TOY;6987381;1;2022-06-30;Diagnóstico;
31899448;KELLY ITIUBA;TOY;6987381;2;2022-06-30;Prescrições;
31899448;KELLY ITIUBA;TOY;6987381;3;2022-06-30;ressonancia;
31899429;EDA SINARA ANDRADE;RIBEIRO;6987474;0;2022-06-30;Observações;<p></p><p>dor lombar e MID</p><p>há 20 anos</p><p>pior há 3 meses</p><p></p><p>rm com efusao facetaria e esoliose</p><p></p><p>indico bloqueio - nova rm para laudo com efusao</p><p>e rx panoramico</p>
31899429;EDA SINARA ANDRADE;RIBEIRO;6987474;1;2022-06-30;Diagnóstico;
31899429;EDA SINARA ANDRADE;RIBEIRO;6987474;2;2022-06-30;Prescrições;
31899429;EDA SINARA ANDRADE;RIBEIRO;6987474;3;2022-06-30;ressonancia;
31899448;KELLY ITIUBA;TOY;6987910;0;2022-06-30;Observações;<p>dor cervical há 5 anos</p><p></p><p>sem irradiacao</p><p></p><p>já fez bloqueio com melhora por 7 meses</p><p></p><p>cd: indico novo bloqueio</p>
31899448;KELLY ITIUBA;TOY;6987910;1;2022-06-30;Diagnóstico;
31899448;KELLY ITIUBA;TOY;6987910;2;2022-06-30;Prescrições;
31899448;KELLY ITIUBA;TOY;6987910;3;2022-06-30;ressonancia;
31900787;CLAYTON CHUENG MAN;TOY;6988165;0;2022-06-30;Observações;<p>45 ANOS</p><p></p><p>CERVICALGIA HÁ 5 ANOS, ASSOCIADA A PARESTESIAS EM MSE</p><p></p><p>FEZ BLOQUEIO PREVIO COM MELHORA DA DOR</p><p></p><p>RM SEM COMPRESSOES SINGIFICATIVAS</p><p></p><p>INDICO BLOQUEIO</p><p></p><p></p>
31900787;CLAYTON CHUENG MAN;TOY;6988165;1;2022-06-30;Diagnóstico;
31900787;CLAYTON CHUENG MAN;TOY;6988165;2;2022-06-30;Prescrições;
31900787;CLAYTON CHUENG MAN;TOY;6988165;3;2022-06-30;ressonancia;
27462872;JOSENILDO JOÃO DA;SILVA;6988371;0;2022-06-30;Observações;<p>melhora da dor lombar</p><p></p><p>rm com altercares degenerativas</p><p></p><p>oriento</p>
27462872;JOSENILDO JOÃO DA;SILVA;6988371;1;2022-06-30;Diagnóstico;
27462872;JOSENILDO JOÃO DA;SILVA;6988371;2;2022-06-30;Prescrições;
27462872;JOSENILDO JOÃO DA;SILVA;6988371;3;2022-06-30;ressonancia;
27462965;ARTHUR ALMEIDA DA;SILVA;6988718;0;2022-06-30;Observações;<p>8 anos</p><p></p><p>dor lombar esporadica</p><p></p><p>panoramico sem escoliose</p><p></p><p>cd: oriento</p>
27462965;ARTHUR ALMEIDA DA;SILVA;6988718;1;2022-06-30;Diagnóstico;
27462965;ARTHUR ALMEIDA DA;SILVA;6988718;2;2022-06-30;Prescrições;
27462965;ARTHUR ALMEIDA DA;SILVA;6988718;3;2022-06-30;ressonancia;
27940911;ANTONIO FERNANDES;GARCIA;7120214;0;2022-07-07;Observações;<p>retorna com RM com estenose lombar L4-5 e escoliose</p><p>porem sem claudicação e no momento sem dor</p><p></p><p>panoramico para avaliar escoliose</p>
27940911;ANTONIO FERNANDES;GARCIA;7120214;1;2022-07-07;Diagnóstico;
27940911;ANTONIO FERNANDES;GARCIA;7120214;2;2022-07-07;Prescrições;
27940911;ANTONIO FERNANDES;GARCIA;7120214;3;2022-07-07;ressonancia;
32176150;FLAVIA CAMPOS;COELHO;7120241;0;2022-07-07;Observações;<p>41 anos</p><p></p><p>dor lombar e nádega direita há 1,2 anos </p><p></p><p>endometriose</p><p>1 abordo prévio</p><p>resistência insulínica</p><p></p><p>glifage</p><p>sinvastatina</p><p>fluoxetina</p><p></p><p>ao exame</p><p></p><p>dor em sacroiliac as manobras de estresse</p><p>sem irradiação para MIE</p><p></p><p>rm com hernia l5-s1 e colapso discal porém sem compressões significativas</p><p></p><p>cd: Retorno com RM de sacro iliaca</p><p></p><p></p><p></p><p></p>
32176150;FLAVIA CAMPOS;COELHO;7120241;1;2022-07-07;Diagnóstico;
32176150;FLAVIA CAMPOS;COELHO;7120241;2;2022-07-07;Prescrições;
32176150;FLAVIA CAMPOS;COELHO;7120241;3;2022-07-07;ressonancia;
31030004;ANDRÉ DIAS;ALMEIDA;7120767;0;2022-07-07;Observações;<p>53 anos, administrador hospital</p><p>#PO laminectomia em 2008 e endoscopia lombar em 2021</p><p></p><p>Retorna por queixa de dor cervical com eventual irradiação para MSE - sem trajeto específico, relata ainda manutenção de dor e dificuldade para extensão dos dedos do pé esquerdo.</p><p></p><p>HMP:</p><p>3 AVCS</p><p>3 INFARTOS</p><p>DM</p><p>HAS</p><p>ARRITMIA CARDÍACA</p><p></p><p>MUC:</p><p>AAS</p><p>CLOPIDOGREL</p><p>ESPIRONOLACTONA</p><p>ENALAPRIL</p><p>METOPROLOL</p><p>ISOSSORBIDA</p><p>ROSUVASTATINA</p><p>NPH E REGULAR</p><p>JANUMED</p><p>JARDIANCE</p><p></p><p>RM: HERNIA DE DISCO C5-6 PORÉM COM RIMA LIQUÓRICA PRESERVADA - NAO TOCA COLUNA E ESTENOSE LOMBAR L4-5 PORÉM DISCRETA - NÃO TROUXE LAUDO</p><p>PRE-OP OK</p><p></p><p>ESTÁ REALIZANDO FISIOTERAPIA</p><p></p><p>CD: NOVA RM CERVICAL E SOLICITAR BLOQUEIO NO RETORNO</p>
31030004;ANDRÉ DIAS;ALMEIDA;7120767;1;2022-07-07;Diagnóstico;
31030004;ANDRÉ DIAS;ALMEIDA;7120767;2;2022-07-07;Prescrições;
31030004;ANDRÉ DIAS;ALMEIDA;7120767;3;2022-07-07;ressonancia;
29392581;EDMILSON BORGES;FERREIRA;7129054;0;2022-07-07;Observações;<p>33 anos</p><p></p><p>PO artrodese em abril/18 L4-S1</p><p></p><p>retorna com radiografia - mantem dor lombar</p><p></p><p>radiografia com quebra de parafuso de S1 e halo ao redor de parafuso de s1 remanscente</p><p></p><p>cd: solicito TC de coluna lombar e radiografia panoramica e pré op para alif L4-s1 e revião de artrodese L4-s1.</p><p></p><p></p>
29392581;EDMILSON BORGES;FERREIRA;7129054;1;2022-07-07;Diagnóstico;
29392581;EDMILSON BORGES;FERREIRA;7129054;2;2022-07-07;Prescrições;
29392581;EDMILSON BORGES;FERREIRA;7129054;3;2022-07-07;ressonancia;
30008538;MIRIÃ RODRIGUES DE SOUZA;SILVA;7130208;0;2022-07-07;Observações;<p></p><p>PO discectomia l5-s1 endoscopica</p><p>Melhora da dor e retorno da força em MIE </p><p></p><p>cd: inicio fisioterapia, nova radiografia para avaliar escoliose</p><p>retirar pregabalina após as 6 semana</p>
30008538;MIRIÃ RODRIGUES DE SOUZA;SILVA;7130208;1;2022-07-07;Diagnóstico;
30008538;MIRIÃ RODRIGUES DE SOUZA;SILVA;7130208;2;2022-07-07;Prescrições;
30008538;MIRIÃ RODRIGUES DE SOUZA;SILVA;7130208;3;2022-07-07;ressonancia;
32176380;ANDRE LUIZ SILVA DE CASTRO;CRUZ;7130487;0;2022-07-07;Observações;<p>29 ANOS, CORRETOR DE SEGUROS</p><p></p><p>DOR LOMBAR HÁ 4 MESES, SEM IRRADIACAO</p><p></p><p>PIORA A FLEXAO, NAO PIORA A EXTENSAO OU A FICAR EM PE</p><p></p><p>RM COM HERNIA DE DISCO E DDD L5-S1 E DEGENERACAO FACETARIA</p><p></p><p>CD: ORIENTO FORTALECIMENTO E BLOQUEIO FACETARIO - IRA PENSAR</p>
32176380;ANDRE LUIZ SILVA DE CASTRO;CRUZ;7130487;1;2022-07-07;Diagnóstico;
32176380;ANDRE LUIZ SILVA DE CASTRO;CRUZ;7130487;2;2022-07-07;Prescrições;
32176380;ANDRE LUIZ SILVA DE CASTRO;CRUZ;7130487;3;2022-07-07;ressonancia;
32600806;SONIA MARIA;LOURENCO DOS SANTOS;7241060;0;2022-07-21;Observações;"<p>SONIA MARIA, 70 ANOS</p><p></p><p>LOMBALGIA HÁ 3 ANOS, EVENTUAL ˜CANSAÇO NAS PERNAS"" MAS DOR LOMBAR É MAIS INTENSA AO DEAMBULAR E AO FICAR EM PÉ, NAO DEAMBULA MAIS QUE 50 METROS.</p><p>EM USO DE PREGABALINA SEM MELHORA</p><p></p><p>3 CESAREAS PREVIAS</p><p>3 STENTS POR IAM PREVIO</p><p>AIT PREVIO</p><p></p><p>MUC: </p><p>LOSARTANA</p><p>ATENOLOL</p><p>DIOPRESS</p><p>ao exame</p><p>Hipercifose torácica</p><p>TC com listasse L4-5 e instabilidade segmentar associada a estenose</p><p>cd: RM lombar, dinamico panoramico e pre op para ALIF L4-5</p>"
32600806;SONIA MARIA;LOURENCO DOS SANTOS;7241060;1;2022-07-21;Diagnóstico;
32600806;SONIA MARIA;LOURENCO DOS SANTOS;7241060;2;2022-07-21;Prescrições;
32600806;SONIA MARIA;LOURENCO DOS SANTOS;7241060;3;2022-07-21;ressonancia;
32601007;ROSENI;SOUZA MOREIRA;7241389;0;2022-07-21;Observações;<p>ROSENI, 63 ANOS</p><p></p><p>LISTESE HÁ 30 ANOS</p><p>PIOR HÁ 3 ANOS</p><p>FRATURA DE L1 HÁ 2 MESES</p><p>DOR INTENSA</p><p>NAO FICA EM PÉ POR MAIS QUE 5 MINUTOS</p><p></p><p>CD: INDICO CIFOPLASTIA DE L1. SOLICITO PRE OP</p><p>APOS PROCEDIMENTO REALIZAR PANORAMICO</p>
32601007;ROSENI;SOUZA MOREIRA;7241389;1;2022-07-21;Diagnóstico;
32601007;ROSENI;SOUZA MOREIRA;7241389;2;2022-07-21;Prescrições;
32601007;ROSENI;SOUZA MOREIRA;7241389;3;2022-07-21;ressonancia;
32600896;PAULO;DE JESUS SANTOS;7242083;0;2022-07-21;Observações;<p>52 ANOS</p><p>DOR LOMBAR E CERVICAL HÁ 20 ANOS</p><p>SEM IRRADIAÇAO</p><p>RM COM ALTERACOES DEGENERATIVAS</p><p>E ESTENOSE 4 NIVEIS CERVICAL</p><p></p><p>DOR LOMBAR E MAIS INTENSA</p><p></p><p>HAS: BRASART HCT</p><p></p><p>CD: BLOQUEIO LOMBAR.</p>
32600896;PAULO;DE JESUS SANTOS;7242083;1;2022-07-21;Diagnóstico;
32600896;PAULO;DE JESUS SANTOS;7242083;2;2022-07-21;Prescrições;
32600896;PAULO;DE JESUS SANTOS;7242083;3;2022-07-21;ressonancia;
32601074;ADILSON;DA SILVA CAMILO;7242526;0;2022-07-21;Observações;<p>57 ANOS, APOSENTADO</p><p>DOR CERVCIAL E LOMBAR EVENTUAL</p><p></p><p>CD: RM LOMBAR E CERVICAL</p>
32601074;ADILSON;DA SILVA CAMILO;7242526;1;2022-07-21;Diagnóstico;
32601074;ADILSON;DA SILVA CAMILO;7242526;2;2022-07-21;Prescrições;
32601074;ADILSON;DA SILVA CAMILO;7242526;3;2022-07-21;ressonancia;
32601097;JOSE MOURA;RIBEIRO DE CARVALHO;7242677;0;2022-07-21;Observações;<p>52 anos, padeiro</p><p>dor lombar há 15 anos, sem irradiação, apresenta ainda dor cervical porém menos intensa e também sem irradiação </p><p>cirurgia de rotura de manguito bilateral</p><p></p><p>já passou com outro colega irá realizar pilates e fst</p><p>rm com abaulamentos difusos sem compressões e escoliose</p><p></p><p>cd: panoramica</p><p>bloqueio se nao melhora com fst</p>
32601097;JOSE MOURA;RIBEIRO DE CARVALHO;7242677;1;2022-07-21;Diagnóstico;
32601097;JOSE MOURA;RIBEIRO DE CARVALHO;7242677;2;2022-07-21;Prescrições;
32601097;JOSE MOURA;RIBEIRO DE CARVALHO;7242677;3;2022-07-21;ressonancia;
30010559;RICARDO ANTONIO;MARTINS;7313344;0;2022-07-28;Observações;
30010559;RICARDO ANTONIO;MARTINS;7313344;1;2022-07-28;Diagnóstico;
30010559;RICARDO ANTONIO;MARTINS;7313344;2;2022-07-28;Prescrições;
30010559;RICARDO ANTONIO;MARTINS;7313344;3;2022-07-28;ressonancia;
27463289;MANOEL JOSÉ DA;SILVA;7370497;0;2022-08-04;Observações;<p>56 anos, aposentado</p><p></p><p>dor cervical refratária - 2 anos, dor irradia para membro superior esquerdo principalmente ao flexionar o pescoço lateralmente para esquerda trajeto c8</p><p></p><p>sem alterações ao exame</p><p>spurling positivo a esquerda</p><p></p><p>has- ablock plus 50/12,5mg</p><p></p><p>rm: hernia c5-6 e c6-7 com redução de bases foraminais</p><p></p><p>cd: pre op para acdf c5-7</p>
27463289;MANOEL JOSÉ DA;SILVA;7370497;1;2022-08-04;Diagnóstico;
27463289;MANOEL JOSÉ DA;SILVA;7370497;2;2022-08-04;Prescrições;
27463289;MANOEL JOSÉ DA;SILVA;7370497;3;2022-08-04;ressonancia;
33169659;ELAINE;CRISTINA RIBEIRO;7371496;0;2022-08-04;ANAMNESE;<p>46 ANOS, COZINHEIRA</p><p>DOR CERVICAL E LOMBAR</p><p>HÁ MAIS DE 5 ANOS</p><p></p><p>APRESENTA IRRADIACAO PARA MSE, SEM TRAJETO ESPECÍFICO, EVENTUALMENTE APRESENTA PARESTESIAS</p><p></p><p>ARADOIS 2X</p><p>METFORMINA 850MG 2X</p><p>ABLOCK 25MG 1X AO MEIO DIA</p><p>HCTZ 1X</p><p></p><p>AO EXAME</p><p>DOR EM PALPACAO DE ESPINHOSAS BAIXAS E A EXTENSAO</p><p>SPURLING NEGATIVO</p><p></p><p>RM COM HERNIA C5-6 E C6-7 PORÉM SEM IMAGENS AXIAIS BAIXAS</p><p>LOMBAR SEM ESTENOSES SIGNIFICATIVAS</p><p></p><p>CD: ACDF C5-7</p><p></p>
33169659;ELAINE;CRISTINA RIBEIRO;7371496;1;2022-08-04;Diagnóstico;
33169659;ELAINE;CRISTINA RIBEIRO;7371496;2;2022-08-04;Prescrições;
33169659;ELAINE;CRISTINA RIBEIRO;7371496;3;2022-08-04;ressonancia;
30008561;GENILSON RODRIGUES DE;SANTANA;7372456;0;2022-08-04;Observações;<p>Retorna com RM, mantem quadro exuberante de dor, principalmente a extensão.</p><p></p><p>RM com fissura de anulo L5-S1</p><p>degeneracy de apofisarias</p><p></p><p>cd: bloqueio lombar</p>
30008561;GENILSON RODRIGUES DE;SANTANA;7372456;1;2022-08-04;Diagnóstico;
30008561;GENILSON RODRIGUES DE;SANTANA;7372456;2;2022-08-04;Prescrições;
30008561;GENILSON RODRIGUES DE;SANTANA;7372456;3;2022-08-04;ressonancia;
33169899;MARTA;REGINA DEVECHI;7373114;0;2022-08-04;Observações;<p>55 anos, aposentada (atualmente costureira)</p><p></p><p>dorsalgia há 4 anos</p><p>paramediana a direita</p><p></p><p>po de bariatrica em 2013</p><p></p><p>RM com hernia torácica a centro-direita T6-7 e hipercifose </p><p></p><p></p><p>ao exame</p><p>dor a palpação de região paramediana direita dorsal e nódulo musculares palpaveis</p><p></p><p>cd: panoramico</p><p>toperma</p><p>Sirdalud</p>
33169899;MARTA;REGINA DEVECHI;7373114;1;2022-08-04;Diagnóstico;
33169899;MARTA;REGINA DEVECHI;7373114;2;2022-08-04;Prescrições;
33169899;MARTA;REGINA DEVECHI;7373114;3;2022-08-04;ressonancia;
30010559;RICARDO ANTONIO;MARTINS;7373922;0;2022-08-04;Observações;<p>fez bloqueio lombar</p><p>ficou bom por 3 dias</p><p>medico</p><p>FST + ACUPUNTURA</p><p>aguarda RM</p><p>se nao melhora considerar rizotomia</p>
30010559;RICARDO ANTONIO;MARTINS;7373922;1;2022-08-04;Diagnóstico;
30010559;RICARDO ANTONIO;MARTINS;7373922;2;2022-08-04;Prescrições;
30010559;RICARDO ANTONIO;MARTINS;7373922;3;2022-08-04;ressonancia;
30008538;MIRIÃ RODRIGUES DE SOUZA;SILVA;7374662;0;2022-08-04;Observações;<p>PO discectomia </p><p></p><p>retorna com panorâmico - 13 graus de escoliose lombar</p><p></p><p>cd: libero para trabalho e atividade física.</p>
30008538;MIRIÃ RODRIGUES DE SOUZA;SILVA;7374662;1;2022-08-04;Diagnóstico;
30008538;MIRIÃ RODRIGUES DE SOUZA;SILVA;7374662;2;2022-08-04;Prescrições;
30008538;MIRIÃ RODRIGUES DE SOUZA;SILVA;7374662;3;2022-08-04;ressonancia;
30011068;SOLANGE DA;CUNHA;7599552;0;2022-08-18;Observações;<p>54a, cabeleireira</p><p></p><p>cervicalgia refrátaria,</p><p></p><p>inicio há 10 anos</p><p></p><p>associada a parestesias em maos, mais a direita, eventualmente derruba objetos</p><p></p><p>puran 125mcg</p><p></p><p>Ao exame: hipercifose toraco-lombar</p><p></p><p>rm com hernia c3-4, c4-5 e c5-6 e compressao medular nesses níveis</p><p>rx panoramico: 57 graus de t5-t12 e 112 t1-t12.</p><p></p><p>cd: acdf c3-6</p><p>densitometria ossea e rm de coluna dorsal</p><p></p>
30011068;SOLANGE DA;CUNHA;7599552;1;2022-08-18;Diagnóstico;
30011068;SOLANGE DA;CUNHA;7599552;2;2022-08-18;Prescrições;
30011068;SOLANGE DA;CUNHA;7599552;3;2022-08-18;ressonancia;
29392598;CLAUDIO PAIM DA;SILVA;7600698;0;2022-08-18;Observações;<p>melhora da dor em 80%</p><p>libero para tividade fisica e fisioterapia</p>
29392598;CLAUDIO PAIM DA;SILVA;7600698;1;2022-08-18;Diagnóstico;
29392598;CLAUDIO PAIM DA;SILVA;7600698;2;2022-08-18;Prescrições;
29392598;CLAUDIO PAIM DA;SILVA;7600698;3;2022-08-18;ressonancia;
33996809;ALTAIR;PRUDENTE SANTOS;7600822;0;2022-08-18;Observações;<p>55 anos, engenheiro</p><p></p><p>DOR CERVICAL E LOMBAR</p><p>VAS 10/10 EM AMBAS, HÁ 10 ANOS</p><p></p><p></p><p></p><p>JÁ REALIZOU 4 CIRURGIAS NOS MEMBROS SUPERIORES - ˜TENDINITE/BURSITE˜</p><p></p><p>RM CERVICAL SEM COMPRESSOES</p><p></p><p>RM LOMBAR COM HERNIA E DISCRETA ESTENOSE L4-5 PRINCIPALMENTE A ESQUERDA</p><p></p><p>CD: BLOQUEIO LOMBAR</p><p>APÓS BLOQUEIO CERVICAL</p><p></p>
33996809;ALTAIR;PRUDENTE SANTOS;7600822;1;2022-08-18;Diagnóstico;
33996809;ALTAIR;PRUDENTE SANTOS;7600822;2;2022-08-18;Prescrições;
33996809;ALTAIR;PRUDENTE SANTOS;7600822;3;2022-08-18;ressonancia;
29392660;JOSÉ CALADO DA SILVA;FILHO;7601532;0;2022-08-18;Observações;<p>57 anos, gerente predial</p><p></p><p>lombalgia há 10 anos, irradiação para MIE trajeto L5 HÁ 3 anos</p><p></p><p>melhora com acupuntura e fisioterapia - melhorou da dor lombar com bloqueio, mantem dor em MIE</p><p></p><p>RM sem compressões, hernia L5-S1</p><p></p><p></p><p>cd: pregabalina 150mg a noite</p><p>toperma</p><p>retorno em 2 semanas com RM para afastar estenose de recesso/forame</p>
29392660;JOSÉ CALADO DA SILVA;FILHO;7601532;1;2022-08-18;Diagnóstico;
29392660;JOSÉ CALADO DA SILVA;FILHO;7601532;2;2022-08-18;Prescrições;
29392660;JOSÉ CALADO DA SILVA;FILHO;7601532;3;2022-08-18;ressonancia;
24051750;LINA MARIA;VENCESLAU DA SILVA BARROS;7943456;0;2022-09-01;Anamnese;<p>LINA MARIA BARROS 50 anos</p><p></p><p>Po de infiltracao lombar</p><p></p><p>cd: Fisioterapia.</p>
24051750;LINA MARIA;VENCESLAU DA SILVA BARROS;7943456;1;2022-09-01;Diagnóstico;
24051750;LINA MARIA;VENCESLAU DA SILVA BARROS;7943456;2;2022-09-01;Prescrições;
24051750;LINA MARIA;VENCESLAU DA SILVA BARROS;7943456;3;2022-09-01;ressonancia;
34449539;Fernanda;Dias do Carmo;7943792;0;2022-09-01;Observações;<p>Fernanda Dias do Carmo, 38 anos</p><p></p><p>PO artrodese há 8 anos</p><p></p><p>RELATA DOR EM QUADRIL E JOELHO DIREITO</p><p></p><p>RESSONANCIA PREVIA COM ˜CAGE`SOB RAIZES L4-5</p><p>E DESVIO - ESCOLIOSE</p><p></p><p>AO EXAME LASEGUE NEGATIVO</p><p></p><p>CD: AVALIACAO DE JOELHO DIREITO</p><p>SOLICITO PANORAMICO E RX DE COLUNA LOMBAR</p><p></p>
34449539;Fernanda;Dias do Carmo;7943792;1;2022-09-01;Diagnóstico;
34449539;Fernanda;Dias do Carmo;7943792;2;2022-09-01;Prescrições;
34449539;Fernanda;Dias do Carmo;7943792;3;2022-09-01;ressonancia;
27126057;JOSIANE MARTINS DE;OLIVEIRA;7944774;0;2022-09-01;Observações;<p>RETORNA APOS INFILTRACAO, NAO ESTA REABILITANDO</p><p></p><p>SOLICITO REABILITACAO, NOVA INFILTRACAO SE NAO MELHORA</p>
35288664;Maria do Carmo;Barbosa de Souza;8220910;0;2022-09-15;Observações;
35702491;NEUSA;HELENA VIEIRA DE SOUSA;8220934;0;2022-09-15;Observações;<p>55 anos, técnica de enfermagem</p><p></p><p>Dor Lombar há 3 meses, sem alivio, sem irradiação, piora ao ficar em pé e ao curvar-se</p><p></p><p>venlafaxine 150mg/dia</p><p>Losartana 50mg/dia</p><p></p><p>Ao exame</p><p></p><p>sem evidencia de escoliose ao exame</p><p></p><p>dor a palpação paravertebral a direita de lombar baixa</p><p></p><p>cd: Irá pensar sobre ALIF L5-S1. </p><p>Solicito pré-op.</p><p></p><p></p>
30011068;SOLANGE DA;CUNHA;8222123;0;2022-09-15;Observações;
30010515;LUZIA;MIQUELINO;8222335;0;2022-09-15;Observações;<p>59 ANOS, TECNICA DE ENFERMAGEM</p><p></p><p>MELHOROU COM BLOQUEIO LOMBAR, PORÉM ESTÁ COM COCCIDINEA</p><p></p><p>CD: FST PEVICA E MOTORA</p>
30011068;SOLANGE DA;CUNHA;8222563;0;2022-09-15;Observações;<p>54a, cabeleireira</p><p></p><p>cervicalgia refrátaria e irradiação para MSE</p><p></p><p>inicio há 10 anos</p><p></p><p>associada a parestesias em maos, mais a direita, eventualmente derruba objetos</p><p></p><p>deformidade toraco-lombar associada</p><p></p><p>puran 125mcg</p><p></p><p>Ao exame: hipercifose toraco-lombar</p><p></p><p>rm com hernia c3-4, c4-5 e c5-6 e compressao medular nesses níveis</p><p>rx panoramico: 57 graus de t5-t12 e 112 t1-t12.</p><p>RM: multiples nodulos de schrmorl e aumento de cifose</p><p>densitoemtria: normal</p><p></p><p>cd: acdf c3-6</p><p></p>
35702587;MARIZA;LOUREIRO RODRIGUES;8222589;0;2022-09-15;Observações;<p>67 anos, </p><p></p><p>dorsalgia e lombalgia de inicio há 2 anos</p><p>irradiacao para MID até panturrilha por porção posterior</p><p>claudicando para 10 metros</p><p></p><p>pregabalina 50mg 12/12h</p><p>atenolol 50mg 1x dia</p><p>enalapril 20mg 1x dia</p><p></p><p>ao exame</p><p></p><p>hipercifose</p><p>sem escoliose aparente</p><p></p><p>Rm: estenose L2-L5</p><p></p><p>cd:</p><p>Densitometria óssea</p><p>Pré operatório</p><p>Radiografia panorâmica</p><p></p><p></p><p></p>
36104404;Thomas Vinhaes Araújo;Guarese;8494680;0;2022-09-23;Observações;<p>7 ANOS, MAE: RAISSA, PROCEDENCIA: SOROCABA</p><p></p><p>CEFALEIA HÁ 10 MESES</p><p>FRONTAL, EVENTUAL HOLOCRANIANA</p><p>PIORA COM BARULHO E LUZ</p><p></p><p>ASMA E RINITE</p><p></p><p>HISTORICO DE TIA COM ANEURISMA AOS 15 ANOS</p><p></p><p>#A CEFALEIA POR RINITE?</p><p></p><p>CD: ANGIORM</p>
36384037;SONIA MARIA;DE JESUS IZIDORO;8673406;0;2022-09-29;Observações;
36384037;SONIA MARIA;DE JESUS IZIDORO;8673565;0;2022-09-29;Observações;<p>57 anos, agente comunitaria, Notredame </p><p></p><p>Dor lombar há 3 anos, em 2021 diagnosticou</p><p>fratura patológica  diagnosticou mieloma -</p><p></p><p>fez quimioterapia seguida de transplante</p><p>cifoplastia em 2021 </p><p></p><p>Menopausa aos 52 anos</p><p></p><p>MUC: lenalidomina 15mg 1x por dia</p><p>pregabalina 75mg 2x dia</p><p>duloxetina 30mg/dia</p><p>aciclovir 200mg 2cp 2x dia</p><p>AAS 100mg/dia</p><p></p><p>TC COM HIPERCIFOSE</p><p></p><p>cd: Panoramico, RM toracica e Densitometria ossea + pre operatório.</p><p></p><p></p>
36384440;JOSÉ;IRENILDO DA SILVA;8673788;0;2022-09-29;Observações;<p>56 anos, procedente de Diadema, 56 anos</p><p></p><p>Dor lombar e MIE eventual</p><p>realizou split de espinhoso em 2000</p><p></p><p>Rm sem estenose</p><p></p><p>no momento sem dor</p><p></p><p>cd: Oriento</p>
36384842;JANE MICHELE;DIOGO AZARIAS;8673863;0;2022-09-29;Observações;<p>JANE MICHELE, 40 ANOS, TELEMARKETING</p><p></p><p></p><p>ATROPELAMENTO EM 99 COM FRATURA DE BACIA E ENCURTAMENTO DE MEMBRO- SIC E HEMIPARESIA A DIREITA</p><p></p><p>ULTIMA ESCANOMETRIA SEM GRANDES DIFERENÇAS (PORÉM SEM LAUDO)</p><p></p><p>RM COM ESCOLIOSE E DISCOS ALTOS E SEM COMPRESSOES/HERNIAS</p><p></p><p>CD: PANORAMICO DE COLUNA</p>
36384859;THAIS DE;SOUSA SILVA;8674333;0;2022-09-29;Observações;<p>36 anos, do lar,  Diadema</p><p></p><p>Cervicalgia há 2 meses</p><p></p><p>RM com protrusao pequena sem compressões</p><p></p><p>cd: Sirdalud 15 dias</p><p>se nao melhora infiltração e nova rm para documentar facetas</p>
36385178;IVONE;ZARA PINTO;8674456;0;2022-09-29;Observações;<p>81 anos</p><p></p><p>paciente nao presente - histórico de sincopes e mal estar - ja investigação com cardiologista</p><p></p><p>dor lombar e sacroiliaca esquerda?</p><p></p><p>historico de fratura recente de quadril porem não fez cirurgia</p><p></p><p>rm com liste L4-5 e fratura L1</p><p></p><p>panoramico, avaliacao cardio e retorno apos + pre op</p>
33169899;MARTA;REGINA DEVECHI;8675200;0;2022-09-29;Observações;<p>55 anos, aposentada (atualmente costureira)</p><p></p><p>dorsalgia há 4 anos</p><p>paramediana a direita</p><p></p><p>po de bariatrica em 2013</p><p></p><p>RM com hernia torácica a centro-direita T6-7 e hipercifose</p><p></p><p></p><p>ao exame</p><p>dor a palpação de região paramediana direita dorsal e nódulo musculares palpaveis</p><p></p><p>panoramico:</p><p>17 graus de escoliose toraco-lombar</p><p>T1-T12: 68 graus de cifose </p><p>t5-t12: 58 graus</p><p></p><p>cd: Bloqueio t6-7 a direita.</p>
36385815;ROBERTA;PRISCILA VITOR;8675868;0;2022-09-29;Observações;<p>ROBERTA, 38 ANOS, MERCADO (AFASTADA)</p><p></p><p>CERVICALGIA, HÁ 5 ANOS, IRRADIACAO PARA CRANIO E OMBROS</p><p></p><p>LES/FIBROMIALGIA</p><p>HISTERECTOMIA, TUNEL CARPO (BILATERAL), ABLACAO CARDIACA PREVIA</p><p>ASMATICA</p><p></p><p>MUC: REQUENOL 200MG 1X DIA</p><p>PREGABALINA 150MG 1X NOITE</p><p>CONCARDIO 2,5MG 1X</p><p>SERTRALINA 100MG/DIA</p><p>REOVAR (BRONCODILATADOR) 100/25MCG</p><p></p><p>RM: 2 ABAULAMENTOS DISCAIS DISCRETOS</p><p></p><p>ORIENTO</p>
36385831;CINTHYA;GOMES BARRETO;8676165;0;2022-09-29;Observações;<p>CINTHYA, 30 ANOS, ANALISTA DE SEGUROS</p><p></p><p>DOR NO OMBRO DIREITO</p><p></p><p>CD: RM OMBRO DIREITO. E AO ESPECIALISTA</p>
36973461;Vigoberto;Da Silva Barbosa;8860637;0;2022-10-10;Observações;<p>Vigoberto, 40 anos, Eletrica</p><p></p><p>Dor em quadril e coxa esquerda que inicou há 1 ano, porém teve melhora</p><p></p><p>há cerca de 60 dias apresentou retorno da dor</p><p></p><p>apresenta ainda dor lombar eventual ao levantar objetos pesados.</p><p></p><p>Mãe com hérnia de disco </p><p></p><p>ao Exame</p><p></p><p>Dor as manobras de estresse de art. sacro-ilíaca esquerda</p><p></p><p>cd: Fisioterapia</p>
37204631;PRISCILA;DE AMORIM SCAQUETTI;8899820;0;2022-10-13;Observações;<p>37 anos, trabalha com banho e tosa</p><p></p><p>Dor lombar há 5 anos, irradiação para membro inferior esquerdo até regiao do joelho</p><p></p><p>Cirurgia bariátrica há 6 anos</p><p>Colecistectomia </p><p></p><p>dor piora a extensão</p><p></p><p>RM: degeneracao facetario l4-s1 e DDD l4-s1</p><p></p><p>cd: Nova RM e pre op</p><p>Provavel bloqueio</p>
37204596;LAURENICE MARIA;DE BRITO CRUZ;8900539;0;2022-10-13;Observações;<p>73 anos, </p><p></p><p>Dorsalgia há 2 anos, em linha média e paravertebral/escapular a direita</p><p></p><p>História de HAS E Depressão</p><p>donated ,anlodipino, pura, paroxetine, olmesartana</p><p></p><p>Ao exame</p><p></p><p>giba de transição torrado -lombar</p><p></p><p>cd: RM dorsal e RX panoramico.</p><p></p>
37204587;STEPHANIY;MAX VALDEVINO;8900773;0;2022-10-13;Observações;<p>27 anos, auxiliar de cozinha</p><p></p><p>Dor lombar há 10 anos, irradiação para membros inferiores de igual intensidade</p><p>relata ainda histórico de 'desvio na coluna' e dor cervical com irradiação para ombro esquerdo</p><p></p><p>diagnostico previo de fibromialgia</p><p>Ja realizou 3 bloqueios com melhoras parciais</p><p></p><p>MUC: Aines e opioides</p><p></p><p>Ao exame</p><p></p><p>Dor lombar intensa ao agachar-se e limitação de flexibilidade para agachar-se</p><p></p><p>RM 2021 previa com DDD L3-S1 com inversão de lordose sem estenoses significativas</p><p>Cervical: sem compressões significativas </p><p>Espondilite anquilosante?</p><p></p><p>cd: Nova Rm, considerar bloqueio, VHS e PCR - conforme encaminhar reumatologista</p>
37204654;LUCAS;LAERTE DE ALMEIDA;8901327;0;2022-10-13;Observações;<p>18 anos, </p><p></p><p>Dor lombar há 3 meses, acompanha cifose juvenil desde 2018</p><p></p><p>esteticamente signficiante</p><p></p><p>cifose rigida</p><p></p><p>rx previo com 60 graus</p><p></p><p>cd: panoramico e RM, pre op</p><p></p><p></p>
37212549;MARISE;PEREIRA DA CONCEIÇÃO;8901737;0;2022-10-13;Observações;<p></p><p></p><p></p><p>Dor lombar há 5 anos, irradiacao MIE, piora ao caminhar em subidas</p><p></p><p>claudicando para 40 metros</p><p></p><p>HAS E DM</p><p>Anlodipino 25mg 2x , Glifage 500 1x dia</p><p></p><p>Discectomia L4-5 em 2008</p><p></p><p>RM com DDD grave l4-5 e estenose foraminal</p><p></p><p>cd: pre-op + panoramico + nova RM</p><p>tlif l4-5</p><p></p><p></p>
37074801;Alexandre;Bernasconi Albarici;8979357;0;2022-10-20;Observações;<p>27 anos</p><p></p><p>Ciática esquerda em maio, operou em julho</p><p>em setembro apresentou retorno da dor após fisioterapia</p><p>dor aparece durante atividade especificas como isométricos e durante caminhada 3/10</p><p></p><p>ao exame</p><p></p><p>Lasegue negativo, sem deficit de forca</p><p></p><p>RM com hernia recidivada L5-S1</p><p></p><p>cd: RPG, se nao melhora considerar prótese L5-s1</p>
29392660;JOSÉ CALADO DA SILVA;FILHO;9090774;0;2022-10-28;Observações;<p>57 anos, gerente predial</p><p></p><p>lombalgia há 10 anos, irradiação para MIE trajeto S1 HÁ 3 anos</p><p>Há 3 anos iniciou com dor cervical e MSE.</p><p></p><p>melhora com acupuntura e fisioterapia - melhorou da dor lombar com bloqueio, mantem dor em MIE, usou pregabalina porém apresentou muita tontura com 150mg</p><p></p><p>RM sem compressões, hernia L5-S1</p><p></p><p></p><p>cd: Rizotomia de facetas e raiz de S1 esquerda.</p>
29392660;JOSÉ CALADO DA SILVA;FILHO;9091216;0;2022-10-28;Observações;<p>MANTEM DOR EM MIE - S1</p><p></p><p>INDICO RIZOTOMIA</p>
35702491;NEUSA;HELENA VIEIRA DE SOUSA;9091570;0;2022-10-28;Observações;<p>pre op ok</p><p></p><p>aguardo liberação para alif l5-s1</p>
21371881;LUIZ;GONÇALVES FERREIRA;9093603;0;2022-10-28;Observações;<p>PO ACDF C4-7</p><p></p><p>retorna com melhora da função motora e deambulação, FO ja cicatrizada</p><p></p><p>mantem dor lombar e claudicação para 30 metros</p><p>osteopenia a densitometria</p><p>rm com estenose L2-5.</p><p></p><p>cd: TC lombar e solicito alif L2-5</p>
38211777;ALINE;LUTZ GARCIA;9261315;0;2022-11-09;Observações;
38545116;AMANDA MARIA;LEANDRO DE ANDRADE;9306735;0;2022-11-10;Observações;<p>20 anos, dor lombar</p><p></p><p>RM com degenaracao, ja fazendo fisioterapia há 3 meses</p><p></p><p>nao deseja realizar infiltração no momento</p><p>solicito mais fst se nao melhora bloqueio</p>
38545092;SANDRA;OLIVEIRA AMORIM;9306855;0;2022-11-10;Observações;<p>48 anos, peso 115kg</p><p></p><p>Dores difusas, em toda coluna, quadris e braços</p><p>relata ainda dormência em perna direita e piora ao deambular com claudicação para 15 metros</p><p></p><p>ao exame hipercifose dorsal</p><p></p><p>Rm lombar com estenose e listasse L4-5</p><p></p><p>A: listsese e estenose l4-5 e hipercifose - scheuermann?</p><p></p><p>cd: Panoramico e RM dorsal</p>
38545141;THAIS GOMES;DOS SANTOS MENDES;9307299;0;2022-11-10;Observações;<p>30 anos, operador de atendimento</p><p></p><p>Dor em ombro direito/trapezio e MSD.</p><p>eventualmente dor lombar e irradiacao para flanco direito</p><p></p><p>ao exame</p><p>tinel positivo em MSD</p><p></p><p>cd: RM cervical e lombar</p>
38545241;SILVANA DA;SILVA DE SOUZA;9307646;0;2022-11-10;Observações;<p>60 anos, </p><p></p><p>Dor lombar há 2 anos, pior há 6 com 60 fst sem melhora</p><p></p><p>RM com abaulamento L4-5 e degeneração facetaria</p><p></p><p>cd: Bloqueio lombar.</p>
38545203;GILVAN;HERCULANO DE SOUZA;9308075;0;2022-11-10;Observações;<p>62, segurança</p><p></p><p>Dorsalgia há 1 mes, irradiacao para regiao toracica anterior, eventualmente dor lombar</p><p></p><p>DM + Has</p><p>glifage, glicazida, losartan</p><p></p><p>ao exame</p><p></p><p>Hipercifose toracica</p><p></p><p>cd: panoramico e RM lombar + dorsal</p>
30008561;GENILSON RODRIGUES DE;SANTANA;9308264;0;2022-11-10;Observações;<p>retorna apo's bloqueio lombar</p><p></p><p>melhora de 60% da dor</p><p></p><p>eventualmente sente dores intensas que irradiam para membros inferiores</p><p></p><p>cd: FST</p>
38734552;Joy;Marie de Sordi Gabriel;9409410;0;2022-11-15;Observações;
39049768;Carla Urizzi;Lessa;9881683;0;2022-12-06;Observações;<p>PO ACDF 2 NIVEIS EM 14/11 - CAGE FUSAO/VINCULA</p><p></p><p>EVOLUINDO SEM INTERCORRËNCIAS</p><p></p><p>F.O. LIMPA E SECA</p><p></p><p>SOLICITO FST E RX</p>
30010559;RICARDO ANTONIO;MARTINS;9932687;0;2022-12-08;Observações;<p>fez bloqueio lombar</p><p>ficou bom por 3 dias</p><p>medico</p><p>FST + ACUPUNTURA</p><p></p><p>RM cervical sem alteraçoes significativas - considerar bloqueio</p><p>Indico Rizotomia de facetas</p>
36384037;SONIA MARIA;DE JESUS IZIDORO;9932929;0;2022-12-08;Observações;<p>Retorna com densitometria: baixa densidade óssea</p><p></p><p>exames de sangue com 11 de hb e plaquetas de 121000</p><p>Rx panoramico: </p><p>Fratura de T11, T12 e L2</p><p>lordose: 67 graus</p><p>Cifose torácica: 83</p><p></p><p>Inico artrodese T12-L3</p><p></p><p>28 parafusos + cimento</p>
39807255;SANDRA APARECIDA;PAES RODRIGUES;9933656;0;2022-12-08;Observações;<p>61 anos</p><p></p><p>DORSALGIA HÁ 3 ANOS, ASSOCIADA A DOR LOMBAR EVENTUAL</p><p></p><p></p><p>IAM EM 2019 - 1 STENT</p><p>ROSUVASTATINA 20MG</p><p>AAS 100MG</p><p>LOSARTANA 50MG</p><p>ANLODIPINO 10MG</p><p>HCTZ 25MG</p><p>VITAMINA D</p><p>ATTEATON</p><p></p><p>AO EXAME HIPERCIFOSE</p><p>RM LOMBAR COM ESCOLIOSE DISCRETA</p><p></p><p>CD: PANORAMICO E RM TORACICA</p><p>PRE OP</p><p>DENSITOMETRIA</p><p></p>
35702587;MARIZA;LOUREIRO RODRIGUES;9933922;0;2022-12-08;Observações;<p>EXAMES DE SANGUE: OK</p><p></p><p></p><p>3 CESAREAS PRÉVIAS </p><p>67 GRAUS DE CIFOSE TORÁCICA</p><p>34 GRAUS DE LORDOSE LOMBAR</p><p></p><p>CD: ALIF L2-S1 + PARAFUSO PERCUTANEO E DESCOMPRESSÃO DE L2 POR ESTENOSE DE CANAL</p>
37204631;PRISCILA;DE AMORIM SCAQUETTI;9934554;0;2022-12-08;Observações;<p>MANTEM DOR</p><p></p><p>INDICO BLOQUEIO FACETARIO</p><p></p><p></p>
39807321;JOSEFA MAIORINI;DA SILVA;9934726;0;2022-12-08;Observações;<p>77 anos</p><p></p><p>dor lombar há 4 anos</p><p>pior há 2 meses</p><p></p><p>exames antigos com fratura de L1</p><p></p><p></p><p>cd: Rm lombar e Rx panoramico</p><p></p><p>provável infiltracao lombar</p>
39851440;ROSITANIA;RIBEIRO DOS SANTOS;9934895;0;2022-12-08;Observações;<p>39 anos</p><p></p><p>Dor lombar há 8 anos com irradiação para MID e parestesias em ambos os pes</p><p></p><p>RM: sem compressoes</p><p></p><p>cd: bloqueio lombar</p>
37212549;MARISE;PEREIRA DA CONCEIÇÃO;9935119;0;2022-12-08;Observações;<p>RM COM ESTENOSE FORAMINAL L4-5 A ESQUERDA</p><p></p><p>INDICO FORAMINOTOMIA L4-5 ESQUERDA.</p>
39807351;ANA DENISE;DA SILVA;9935258;0;2022-12-08;Observações;<p>69 anos</p><p></p><p>Dor lombar e MIE</p><p></p><p>listse e DDD L4-5 esquerda</p><p></p><p>multiplas comorbidades e Insuficiencia cardiaca grave</p><p></p><p>cd: Rizotomia de facetas e L5 esquerda  porem paciente particular - ira pensar</p>
36384842;JANE MICHELE;DIOGO AZARIAS;9935341;0;2022-12-08;Observações;<p>40 anos</p><p></p><p>dor lombar refratária</p><p></p><p>rm sem alterações significativas</p><p>panoramico sem escoliose</p><p></p><p>cd: bloqueio lombar</p>
39807371;CHARLEZ S;NISZ LOURENÇO;9935554;0;2022-12-08;Observações;<p>Charles, 42 anos, acesso de imprensa em Osasco</p><p></p><p>DOR LOMBAR REFRATÁRIA</p><p></p><p>PC - PREMATURO 26 SEMANAS - SEQUELA HEMIPARESIA DIREITA</p><p></p><p>RM COM FISSURA DE ANULO L4-5</p><p></p><p>CD: BLOQUEIO LOMBAR</p><p></p><p></p><p></p><p></p>
39911442;Sonia Maria de Souza;Carvalho;10026609;0;2022-12-13;Observações;<p>63 anos</p><p>#TREMOR ESSENCIAL 2014</p><p>#DBS EM 2016</p><p></p><p>Tremor, ataxia de fala, disfunção de deglutição e distúrbios de fala e memória</p><p></p><p>pior há 1 ano</p><p></p><p>MUC: PROPRANOLOL 40MG 8 E 16H</p><p>PRIMIDONA 100MG 1 COMPRIMIDO 12/12HQUETIAPINA 125MG NOITE</p><p>FLUVOXAMINA 100MG 2 COMPRIMIDOS A NOITE</p><p>PREGABALINA 1 COPMRIMDIO 12/12H</p><p></p><p>CD: SUSPENDO PREGABALINA, SOLICITO NOVA RM E AVALIACAO COM NEUROLOGISTA - PARKISONISMO ATIPICO?</p>
40218716;Rafaela de Andrade;Pereira;10202332;0;2022-12-20;Observações;<p>Mãe: Ana Paula</p><p>16 anos</p><p>Dor lombar há 2 meses, piora sentada</p><p>eventualmente vai para coxas, principalmente a direita</p><p>apresentou 3 episódios de lombalgia aguda</p><p></p><p>Medicações: Alginac e Miosan</p><p></p><p>Rm com DDD L5-s1 e pequena protrusão L4-5</p><p></p><p>cd: Rx panoramico</p><p>RPG</p><p>analgesia</p>
40401786;MARLEI;APARECIDA SANTOS;10229659;0;2022-12-22;Observações;
40401786;MARLEI;APARECIDA SANTOS;10229662;0;2022-12-22;Observações;
40401786;MARLEI;APARECIDA SANTOS;10229667;0;2022-12-22;Observações;<p>58 ANOS, DESEMPREGADA (BABA)</p><p></p><p>DOR LOMBAR HÁ 18 MESES</p><p></p><p>MELHORA COM MEDICACOES POREM RETORNA</p><p>PIORA A EXTENSAO</p><p></p><p>RM: ABAULAMENTOS L2-L5</p><p>SEM OUTRAS ALTERAÇOES</p><p></p><p>SOLICITO BLOQUEIO LOMBAR</p>
37812669;RAFAEL;DA SILVA MOÇO;10229940;0;2022-12-22;Observações;<p>RAFAEL, 31 ANOS, ASSISTENTE COMERCIAL EM BANCO</p><p></p><p>DOR LOMBAR REFRATÁRIA</p><p></p><p>APRESENTOU DOR LOMBAR AGUDA COM IDA AO PS HA 3 SEMANAS</p><p>DESDE ENTAO FAZENDO FST E JÁ FAZIA E MANTEM ACADEMIA POREM COM ALGUMA DIFICULDADE</p><p></p><p>RM COM ABAULAMENTOS L2-S1</p><p>DEGENERACAO FACETARIA</p><p></p><p>INDICO BLOQUEIO</p><p>IRA PENSAR</p>
40401826;ELISEU;NUNES VIEIRA;10230449;0;2022-12-22;Observações;<p>44, vigilante</p><p></p><p>dor em quadril direito 3 meses. Piora ao levantar</p><p></p><p>FABELE NEGATIVO, LASEGUE NEGATIVO</p><p>SEM PIORA A ROTAÇAO</p><p></p><p>CD: RM LOMBAR</p><p></p><p></p>
40401895;ADEMIR;DE ANDRADE VIEIRA;10230644;0;2022-12-22;Observações;<p>ADEMIR DE ANDRADE VIEIRA, 43, TRABALHA COM MANUTENÇÃO</p><p></p><p>DOR LOMBAR E PARESTESIAS MIE</p><p></p><p>FEZ RM HOJE</p><p></p><p>AGUARDO RESULTADO</p><p></p>
35702491;NEUSA;HELENA VIEIRA DE SOUSA;10231187;0;2022-12-22;Observações;<p>PREOP ALIF L5-S1</p>
34196637;Celeodiva;Viana de Lima Vieira;10231948;0;2022-12-22;Observações;<p>73a</p><p></p><p>Dor lombar e cervcial cronicas</p><p></p><p>DM E HAS</p><p></p><p>METFORMINA</p><p>LOSARTANA</p><p></p><p></p><p>#PO DE ESPAÇADOR INTERSOMÁTICO L3-S1 em 2019</p><p></p><p>rm previa e laudo atual com estenose cervical</p><p></p><p>cd: rm lombar e cervical</p><p>preop já realizado, solicito liberacao do cardiologista </p><p>artrodese de coluna C4-7</p>
13126970;MARIA APARECIDA;LOPES DA SILVA DICIERI;10419259;0;2023-01-10;Observações;<p>63 anos, guarda municipal</p><p>#PO TLIF L4-S1 em março de 2020 e infecção de F.O. manejada apenas com antibioticoterapia</p><p>relata sensibilidade em nádega direita, mais profunda que é desencadeado pelo toque ou palpação, descreve a dor como choque.</p><p></p><p>Relata ainda dor em tendão aquileu direito</p><p></p><p>ao exame</p><p>piora da dor às manobras de estresse de sacroilíaca</p><p></p><p>cd: Diprospan injetável</p><p>rx e RM</p><p>laudo médico</p><p>Bloqueio sacroilíaco e hiato sacral se manutenção da dor</p>
31899325;ELZA NASCIMENTO DOS;SANTOS;10502624;0;2023-01-12;Observações;<p>46 anos, trabalha com vendas</p><p></p><p>Dor cervical e lombar, há 3 anos</p><p>somente do lado esquerdo</p><p>piora a extensao e ao ficar sentada</p><p></p><p>cd: bloqueio facetario lombar</p>
30011108;ELISIO DOS SANTOS;AMARAL;10502826;0;2023-01-12;Observações;<p>53 anos, motorista</p><p></p><p>lombar e cervical, inicio em 2005</p><p></p><p>irradiacao para ombros</p><p></p><p>eventualmente tem irradiação para MIE</p><p></p><p>Dor mais intensa é na cervical, com irradiação bilateral, mas mais intensa a direita, acorda pela manhã com mãos dormentes. Não consegue levantar peso por muito tempo ou manter segurando o celular por muito tempo</p><p></p><p></p><p>RM com hérnia C5-6 central e estenose local, estenose menor em C6-7</p><p></p><p>indico ACDF C5-6, porém paciente irá tentar fazer fst</p>
27463289;MANOEL JOSÉ DA;SILVA;10503044;0;2023-01-12;Observações;<p>Retorna após acdf c5-7</p><p></p><p>Relata melhora da dor em MSE que tinha ao virar pra esquerda e ao olhar pra cima</p><p>nega dor cervical</p><p></p><p>cd: FST e Rx controle</p>
38545116;AMANDA MARIA;LEANDRO DE ANDRADE;10503637;0;2023-01-12;Observações;<p>20 anos</p><p>mantem dor</p><p></p><p>nao deseja fazer bloqueio</p><p></p><p>solicito labs com vhs e pcr</p><p>diprospan</p><p></p><p>retorno com exames e bloqueio se nao melhora</p>
36384842;JANE MICHELE;DIOGO AZARIAS;10504372;0;2023-01-12;Observações;
40272948;Maria Tatiane Alves Ruescas;Varges;10548575;0;2023-01-17;Observações;<p>39 ANOS, PET SHOP</p><p></p><p>PO ACDF EM JULHO/2022</p><p></p><p>RETORNA ASSINTOMATICA</p><p>RX CONTROLE OK</p><p></p><p>FAZENDO ATIVIDADE FÍSICA</p><p></p><p>CD: MANTIDA</p><p></p>
40282203;Josefa;Ruescas;10548912;0;2023-01-17;Observações;<p>63 anos</p><p></p><p>Dor cervical e membros superiores, pior a direita há 1 ano</p><p>perdeu 9kg</p><p>Relata ainda parestesias em membros superiores, principalmente a  noite e em mão direita, melhora ao movimentar</p><p></p><p>ao exame</p><p>dor as manobras de ombro principalmente a direita</p><p>dor cervical a palpaçao e mobilizaçao passiva</p><p></p><p>RM cervical sem compressoes porem com uncoartrose</p><p></p><p>Indico bloqueio de facetas cervicais</p><p>solicito nova RM (ultima de dez 21)</p><p>ENMG de membros superiores - normal</p><p>RM de ambos os ombros e encaminho ao Dr. Cozonara</p><p>ira fazer consulta do ombro e decidir sobre bloqueio cervical</p>
41459867;DEBORA;SANTANA DE ARAUJO;10550664;0;2023-01-17;Observações;<p>24 anos, atendente de bar, São Paulo</p><p>queda de moto há 2 meses</p><p></p><p>dor na cervical</p><p>teve ciática porém já melhor</p><p></p><p>exames com pequena abaulamento 2 niveis</p><p></p><p>cd: Analgesia. </p>
41459720;DIRCE CONCEIÇÃO;ROMÃO BRASILIO;10550769;0;2023-01-17;Observações;<p>62 anos, </p><p></p><p>claudicacao para 30 metros</p><p></p><p>rm come stenose L4-5 principal e a direita e L3-4</p><p></p><p>DM e HAS e demencia vascular</p><p></p><p>indico cirurgia - nao quer realizar</p><p>dou opcao de bloqueio</p><p>retorno se decidir operar</p>
40218716;Rafaela de Andrade;Pereira;10551261;0;2023-01-17;Observações;<p>Mãe: Ana Paula</p><p>16 anos</p><p>Dor lombar há 2 meses, piora sentada</p><p>eventualmente vai para coxas, principalmente a direita</p><p>apresentou 3 episódios de lombalgia aguda</p><p></p><p>Medicações: Alginac e Miosan</p><p></p><p>Rm com DDD L5-s1 e pequena protrusão L4-5</p><p></p><p>Rx panoramico: 10 graus escoliose lombar</p><p></p><p>cd:</p><p>RPG</p><p>analgesia</p><p>bloqueio se não melhora</p>
30010515;LUZIA;MIQUELINO;10628914;0;2023-01-19;Observações;<p>Retorna com dores cervicais e retorno de dor lombar</p><p>pior a noite e ao ficar parada</p><p>melhora de coccidinea</p><p></p><p>cd: FST</p><p>nova RM</p>
38545141;THAIS GOMES;DOS SANTOS MENDES;10629044;0;2023-01-19;Observações;<p>retorna com Rm</p><p></p><p>melhora da dor</p><p></p><p>Rm com DDD e pequena protrusao L5-S1</p><p></p><p>cd: retorno se retorno da dor</p>
36385178;IVONE;ZARA PINTO;10630537;0;2023-01-19;Observações;<p>81 anos</p><p>#coccidiena há 20 anos</p><p></p><p>paciente nao presente - histórico de sincopes e mal estar - ja investigação com cardiologista</p><p></p><p>dor lombar e ciática S1 esquerda</p><p></p><p>historico de fratura recente de quadril porem não fez cirurgia</p><p></p><p>rm com liste L4-5 e fratura L1</p><p></p><p>cd: aguarda liberação cardio para realizar bloqueio S1 esquerda, coccix (impar) e sacroilíaca esquerda.</p>
42011917;RODRIGO;LOPES DE ALMEIDA;10633524;0;2023-01-19;Observações;<p>36 anos, trabalha com TI</p><p>dor lombar há 8 meses</p><p>giba cifótica ao exame</p><p></p><p></p><p>cd: panoramico, RM lombar, bloqueio no retorno, IGF-1</p>
10733680;RODRIGO PIRES;DIAS;10674284;0;2023-01-24;Observações;<p>Relata retorno das convulsões desde final do ano passado, porém está usando apenas 100mg (antes usava 200mg) pelo menos desde agosto/22</p><p>muc: fenobarbital 100mg a noite</p><p></p><p>rm com glicose sem outras alterações</p><p>cd: Retorno dose de medicação</p><p>Solicito novo EEG</p><p>e Nova RM de crânio</p>
42099734;Maisa Coelho;Araújo;10675273;0;2023-01-24;Observações;<p>34 anos, comissaria de bordo</p><p></p><p>dor cervical há 2 ano e parestesias em membro superior direito</p><p>fez rpg por 10 sessoes com melhora parcial</p><p></p><p>spurling negativo</p><p></p><p>cd: Solicito RM coluna Cervical</p>
42561739;SUSANA;KASUMI MIYA HOPE;10843033;0;2023-02-02;Observações;<p>58 anos</p><p></p><p>Dor na perna com parestesias há 3 semanas</p><p></p><p>Apresenta ainda eventual dificulta de de fechar ou abrir mao direita</p><p></p><p>ao exame</p><p>Caminha sob ponta dos pes e sob calcanhares</p><p></p><p>RM: hernia de disco L4-S1, maior L5-S1 com estenose foraminal a direita.</p><p></p><p>cd: Analgesia, retorno 2 semanas para reavaliação.</p><p>RM de cervical</p><p></p><p></p>
40282203;Josefa;Ruescas;10931861;0;2023-02-09;Observações;
40282203;Josefa;Ruescas;10931870;0;2023-02-09;Observações;
42099734;Maisa Coelho;Araújo;11005098;0;2023-02-15;Observações;<p>RM com hernia C4-5 e C5-6</p><p></p><p>cd: ACDF c5-6 e artroplastia C4-5.</p>
30008561;GENILSON RODRIGUES DE;SANTANA;11031778;0;2023-02-16;Observações;<p>mantem dor em MIE e eventualmente dor lombar</p><p></p><p>FST, retorno com RM para avaliar cirurgia</p>
36385178;IVONE;ZARA PINTO;11032040;0;2023-02-16;Observações;<p>liberada para procedimento pelo cardiologista</p><p></p><p>indico bloqueio lombar, S1 esquerda, ganglio impar e sacro iliaca esquerda</p>
43069239;MARIA ISABEL;CARVALHO SILVA;11032493;0;2023-02-16;Observações;<p>Maria Isabel Silva, 63 anos, aposentada (limpeza)</p><p></p><p>Dor paravertebral dorsal a esquerda com ponto gatilho</p><p></p><p>inicio há 10 anos e com piora há 2 semanas, já utilizou 4 aine injetavel no periodo</p><p></p><p></p><p></p><p>cd: Rm, trazodona, panoramico</p><p></p>
27940878;LEANDRA RODRIGUES;VIEIRA;11032912;0;2023-02-16;Observações;<p>reenvio pedido de ACDF c5-6 e nova RM e pre op</p>
43303597;Selma Gamba Carvalho;Longo;11177775;0;2023-03-01;Observações;
43430032;Ana Lucia;Valença;11419383;0;2023-03-07;Observações;<div>48a</div><div>Po meninheoma esfenoidal a direita em 2016 (resseccao parcial) + radioterapia</div><div>diplopia + hemianestesia de face a direita, perda da visao a direita. Hemiparesia facial direita, paresia VI a direita</div><div><br></div><div>oxicarbazepina 300mg a noite</div><div><br></div><div>nova rm e laudo</div>
35702491;NEUSA;HELENA VIEIRA DE SOUSA;11532090;0;2023-03-16;Observações;<p>ATESTADO</p>
33169899;MARTA;REGINA DEVECHI;11533249;0;2023-03-16;Observações;<p>Retorna com dor cervical e irradiaçao para ombro e MSD há 4 meses</p><p></p><p>skalt prévio já com hérnia cervical</p><p></p><p></p><p>cd: Rm cervical</p>
29392660;JOSÉ CALADO DA SILVA;FILHO;11533507;0;2023-03-16;Observações;<p>Paciente teve melhora de dor em mIE após bloqueio porém só durante efeito anestésico</p><p></p><p>mantem dor e piora a compressao do piriforme</p><p></p><p>#A sindrome do piriforme?</p><p></p><p>cd: FST</p>
30010559;RICARDO ANTONIO;MARTINS;11533786;0;2023-03-16;Observações;<p>Melhora da dor lombar após rizotomia</p><p></p><p>passo FST</p>
13154050;NELSON KIMIO;OGASAWARA;11566151;0;2023-03-17;Observações;<p>OSTEOPOROSE POR USO CRONICO DE PREDNISONA (USOU 3 ANOS)</p><p></p><p>VAI OPERAR CATARATA</p><p></p><p>NECESSITA ATESTADSO PARA OPERAR</p><p></p><p>SOLICITO DENSITOMETRIA ÓSSEA</p>
44126405;EDNA MARA;AMORIM ROSA;11566808;0;2023-03-17;Observações;<p>56 ANOS, ENFERMEIRA</p><p>TONTURA DIA 15/03 POR 2 DIAS, HÁ 1 DIA APRESENTOU NOVO EPISÓDIO DE TONTURA</p><p></p><p>NEGA PATOLOGIAS PRÉVIAS</p><p></p><p>DOPPLER CAROTIDAS</p><p></p><p>ESCITALOPRAM 20MG</p><p></p><p>AGUARDO ACESSO IMAGENS PESCOCO (HERNIA CERVICAL POREM SEM SINTOMAS)</p>
44190111;Sueli;Fodra;11585820;0;2023-03-20;Observações;"<p>Sueli, 55 anos, itanhahem, do lar, fonte: doctoralia</p><p>&nbsp;</p><p>Cefaleia, alteração de movimento, memória e fala</p><p>&nbsp;</p><p>2014 já com diagnóstico de cisto aracnoideo</p><p></p><p>há 2 anos com cefaleia, hemiparesia, alteração de memória e marcha</p><p></p><p>rm com cisto aracnoideo parietal direito com 1,6cm de desvio da linha média</p><p></p><p>cd: indico cirurgia - será particular - cobro 30k</p>"
44462799;VERONICA;DE OLIVEIRA DAVILA PINTO;11735999;0;2023-03-24;ANAMNESE;<p>#Displasia espondiloepifisaria - Chiari, 49 anos</p><p></p><p>Iniciou há 3 anos com perda de força e destresa do braço direito, há 3 meses iniciou com perda de força em membros inferiores, principalmente a esquerda e iniciou necessidade de uso de cadeira de rodas. Atualmente fica em pé porém por curto período de tempo</p><p></p><p>ao exame</p><p></p><p>tetraparesia grau IV</p><p>grau II de triceps bilateral e flexores da coxa.</p><p>Hiperreflexia com clonus em MMSS e MMII</p><p>ectoscopia com clara descompensaçao de balanco, hiperlordose dextroescoliose</p><p></p><p>RM com platibasia e invaginação cervical</p><p></p><p></p><p>cd: TC dinamica, rx cervical e panoramico</p><p></p><p></p>
45341328;Marcelo;Dias Rodrigues;11956694;0;2023-04-06;Observações;<p>47 anos, professor</p><p></p><p>Ciática esquerda há 7 meses</p><p></p><p>DM + HAS</p><p></p><p>Discectomia prévia em 2004 L5-S1</p><p></p><p>Lasegue +</p><p>hipoestesia L5 esquerda</p><p></p><p>RM: Hernia L5-S1 esquerda e L4-5</p><p></p><p>cd: Indico endoscopia</p>
44462799;VERONICA;DE OLIVEIRA DAVILA PINTO;12014309;0;2023-04-10;Observações;<p>Indico cirurgia, encaminho para tratamento de osteporose</p>
45462029;RAFAEL;VESPASIANO DE SOUZA;12015721;0;2023-04-10;Observações;<p>Rafael Vespasiano de Souza</p><p></p><p></p><p>Dor lombar há 6 meses</p><p>sem melhora com fisioterapia e medicaçao</p><p></p><p>RM: hdl l5-s1 e degeneracao facetaria</p><p></p><p>cd: bloqueio lombar</p>
10733680;RODRIGO PIRES;DIAS;12016714;0;2023-04-10;Observações;<p>Apresentou 4 episódios convulsivas</p><p></p><p>exames com aumento de Fosfatase alcalina apenas</p><p></p><p>RM com gliose frontal direita</p><p>já usa fenobarbital 200mg noite</p><p>acrescento carbamazepina 200mg 12/12h</p><p>EEG 12h</p>
45431623;Adriana Cristina;Dias;12016744;0;2023-04-10;Observações;<p>Adriana, 44 anos, </p><p></p><p>Dor cervical e ombro esquerdo e mão direita predominante no 1 quirodáctilo</p><p>tem ainda dor lombar</p><p></p><p>Dor Cervical: 10</p><p>Dor ombro direito: 9</p><p>Dor braço direito: 9</p><p>Dor lombar: 10</p><p></p><p>cd: bloqueio cervical e lombar</p>
33169659;ELAINE;CRISTINA RIBEIRO;12272743;0;2023-05-02;Observações;<p>PO ACDF C5-7 30/03 </p><p></p><p>EVOLUINDO COM MELHORA DAS DORES, RELATA EVENTUAL HIPERSENSIBILIDADE NO MSE, PORÉM SEM PARESTESIAS</p><p>FORÇA MOTORA PRESERVADA E SENSIBILIDADE PRESERVADA</p><p>F.O. LIMPA E SECA</p><p></p><p>CD: INICIO FISIOTERAPIA. RX CONTROLE</p>
46121516;JESSIKA;VELLASCO MONTEIRO;12273493;0;2023-05-02;Observações;<p>Jessika Vellasco Monteiro, 33 anos, professora de educação infantil</p><p>#alergica a Dipirona</p><p></p><p>Dor lombar desde 2020 , durante gravidez, diagnosticou escoliose</p><p></p><p>#Endometriose</p><p></p><p>Ao exame:</p><p></p><p>Adams e triangulo de tale +</p><p></p><p>cd: rx panoramico + Rm coluna lombar</p><p></p>
45998415;ILZA;SILVA DOS REIS;12274604;0;2023-05-02;Observações;<p>Ilza Silva dos Reis, 59 anos, doméstica (aposentada)</p><p>#Fibromialgia </p><p></p><p>Dor lombar e Cervical, há 3 anos, tem irradiacao da coluna cervical para ombro direito e da lombar para MID até sola do pé.</p><p></p><p>Parou de trabalhar em decorrência da dor, principalmente da Cervical</p><p></p><p>VAS cervical: 8</p><p>VAS lombar: 8</p><p>VAS MID: 7</p><p>VAS MSD: 8</p><p></p><p>HAS - losartana 50mg/dia</p><p>pregabalina 75mg 1x dia</p><p></p><p>RM previa de 2022</p><p></p><p>cd: RM lombar e Cervical</p><p>Aumento pregabalina para 70mg/dia </p><p></p><p></p><p></p>
46508165;CARLOS VELLOSO;DE LIMA;12303191;0;2023-05-04;Observações;<p>Carlos Velloso de Lima, 47 anos, Assitencia tecnica</p><p></p><p>Dor cervical há 3 meses com irradiaçao para ombro e MSE</p><p>há 2 dias iniciou com dor lombar</p><p></p><p>Ao exame: Hipercifose, ombros em flexao, leve escoliose lombar</p><p>spurling negativo</p><p></p><p>cd: Panoramico, RM cervical e Lombar</p><p></p><p></p>
47006486;ELIANA;REGINA BEZERRA DE SANTANA;12552580;0;2023-05-18;Observações;<p>46 anos</p><p></p><p>Dor lombar há 1 ano, mais a esquerda e posterior da coxa</p><p>dor melhora ao passar do dia</p><p></p><p>dor piora ao estresse de sacoriliaca</p><p>e a flexao lombar e a palpaçao de ponto gatilho em lado esquerdo.</p><p></p><p>RM DDD avançada em L5-S1, degeneracao de facetas</p><p></p><p>#A Dor muscular ao nivel do quadril (piramidal)/sacroileite</p><p></p><p></p><p>cd: </p><p>FST e analgesia, bloqueio se não melhora</p>
47002821;JULIETA;BATISTA MAKIUTI;12602984;0;2023-05-23;Observações;<p>Julieta Batista Makiuti, 45 anos, trabalha com limpeza,</p><p></p><p>Dorsalgia e cervicalgia há cerca de 8 anos, </p><p>relata ainda parestesias dos membros superiores, </p><p>Já fez pilates por 2 meses, atualmente sem atividade física.</p><p></p><p>mamoplastia/protese há 4 anos.</p><p>Lipoplastia, histerectomia por CA de colo de útero há 13 anos</p><p>em investigação de DM e hipotireoidismo.</p><p></p><p>spurling positivo a direita - parestesias no 1 e 3 quirodáctlios direitos</p><p>dor a mobilizaçao passiva e ativa do pescoco e a palpacao de processos espinhosos.</p><p>Hipercifose</p><p></p><p>Cd: Rx panoramico e RM cervical.</p>
45998415;ILZA;SILVA DOS REIS;12769288;0;2023-06-02;Observações;<p>retorna com RM C + L</p><p></p><p>Degeneracao facetaria e protrusoes difusas</p><p></p><p>indico bloqueio C +L - cobro 2k - vai pensar</p>
50282636;Mariana de Oliveira;Muffato Rodriguess;13279739;0;2023-07-04;Observações;<p>dor cervical persistente há 1 ano</p><p></p><p>sem outras queixas</p><p></p><p>RM: hérnia C5-6 extrusa</p><p></p><p>cd: protese 1 nível</p>
50247582;MARCOS JOSE DA;SILVA;13309661;0;2023-07-06;Observações;<p>47 anos</p><p></p><p>dor lombar e membros inferiores há 2 meses</p><p>sem melhora com fisioterapia e analgesia</p><p></p><p>claudicação para 30 metros</p><p></p><p>RM com hérnia de disco L4-5 sequestrada e estenose de canal lombar</p><p></p><p>plano: discectomia L4-5</p>
30011068;SOLANGE DA;CUNHA;13393548;0;2023-07-12;Observações;<p>55A</p><p></p><p>EVOLUINDO COM PIORA DA MIELOPATIA CERVICAL COM PERDA DE SENSIBILIDADE E DERRUBANDO OBJETOS COM FREQUÊNCIA ALÉM DA PERDA DA DESTREZA NAS MÃOS</p><p></p><p>RM: COMPRESSÃO C3-6</p><p></p><p>CD: INDICO ACDF C3-6</p>
50773087;ZENAIDE;DA COSTA ALMEIDA;13394465;0;2023-07-12;Observações;
52153043;Walter;Viggiano Junior;13841652;0;2023-08-03;Observações;
52153043;Walter;Viggiano Junior;13842304;0;2023-08-03;CONSULTA;<p>Valter, 57 anos</p><p></p><p>dor cervical e parestesias em MSD há 2 meses</p><p>incialmente ulnar, depois iniciou sintomas em mediano</p><p></p><p>ao exame</p><p>força g4 extensão do antebraço</p><p>hipoestesia trajeto C7</p><p></p><p>RM: hérnia C6-7 a direita</p><p>enmg: radiculopatia c7 com discreta lesao motora</p><p></p><p>cd: indico cirurgia C6-7 - ACDF</p><p>honorários 8k</p><p></p><p></p>
52248217;Carlos Henrique;Paulo Da Silva;13898684;0;2023-08-08;Observações;<p>40 anos, executivo/personal</p><p></p><p>Lesao de ombrom com tenotomia prévia evoluiu com dor cervical e irradiação para MSD trajeto C8, tem diminuição da força de biceps devido ao quadro</p><p></p><p>Realizou infiltração com melhora do quadro de dor</p><p></p><p>realizará nova RM para avaliação do quadro clínico</p>
51616139;GUILHERME PIMENTA;GAIA;13899303;0;2023-08-08;Observações;<p>29 anos, </p><p>dor lombar há 8 meses</p><p>irradição coxa esquerda</p><p></p><p>RM com hérnia L5-S1 a esquerda</p><p></p><p>lasegue negativo</p><p></p><p>indico bloqueio, pré op</p>
52665755;SAMUEL;BARBOSA SEVERINO;14013404;0;2023-08-15;Observações;<p>SAMUEL BARBOSA SEVERINO</p><p></p><p>35 ANOS, </p><p></p><p>DOR LOMBAR HÁ 2 ANOS</p><p></p><p>INTERMITENTE</p><p></p><p>SEM IRRADIAÇÃO</p><p></p><p>RM: DDD L4-5 E DEGENERACAO FACETARIA MULTIPLA</p><p></p><p>INDICO BLOQUEIO, NOVA RM</p>
52552200;MARGARETE;MEIRELES LUIZ;14014135;0;2023-08-15;Anamnese;<p>55 anos</p><p>Dorsalgia há 6 meses</p><p>Cervialgia há 4 meses</p><p>sem irradiação</p><p></p><p>HAS</p><p>losartan 50 2x</p><p>bupiumm xl 150 1x</p><p>pregabalina 75mg  2x dia</p><p>Sinvastatina 20mg</p><p></p><p>RM: ESTENOSE C2-6 MAIS GRAVE EM c5-6</p><p>Lombar: DDD L3-4 e L4-5 + degeneração facetária</p><p></p><p>indico ACDF cervical</p><p>e Bloqueio lombar</p><p></p>
45431623;Adriana Cristina;Dias;14077910;0;2023-08-21;Observações;<p>retorna após infiltração cervical + lombar</p><p></p><p>apresentou melhora por 7 dias da cervical e 2 dias da lombar</p><p></p><p>inicio pregabalina 300mg/dia e duloxetina 30mg manha</p><p></p><p>indico rizotomia</p><p>se possivel bloqueio de ombro esquerdo no mesmo procedimento - encaminho fabio pizzo</p>
53071316;COSME;DAMIÃO DE SOUSA;14078551;0;2023-08-21;Observações;<p>55 anos, encanador</p><p>dor lombar há 2 anos com irradiação para membros inferiores</p><p></p><p>FEZ BLOQUEIO LOMBAR COM MELHORA POR 2 MESES</p><p>MUC</p><p>PREGABALINA 150MG/DIA</p><p>BRASSART 160MG</p><p>BESILAPIN 5MG NOITE</p><p></p><p>RM: PROTRUSAO E ROTURA DE ANUL L4-5 E L5-S1</p><p>INDICO RIZOTOMIA</p>
53020537;VALDEMIR;MENDES DA SILVA;14145061;0;2023-08-23;Observações;<p>53 anos, vendedor, procedente de Itapevi</p><p>plano: notredame</p><p></p><p>Dor em MID há 2 anos, em março de 2022 fez endoscopia para hérnia L4-5 a direita, ficou bom por 30 dias</p><p></p><p>dor é pior ao deambular e ao ficar em pé</p><p></p><p>ao exame: hipoestesia lateral da perna direita e 5 pododáctilo direito</p><p>lasegue negativo</p><p>força preservada</p><p>escoliose com assimetria do angulo de tale e de ombros</p><p></p><p>rm prévia com hérnia residual L4-5 direita</p><p></p><p>cd: NOVA RM, panoramico</p><p>pregabalina 300mg/dia</p>
52665755;SAMUEL;BARBOSA SEVERINO;14419125;0;2023-08-31;Observações;<p>retorna com RM</p><p></p><p>semelhante a anterior com hérnia L4-5</p><p></p><p>indico bloqueio</p>
54614952;FATIMA RODRIGUES;SILVÉRIO;14518758;0;2023-09-06;Observações;<p>FATIMA RODRIGUES SILVERIO, 68 ANOS, </p><p></p><p>PARESTESIAS A PARTIR DE T10, ATAXIA DE MARCHA HÁ 16 MESES. INICIOU POR PERNA DIREITA</p><p>DORMËNCIA NOS 3, 4 E 5 QUIRODÁCTILO DIREITO, RELATA DIFICULTADES PARA ABRIR GARRAFAS, DIFICULDADE PARA CORTAR A CARNE, PAROU DE DIRIGIR PELA PERDA DA FORÇA E REFLEXO.</p><p></p><p>HAS</p><p>HIPOTIREOIDISMO</p><p></p><p>GABABENTINA 300MG 2X</p><p>NAPRIX 2,5 2X DIA</p><p>ATENOLOL 25 MG 1X NOITE</p><p>SINVASTATINA 40MG A NOITE</p><p>VELIGIA 60 MG MANHÃ</p><p>PURAN 112MCG</p><p></p><p>AO EXAME</p><p></p><p>HIPERREFLEXIA DE PATELARES E AQUILEUS</p><p>HOFFMAN E BABINSKI NEGATIVOS</p><p>HIPOSSENSIBILIDADE EM MEMBROS INFERIORES</p><p>ATAXIA DE MARCHA</p><p></p><p>RM: HÉRNIA C5-T1</p><p></p><p>CD: ACDF C5-T1</p><p>SOLICITO PRÉ-OP</p><p>RX CERVICAL</p><p>DENSITOMETRIA</p><p>AUMENTO GABAPENTINA</p><p></p><p>valor 10k</p><p></p><p></p><p></p>
54735620;CRISTIANE;CARRARO LOURENÇO GADELHA;14554278;0;2023-09-11;Observações;<p>Cristiane Carraro Gadelha, 50 anos, policial militar (aposentada)</p><p></p><p>dorsalgia com irradiação para caixa torácica direita trajeto t5-6 há 2 meses, refere mais como incomodo</p><p></p><p>relata ainda presença de 2 nódulos paravertebrais a direita</p><p>tem histórico de FAF prévio com projétil alojado em T10-T11 a direita</p><p></p><p>ao exame físico aparente nodulaçao a direita +- T10-11</p><p></p><p>tc tórax: descreve lesao ovalada de 3cm paravertebral a esquerda em T3-4 (noto apenas uma pequena lesao hipodensa), sem lipoma ou outras lesões aparentes</p><p></p><p>cd: Oriento, TC coluna torácica com contraste para afastar lesão neoplásica em T3-4. Iniciar tratamento se mantiver dorsalgia</p>
52248217;Carlos Henrique;Paulo Da Silva;14569767;0;2023-09-12;Observações;<p>40 anos, executivo/personal</p><p></p><p>Lesao de ombrom com tenotomia prévia evoluiu com dor cervical e irradiação para MSD trajeto C8, tem diminuição da força de biceps devido ao quadro</p><p></p><p>Realizou infiltração com melhora do quadro de dor</p><p></p><p>realizará nova RM para avaliação do quadro clínico</p>
54873421;ANDERSON;GRIECCO;14602727;0;2023-09-14;Observações;<p>ANDERSON GRIECCO, 52 ANOS</p><p></p><p>PO ARTRODESE L4-S1 HÁ 3 ANOS POR LISTESE</p><p></p><p>RETORNO DA DOR LOMBAR HÁ 1 ANO</p><p></p><p>DOR PIORA AO MOVIMENTO E AO MANTER-SE EM PÉ</p><p></p><p>TC COM LISTESE GRAU L3-4</p><p></p><p>#A DDD POR NÍVEL ADJASCENTE?</p><p></p><p>CD: SOLICITO RM E RX PANORÂMICO</p>
54873421;ANDERSON;GRIECCO;14835930;0;2023-09-27;Observações;
55822765;SIMONE REGINA TRISTÃO;SARTORI;14846644;0;2023-09-28;Observações;<p>SIMONE REGINA SARTORI, 53 anos, unimed</p><p></p><p></p><p>lombalgia há 40 dias, mais em nádega direita e eventual irradiacao coxa direita</p><p>piora deitada e sentada</p><p>iniciou após levantar objeto ao retornar do achamento</p><p>relata há 4 anos dor cervical com irradiação para ombro direito</p><p>nega sintomas neurológicos de membros superiores</p><p></p><p>RM: DDD L4-5 e degeneração facetária</p><p></p><p>cd: toperna, diprospan, Rm cervical</p><p>bloqueio se nao melhora</p><p></p>
55828288;LUZIA DE FATIMA;MACEDO;14847768;0;2023-09-28;Observações;<p>LUZIA DE FÁTIMA MACEDO, 50 ANOS, </p><p></p><p>DOR LOMBAR HÁ 3 ANOS, JÁ REALIZOU FISIO TERAPIA E INFILTRAÇÃO PORÉM COM POUCO RESULTADO</p><p>TEM IRRADIAÇÃO PARA MEMBROS INFERIORES PORÉM SEM TRAJETO ESPECÍFICO, RELATA QUE PRIMEIRO EPISÓDIO DA DOR FOI PÓS HISTERECOMIA</p><p></p><p></p><p>PREGABALINA 75MG MANHA E TARDE</p><p>E 150MG  A NOITE</p><p>DULOXETINA 60MG/DIA</p><p>TRAMAL</p><p>HISTERECTOMIA EM 2017</p><p></p><p>RM: DISCO PRETO L3-S1, SEM COMPRESSÕES</p><p>DEGENERAÇÃO DISCAL</p><p></p><p>PLANO: RETIRAR TRAMAL</p><p>INICIO TRAZODONA 50mg a noite</p><p>TOPERMA</p><p></p><p></p>
55879539;Simone;Gazola;14848930;0;2023-09-28;Observações;<p>CERVICALGIA HÁ 15 DIAS COM DIFICULDADE A ABDUÇÃO DO MEMBRO SUPERIOR ESQUERDO</p><p></p><p></p><p>RM: COMPRESSAO E ESTENOSE CERVICAL C4-5, C5-6 E C6-7</p><p></p><p>CD: ACDF C4-7.</p>
54873421;ANDERSON;GRIECCO;14904835;0;2023-10-02;Observações;<p>Retorna com RM e DDD L3-4 - nível adjascente</p><p>radiografia com aumento do angulo e deslocamento posterior L3-4 a extensao</p><p>F.O.: linha média</p><p></p><p></p><p>cd: indico cirurgia - solicito informação sob materiais prévios utilizados</p><p>honorários: 10k</p>
53071316;COSME;DAMIÃO DE SOUSA;14995306;0;2023-10-05;Observações;<p>inicio Velija 30mg/dia</p><p>aumento pregabalina para 150mg 12/12h</p><p>oriento sob negativa do convenio - ira solicitar reavaliaçao via ANS</p>
55817584;Mariza;Gil Paranhos da Silva;14999463;0;2023-10-05;Observações;<p>MARIZA GIL PARANHOS DA SILVA</p><p>64 ANOS, </p><p></p><p>dor lombar há 2 anos piora há 3 meses, sem irradiação para membros inferiores</p><p>piora ao levantar e ao sentar</p><p></p><p>pregabalina: 75mg/dia</p><p></p><p>dor piora a flexão da coluna lombar</p><p></p><p>RM e RX dinamico: Listese degenerativa L4-5 com estenose de canal e com sinais de mobilização</p><p></p><p>cd: indico ALIF L4-5.</p><p></p><p></p>
56218044;MARIA;FILOMENA MORAES;15001178;0;2023-10-05;Observações;<p>MARIA FILOMENA MORAES, 62 ANOS</p><p></p><p>Cervicalgia há 6 meses, com irradiação para ombro esquerdo</p><p></p><p></p><p>RM: uncoartrodese, inversão de lordose e hérnia com rutura em c5-6</p><p></p><p>indico bloqueio facetário cervical</p><p>cobro 3k</p>
30011068;SOLANGE DA;CUNHA;15039655;0;2023-10-10;Observações;<p>RETORNO APÓS ACDF C3-6</p><p></p><p>MELHORA DA FORÇA MOTORA</p><p>AINDA COM POUCO DE DOR CERVICAL, MAIS A NOITE</p><p></p><p>CD: SOLICITO RADIOGRAFIA CONTROLE</p><p>INICIAR FISIOTERAPIA</p>
46508165;CARLOS VELLOSO;DE LIMA;15041621;0;2023-10-10;Observações;<p>exames ok</p><p></p><p>solicito cirurgia C5-6 e C6-7</p>
57161057;Giovanna Cassu;Frasneli;15162639;0;2023-10-17;Observações;<p>11 anos,  </p><p>Diagnosticou escoliose há cerca de 5 meses com radiografia torácica</p><p></p><p>Triângulo de Tale assimétrico, giba dorsal, ombros e quadris simétricos, assimetria de cintura.</p><p>Radiografia panorâmica: 52 graus T9-L3, 26 graus proximal</p><p></p><p>cd: indico cirurgia</p><p>T9- L3?</p><p></p>
57656060;Douglas;Martins da Silva;15262354;0;2023-10-24;Observações;
57779490;CLAUDIA APARECIDA DOS SANTOS;JESUS;15301288;0;2023-10-25;Observações;"<p>&nbsp;54 anos, aposentada (telefonista)</p><p></p><p>Dor lombar crônica associada a dormência em braço e perna esquerdos há cerca de 10 anos, não pega dedos específicos, pega perna também e pé embaixo do pé.</p><p>Dor lombar é pior ao levantar</p><p>&nbsp;</p><p>Já fez múltiplas infiltrações, última há 3 anos</p><p>Várias cirurgias prévias lombares para hérnia</p><p>&nbsp;</p><p>Perdeu 41kg em 6 anos após bariátrica.</p><p>Sem exame recente de osteoporose</p><p>Iniciou reposição hormonal há 3 meses</p><p>&nbsp;</p><p>MUC: citoneurin 1 ampola/mês</p><p>&nbsp;</p><p>&nbsp;</p><p>RM cervical</p><p>Pregabalina &nbsp;150mg + Duloxetina 30mg/dia</p><p>Inicio Calcio + vitamina D (cálcio baixo)</p><p>Densitometria óssea</p><p>Oriento atividade física, alimentação e qualidade do sono</p>"
58096769;LILIAN;CILSE DA SILVA;15391960;0;2023-11-01;Observações;<p>Lilian Cilse da Silva, 50 anos, call center</p><p></p><p>dor lombar e ciática a esquerda há 2 meses - L5 </p><p></p><p>luxação congênita de quadril a direita</p><p></p><p>TVP E TEP PRÉVIA</p><p>enalapril 20mg</p><p>levotiroxina 100mcg/dia</p><p></p><p>Lasegue a 15 graus</p><p>sem déficit de força</p><p></p><p>RM: hérnia sequestrada L4-5</p><p></p><p>cd: discectomia percutanea</p><p></p><p></p>
58567538;WANDER MARCELO;MORATELLI;15418719;0;2023-11-06;Observações;<p>WANDER MARCELO MORATELLI, 42 anos, </p><p></p><p>lombalgia há 5 dias, irradiação para MID</p><p></p><p>VAS LOMBAR: 6</p><p>VAS NÁDEGA: 5</p><p>VAS COXA: 2</p><p>VAS PERNA: 0</p><p></p><p>fez uso de meloxicam e novalgina</p><p></p><p>RM prévia com hérnia L3-4 e degeneração facetária</p><p></p><p>plano: nova RM</p><p>diprospan</p><p></p><p>comento de prótese (deseja operar) HM 20k se indicar cirurgia</p><p></p>
57397507;DIVANI;ROCHA SOUZA;15436657;0;2023-11-07;Observações;<p>Divani Rocha Souza, 51 anos</p><p></p><p>dor lombar e MIE há cerca de 1 ano</p><p></p><p>chorosa, relata insonia a noite</p><p></p><p>deseja atestado para próxima perícia</p><p></p><p>Neoplasia de mama em 2015</p><p>Tromboflebite em MIE em 2022 </p><p>MUC: tamoxifeno</p><p></p><p>caminha sob calcanhares e sob ponta dos pés sem dificuldades</p><p></p><p>cd: solicito ressonancia, forneço atestado</p><p>melatonina + fluoxetina</p>
58643215;LUCIANA;DA SILVA;15458531;0;2023-11-08;Observações;<p>Luciana da Silva, 45 anos, bancária</p><p></p><p>dor em ambos os ombros, há cerca de 3 meses, ocasionamente tem ainda parestesias nos braços, mas não no antebraço</p><p>melhora com liberação miofascial</p><p></p><p>hipotireoidismo: puran 88mcg</p><p></p><p>ao exame</p><p>dor em ombros a abdução acima de 90 graus e flexão posterior</p><p></p><p>cd: RM de ambos os ombros</p><p>FST.</p><p></p>
58638337;JOEL;ROQUE VERICIMO;15458886;0;2023-11-08;Observações;<p>JOEL ROQUE VERICIMO, 47 ANOS, AUXILIAR SEGURANÇA</p><p></p><p>dor em ombros, ja operou esquerdo, fratura joelho direito previa operado</p><p></p><p>cd: fst, retorno com rm</p>
58655895;GABRIELA;APARECIDA;15459532;0;2023-11-08;Observações;<p></p><p>Gabriela Aparecida Massa , 42 anos, professora</p><p></p><p>Paciente com queixa de cefaleia e história de Chiari, dor é em occipital e irradiação para frontal, constante, não pulsátil, sem relação com alimentação ou ciclo menstrual, melhora com novalgina</p><p></p><p>frequencia de 3-4 dias por semana, há cerca de 10 meses.</p><p>usou sertralina no passado e apresentou melhora</p><p></p><p>cd: Nova RM </p><p>Velija 30mg/dia</p>
58655594;NIVALDO;CARDIM;15460132;0;2023-11-08;Observações;<p>NIVALDO CARDIM, 65 ANOS, VENDA DE MATERIAL DE CONSTRUÇÀO CIVIL</p><p></p><p>DOR EM QUADRIL A DIREITA HÁ 2 MESES, EVENTURAL CIATICA L5 ESQUERDA</p><p></p><p>ESTRESSE SACRO-ILIACA NEGATIVO</p><p></p><p>FST + RM LOMBAR</p>
58810716;FERNANDA CORREA PIVA;TAKEDA;15482396;0;2023-11-09;Observações;<p>Fernanda, 41 anos, psicóloga</p><p></p><p>Dor abaixo da mama direita há cerca de 2 anos</p><p>sem diagnostico prévio</p><p>previamente hígida</p><p></p><p>indico rizotomia se nao melhora com toperma</p>
58712877;RICARDO;Habib Chahade;15485878;0;2023-11-09;Observações;<p>RICARDO HABIB CHAHADE, 54 anos, trabalha com hotelaria, hoje mora fora do Brasil</p><p></p><p>Dor lombar há 2 anos, nova piora há 2 meses, piora a extensão e ao ficar muito tempo deitado</p><p>VAS LOMBAR: 7 </p><p>ODI: 42%</p><p>RM: DDD L3-4, DEGENERAÇÃO FACETÁRIA (12/22)</p><p></p><p>cd: solicito nova RM - pedido de rizotomia após resultado</p><p>Solicito pré-operatório</p>
58623957;Karina Franco;Cardoso;15487440;0;2023-11-09;Observações;<p>Karina Franco Cardoso, 48 anos, Comissária de Bordo</p><p></p><p>LOMBALGIA HÁ 15 MESES, IRRADIA PARA MIE ATÉ JOELHO NA PORÇÃO LATERAL DA COXA, PIORA SENTADA</p><p>MELHORA A DOR CAMINHANDO. ESTÁ APRESENTANDO 3 CRISES NO MÊS</p><p>VAS LOMBAR: 3/9</p><p>VAS COXA: 0/3</p><p>VAS GLÚTEO: 2/4</p><p></p><p>JÁ UTILIZOU: CELEBRA 200MG, TANDRILAX, </p><p></p><p>ESTÁ NA MENOPAUSA</p><p>FAMÍLIA COM HISTÓRIO DE NEOPLASIA DE MAMA</p><p>HALOPÉCIA</p><p></p><p>ALÉRGICA A CORTICÓIDE</p><p></p><p>DOR PIORA A EXTENSÃO</p><p>FABELE NEGATIVO</p><p>LASEGUE NEGATIVO</p><p></p><p>CD: INDICO BLOQUEIO FACETARIO</p><p></p><p></p>
58574412;Isis Fabiana Costa Silva;Santos;15489482;0;2023-11-09;Observações;<p>ISIS FABIANA COSTA SILVA SANTOS, 47 ANOS, TI BANCO</p><p></p><p>CEFALEIA HÁ 13 DIAS, OCCIPITAL, CONSTANTE, EVENTUALMENTE PIORA COM MOVIMENTO, NÃO TEM ALTERAÇÃO VISUAL, NEGA NÁUSEAS. NÃO TEM RELAÇÃO COM BARULHO OU LUZ</p><p></p><p>HISTÓRIA PRÉVIA DE ENXAQUECA</p><p></p><p>GCS 15, SEM DÉFICTI NEUROLÓGICO</p><p></p><p></p><p>CD: RM CERVICAL, CRANIO E ANIGORM DE CRANIO</p><p>TRAMAL + NOVALGINA 2G + AINE</p>
58665974;WAGNER;GUIMARAES CALDERONI;15520208;0;2023-11-13;Observações;<p>Wagner, 32 anos</p><p></p><p>Parestesias dos pés, principalmente a direita, sintomas devido a sequela de síndrome da cauda equina operada em 2013 por laminectomia - após levantamento durante competição</p><p>Não tem dor lombar atualmente</p><p>dúvidas em relação a prática de atividade física</p><p></p><p>RM: DDD L4-S1, sem compressões significativas</p><p></p><p>cd: Oriento atividade física</p><p>Oriento sobre parestesias</p><p></p>
58567538;WANDER MARCELO;MORATELLI;15521198;0;2023-11-13;Observações;
30011068;SOLANGE DA;CUNHA;15658132;0;2023-11-16;Observações;
30011068;SOLANGE DA;CUNHA;15658189;0;2023-11-16;Observações;<p>RETORNA COM RX PÓS - OPERATÓRIO</p><p>CAGES BEM ACOPLADOS, LORDOSE REESTABELECIDA</p><p></p><p>QUEIXA DE DOR CERVICAL E OMBRO DIREITO - PRESCREVO BACLOFENO E TORAGESIC</p><p>RELATA AINDA NÃO TER SENSIBILIDADE TOTAL DA MÃO - ETNA INJETÁVEL 3 DIAS</p><p>F.O. BEM CICATRIZADA</p><p></p><p>PLANO: ORIENTO ATIVIDADE FÍSICA, SOLICITO NOVA FST (SÓ FEZ TENS NA ÚLTIMA), NOVO RX PANORAMICO</p>
58700480;Divani;Rocha de Souza;15660024;0;2023-11-16;Observações;
57397507;DIVANI;ROCHA SOUZA;15660038;0;2023-11-16;Observações;
58096769;LILIAN;CILSE DA SILVA;15747978;0;2023-11-21;Observações;<p>retorna com exames</p><p></p><p>escanometria com 6cm de diferença de MMII, sem escoliose</p><p></p><p>lab: ok</p><p></p><p>aguardo cirurgia</p>
57656060;Douglas;Martins da Silva;15993205;0;2023-11-30;Observações;<p>32 y</p><p></p><p>3 meses de dor lombar, cervical há 12 anos</p><p></p><p>hernia pequena na cervical - observar</p><p>RM lombar: sem degeneracao facetaria, sem DDD</p><p></p><p>#A Maigne Syndrome?</p><p></p><p>cd: oriento alimentacao, fisio e analgesicos</p><p>Bloqueio facetario se nao melhora</p><p></p><p></p>
58574412;Isis Fabiana Costa Silva;Santos;15994690;0;2023-11-30;Observações;<p>SIS FABIANA COSTA SILVA SANTOS, 47 ANOS, TI BANCO</p><p></p><p>CEFALEIA HÁ 30 DIAS, OCCIPITAL, CONSTANTE, EVENTUALMENTE PIORA COM MOVIMENTO, NÃO TEM ALTERAÇÃO VISUAL, NEGA NÁUSEAS. NÃO TEM RELAÇÃO COM BARULHO OU LUZ, ESTÁ MELHOR DESDE ÚLTIMA CONSULTA</p><p></p><p>HISTÓRIA PRÉVIA DE ENXAQUECA - MELHORA APÓS DIMINUIR CONSUMO DE LACTICINIOS</p><p>HIPOTIREODISMO: LEVOTIROXINA 75MCG</p><p></p><p>GCS 15, SEM DÉFICTI NEUROLÓGICO</p><p></p><p>RM E ANGIO RM: ANGIOMA VENOSO FRONTAL DIREITO, ANGIO RM SEM ALTERACOES</p><p>RM CERVCIAL PEQUENA PROTRUSAO C4-5</p><p></p><p>CD: PAMELOR 25MG A NOITE</p><p>HORMONIO PARA MENOPAUSA</p><p>RETORNO 2 MESES COM EXAMES DE SANGUE PARA AVALIAR HORMONIOS</p>
60686282;Ivani de Carvalho Tavares;De Oliveira;16096759;0;2023-12-07;Observações;<p>Ivani Oliveira, 64 anos</p><p>#Deficiencia auditiva</p><p></p><p>Dor em MIE há 20 dias, Trajeto L5?</p><p>Tinha lombalgia prévia há 4 anos</p><p>dor é 10/10</p><p>claudicação para 50 metros</p><p>ODI: 50% </p><p>IAM em 2001 - angioplastia com Stent + CRM por obstrução + desfibrilador</p><p></p><p></p><p>Mirtazapina 30mg noite</p><p>Melatonina</p><p>gabapentina 300mg 8/8h</p><p>5 gotas rivotril a noite</p><p>Fluoxetina 150mg/dia</p><p>Carvedilol 3,25 12/12h</p><p>Entresto 1 cp manha outro a noite</p><p>monocordil 12/12h</p><p>Atrovastatina 40mg 2cp a noite</p><p>AAS 100mg noite</p><p>Clopidogrel 75mg após almoço</p><p></p><p>TC (laudo): estenose L4-5</p><p></p><p>ao exame</p><p>Sem déficit de força</p><p>sem déficit sensitivo</p><p>lasegue + e fabele+ a direita</p><p></p><p>cd: solicito acesso as imagens para definição de conduta</p><p></p>
35702491;NEUSA;HELENA VIEIRA DE SOUSA;16331433;0;2024-01-03;Observações;<p>PO de ALIF L5-S1 EM 12/23</p><p></p><p>RETORNA COM MELHORA DA DOR</p><p>F.O. LIMPA  E SECA</p><p></p><p>CD: SOLICITO RADIOGRAFIA CONTROLE</p><p>RETORNO COM EXAME</p>
60686282;Ivani de Carvalho Tavares;De Oliveira;16331873;0;2024-01-03;HISTÓRIA CLÍNICA;<p>retorna com exames de sangue: ok</p><p>TC estenose L4-5 por hernia</p><p></p><p>cd: Solicito RM com sedação por uso de marca-passo e dor</p>
62306728;SANDRA;CERBONCINI LUCAS;16332188;0;2024-01-03;Observações;<p>Sandra Cerboncini Lucas, 44 anos, Peso</p><p>PO artrodese L5-S1 por listese em 2009</p><p></p><p>Evoluindo com dor lombar intensa. Piora ao deambular, limita para atividades diárias</p><p></p><p>VAS COLUNA: 9</p><p>VAS PERNA D: 7</p><p>VAS PERNA E: 8</p><p>ODI: 68%</p><p></p><p>MUC:</p><p>GABAPENTINA 300MG 2X DIA</p><p>ZOLPIDEM 10MG A NOITE</p><p>PACO/TRAMAL SOS</p><p></p><p>exames: listese L5-s1 e L4-L5 e mismatch lombar de 24 graus</p><p></p><p>cd: ALIF L4-S1</p><p>honoráro: 10k</p><p>Aumento Gabapentina pra 900mg/dia</p><p>Acrescento Duloxetina</p><p>Rotina de Exercícios e aeróbicos</p>
62345969;EDGAR;SHIZUO YOSHIOKA;16395103;0;2024-01-04;Observações;<p>EDGAR SHIZUO YOSHIOKA, 57 anos, engenheiro</p><p></p><p>Cervicalgia e irradiação para trapézio/ombro direito e parestesias em MSD. Inicio há 10 anos, pior há 4</p><p>limita atividades físicas e do cotidiano. Relata perda de força para erguer os braços, principalmente acima da cabeça</p><p></p><p>ndi: 16</p><p></p><p>ao Exame: sem perda de força/sensibilidade</p><p></p><p>cd: Solicito nova RM cervical - prévia com hérnia pequena</p><p></p><p></p>
62589112;AZARIAS;ANDRE DE SOUZA;16448018;0;2024-01-10;Observações;<p>Azarias Andre de Souza, 56 anos, oficial da polícia (está na reserva)</p><p></p><p>Dor cervical há 20 anos e lombar há 1 ano com piora há 3 meses, apresentou parestesias inicialmente a direita depois a esquerda, iniciou por 5 quirodáctilo direito. No momento piora da parestesia a direita - braço todo, piora a extensão da cervical e ao levantar objetos acima do ombro.</p><p></p><p>Ao exame:</p><p>força g 5, reflexos grau 1, sem hoffmann</p><p></p><p>cd: RM cervical e lombar</p>
62810807;Camila;Rossi;16482408;0;2024-01-15;Observações;<p>Camila Rossi, 29 anos, 97kg, 1,53, Procedente de salvador</p><p>Dor acima da região glútea, formigamento e perda temporária de mobilidade nas pernas, dor ao ficar em pé. Tem isso desde a adolescência, piora ao ficar em pé, melhora ao deambular</p><p></p><p>Apresenta ainda dor cervical e irradiacao para coluna dorsal</p><p></p><p>Obesidade, sem outras patologias</p><p></p><p>cd: RM CERVICAL e LOMBAR</p>
38211777;ALINE;LUTZ GARCIA;16514523;0;2024-01-17;Observações;<p>Aline Lutz Garcia, 30 anos, patologista, São Paulo</p><p>Enxaqueca desde a infância, espondilolistese desde a infância</p><p>melhora com cinarizina, RM com cisto estável há 1 ano.</p><p></p><p>Dor lombar é pior ao levantar, fica dias com dor</p><p></p><p></p><p>cd: RM lombar, radiografia dinamica</p><p>Oriento sob cisto e nao necessidade de nova RM cranio</p><p></p>
62832633;Irene;Coimbra Jacintho;16515145;0;2024-01-17;Observações;<p>Irene Coimbra Jacintho, 69 anos,   </p><p>2 cirurgias prévias de coluna, últimas há 2 anos</p><p>evoluindo com piora da dor há 1 ano e irradiação para membros inferiores.</p><p></p><p></p><p>rx com ALif artrodese L2-S1 e Doença do nível adjacente com estenose L1-2 e instabilidade ao raio X dinamico.</p><p></p><p></p><p>Syntroid 125mg</p><p></p><p>Densitometria: Osteopenia, score: -1,6</p><p></p><p>cd: Indico XLIF L1-2</p><p>solicito panoramico</p><p>Inicio alendronato</p><p>manter calcio + vitamina D</p><p></p><p></p><p></p>
57779490;CLAUDIA APARECIDA DOS SANTOS;JESUS;16516725;0;2024-01-17;Observações;
57779490;CLAUDIA APARECIDA DOS SANTOS;JESUS;16517949;0;2024-01-17;Observações;<p>Claudia Aparecida dos Santos Jesus</p><p>Hernia C4-5, C5-6 e C6-7</p><p></p><p>indico artrodese C5-6 e C6-7 e artroplastia C4-5.</p>
63265157;Vitória;Vidal Martos;16562121;0;2024-01-22;Observações;<p>Vitória Vidal Martos, 13 anos</p><p></p><p>Mãe notou desvio na coluna durante temporada na praia</p><p></p><p>Ao exame, adams positivo, triangulo de tale assimétrico, dextro escoliose lombar</p><p>lenke 5</p><p></p><p>Rx: escoliose T10-L3 de 43 graus</p><p></p><p>cd: solicito RM lombar e cervical devido a pouca rotatividade vertebral</p><p>Radiografia panoramica em flexão + pré operatório</p><p></p><p>T6-L3? L4?</p>
63466078;FAUSTO;KIYOSHI MORIKAWA;16593222;0;2024-01-24;Observações;<p>43 anos, trabalha como operador em fábrica e esforço físico, procedente de Japão</p><p></p><p>há 2 meses com dor nas costas a esquerda e perna e pé a esquerda.</p><p>Não tem relação com deambular ou ficar mais em pé, trajeto S1</p><p>VAS perna esquerda: 8</p><p>VAS perna direita: zero</p><p>VAS lombar: 6</p><p></p><p>oxicodona 10mg 3x dia</p><p>oxyprofen 60mg 3x dia</p><p>limaprost alfa 10mg 3x dia</p><p></p><p>Rx e RM com listese L4-5 g1 e hernia L4-S1</p><p></p><p>cd: Acrescento pregabalina e miosan 30 dias</p><p>reavaliação em 30 dias para indicar bloqueio</p>
63487156;MARCELO;MARTINS DE SOUZA NUNES;16599357;0;2024-01-24;Observações;<p>Marcelo Martins de Souza Nunes, 46 anos, </p><p></p><p>Ciatalgia s1 esquerda desde novembro</p><p>piora ao deambular</p><p>Claudicação para 50 metros em MIE</p><p>lasegue + a esquerda</p><p>sem déficit de força</p><p>dor piora ao descer ladeira e melhora ao subir</p><p></p><p>RM: Hérnia L5-S1 com compressão de forame a esquerda.</p><p></p><p>cd: Indico endoscopia L5-S1.</p><p>Solicito pré operatório</p><p></p><p></p>
64947128;SANDRA;LOPRETO AVELAR;16779961;0;2024-02-02;Observações;"<p>62 anos</p><p></p><p>Parestesias em membros inferiores e fraqueza em membros inferiores há 1 mes, incontinência urinária há 1 ano e infecções urinárias de repetição, constipação intestinal pior há 6 meses. Relata ainda ""falta de equilibrio""- Ataxia? Há 16 anos. Dor em joelho direito há 1 ano, relata falhas eventuais. Quedas frequentes há cerca de 9 anos.</p><p>Relata enxaqueca há 26 anos. </p><p></p><p>Estudo Urodinâmico: </p><p>RM Cranio: </p><p></p><p></p>"
62810807;Camila;Rossi;16831440;0;2024-02-07;Observações;
64947128;SANDRA;LOPRETO AVELAR;16835065;0;2024-02-08;Observações;<p>ao exame</p><p></p><p>hiperreflexia global</p><p>babinski e hoffmann positivos</p><p>força g4- para extensao dos pés, flexão da coxa e flexão das pernas, demais grau 4+</p><p>hipoestesia em pernas e pés bilateralmente</p><p></p><p>RM: diastematomielia, disrafismo espinhal e medula presa </p><p></p><p>cd: indico cirurgia para soltura medular.</p><p></p>
65247869;MARIA ISABEL;MENDONÇA DE ALMEIDA;16840688;0;2024-02-08;Observações;<p>60 anos, </p><p></p><p>Dor cervical cronica há 2 anos, pior em escápula e irradia para ombro direito</p><p></p><p>Fluoxetina 20mg/dia</p><p></p><p>Hiperreflexia global g3, hoffmann a direita</p><p>hernia e compressao C5-6, C6-7</p><p></p><p>cd: ACDF C5-7.</p>
65396676;MARLENE MARIA;DA SILVA;16847537;0;2024-02-08;Observações;<p>Marlene Maria da Silva, 52 anos</p><p></p><p>Dor lombar há 2 anos, pior há 3 meses, sem dor em membros inferiores</p><p>Sedentária</p><p>Ao exame</p><p>piora a extensão, sem ponto gatilho</p><p>não piora a palpação</p><p></p><p>#A dor lombar benigna</p><p></p><p>cd: FST, analgesia, RM Lombar</p>
65397933;MARIA ODETE;MARTINS DOS SANTOS;16848068;0;2024-02-08;Observações;
63265157;Vitória;Vidal Martos;17398205;0;2024-03-05;Observações;<p>13 anos</p><p></p><p>Retorna com exames, porém bending incompleto</p><p></p><p>solicito novo bending pra definir níveis</p><p>escoliose de 43 graus</p><p>T6-L4?</p><p></p>
58096769;LILIAN;CILSE DA SILVA;17399743;0;2024-03-05;Observações;<p>retorna com RM</p><p>cisto ressecado</p><p>canal livre</p><p></p><p>cd: alta</p><p>Retorno se retorno dos sintomas</p>
66275347;LENITA;BORGES MACHADO DE SANTANA;17400321;0;2024-03-05;Observações;<p>Lenita Borges Machado de Santana, 57 anos, aposentada (cozinha)</p><p>#PO artrodese torácica por hérnia discal</p><p></p><p>Relata dor cervical e lombar e ainda cefaleia occiptal a direita.</p><p>Cefaleia é a principal queixa, é diária, pulsátil, sem alterações visuais, náuseas eventuais. VAS cefaleia: 9 VAS cervical: 9. Dor cervical </p><p></p><p>Usando analgesicos comuns e dorene 150mg 1 comprimido a noite</p><p>Losartana 50mg/dia</p><p>HCTZ 25mg/dia</p><p></p><p>RM Cervical: Hérnia C5-6 e C6-7 com compressão medular</p><p></p><p>#A Cefaleia occipital?</p><p>Cervicalgia</p><p></p><p>cd: Inicio Topiramato 25mg a noite</p><p>Retorno 30 dias para bloqueio de occipital maior</p><p>Indico artrodese C5-7 - cobro 5k</p><p>enviar pedido hospital da luz/next butanta/metropolitano/samaritano higienópolis</p><p></p><p></p><p></p>
62345969;EDGAR;SHIZUO YOSHIOKA;17414223;0;2024-03-06;Observações;<p></p><p>retorna com RM: hérnia e compressao medular C3-4 e estenose de canal C6-7</p><p></p><p>indico: artroplastia C3-4 e artrodese C6-7.</p>
55828288;LUZIA DE FATIMA;MACEDO;17416077;0;2024-03-06;Observações;<p>Luzia de Fatima Macedo</p><p>Dor MIE piora ao ficar em pé e deambular - deambula apenas 100 metros, pior há 4 meses.</p><p>lasegue + a esquerda, trajeto L5</p><p>RM: cisto sinovial L4-5</p><p></p><p>cd: endoscopia L4-5 esquerda pra descompressão de raíz</p><p>cobro 5k</p>
63265157;Vitória;Vidal Martos;17621187;0;2024-03-19;Observações;<p>13 anos, Mãe: Ana Paula</p><p></p><p>Retorna com bending - linha sacral média pegando pedículo de L4</p><p></p><p>indico artrodese T9-L5</p><p>solicito cirurgia</p><p></p>
67856641;DIVA;MARIA DA SILVA;17667216;0;2024-03-21;Observações;<p>Diva Maria da Silva, 73 anos</p><p>#Artrose</p><p>#Osteoporose</p><p></p><p>Dor lombar crônica, apresentou piora após cirurgia do joelho direito em 2023.</p><p>dor piora a extensão, tem ainda dor em MID principalmente na porção anterior da perna direita que piora ao deambular 20 metros</p><p></p><p>Ao exame</p><p>Cifose acentuada e fixa</p><p>lasegue negativo</p><p>fabele + bilateral, porém com limitação a direita devido a edema em joelho direito</p><p></p><p>RM: estenose L3-5 pior em L4-5, escoliose</p><p></p><p></p><p></p><p></p><p></p><p>#</p><p>Sem densitometria</p><p>hipercifose</p><p>escoliose</p><p></p><p>cd:</p><p>Solicito densitometria</p><p>radiografia panoramica</p><p>Fisioterapia</p><p>Bloqueio em lombar e joelho</p><p></p><p></p>
67867185;JANAINA;DE BARROS MENDES;17668306;0;2024-03-21;Observações;
38211777;ALINE;LUTZ GARCIA;17890122;0;2024-04-02;Observações;<p>Aline Lutz Garcia, 30 anos, patologista, São Paulo</p><p>Enxaqueca desde a infância, espondilolistese desde a infância</p><p>melhora com cinarizina, RM com cisto estável há 1 ano.</p><p></p><p>Dor lombar é pior ao levantar e ao realizar movimentos específicos, fica dias com dor</p><p>Relata fraqueza e parestesia em MID eventualmente</p><p></p><p>RM: listese L5-S1 grau 1 com agenesia de faceta direita L5-S1 e estenose de canal medular nesse segmento, principalmente a direita come estenose foraminal a direita</p><p></p><p></p><p>cd: </p><p>Oriento sob cisto e nao necessidade de nova RM cranio</p><p>Indico cirurgia - ALIF L5-S1</p><p>Atestado PCD</p><p>FST específica</p><p>Restiva + cetorolaco + dipirona + miosan</p>
68575705;CLAUDIA;LUTZ;17893151;0;2024-04-02;Observações;<p>Claudia Lutz, 54 anos</p><p></p><p>Fibromialgia desde 2014</p><p>Depressão</p><p>Enxaqueca - Teve efeito adverso com Topiramato</p><p></p><p>Dor lombar esquerda, cóccix e MIE, dor é mais intensa na coxa esquerda. Principalmente anterior e lateral. Dor em Joelho esquerdo também.</p><p>Dor lombar e nádega é mais intensa que na perna. Inicio há 2 anos. </p><p>Dor na perna/quadril: 9/10</p><p></p><p>MUC: </p><p>Pregabalina 300mg 2x dia</p><p>Desvenlavaxina 100mg 1x dia</p><p>Frontal 2mg 2x dia</p><p></p><p>RM sacroilíaca: Discretas irregularidades e erosões corticais nas porções contíguas associadas a tênues</p><p>focos de edema ósseo, notadamente na asa sacral esquerda, apresentando discreto</p><p>realce pós-contraste endovenoso.</p><p></p><p>cd: Rx panorâmico</p><p>RM lombar</p><p>sacroileite? Sindrome piriforme?</p><p>aguardo exames e retorno presencial para possível bloqueio de sacroilíaca + lombar</p><p></p>
69339387;ERICK;BORGES ARAUJO;17954757;0;2024-04-04;Observações;<p>Erick Borges Araújo, 15 anos</p><p>#LLA em 2023 - Metotrexate e Mercaptopurina</p><p>#Apresentou Pancreatite  e há 1 ano está com insulina por DM</p><p></p><p>Herpes Zooster em trajeto V1 e olho direiot a direita há 15 dias</p><p>já foi no oftalmo</p><p></p><p></p><p>cd: capsaicina creme 4 x ao dia</p><p>Pregabalina 75mg 12/12h</p><p>tramadol 100mg sos</p><p>Dipirona 2g 6/6h</p><p>Etna 60 dias</p><p>Função hepática, renal e pancreática em 30 dias</p><p></p><p></p>
69446996;Benedita;Oliveira Da Silva;17997085;0;2024-04-09;Observações;<p>Benedita Oliveira da Silva, 57 anos, trabalha com limpeza</p><p></p><p>Dor lombar há 1 ano, dor piora ao ficar em pé e melhora ao deambular, tem parestesias nas pernas, principalmente a direita.</p><p>Já vem utilizando analgésicos porém sem melhora. VAS lombar e perna é 8.</p><p></p><p>Já realizou cirurgia na cervical.</p><p>Osteoporose</p><p>Residronato de sódio 1 vez ao mês.</p><p>última densitometria em novembro.</p><p></p><p></p><p></p><p>cd: </p><p>RM Lombar</p><p>Celebra</p><p>Coltrax 7 dias</p><p>Atividade física</p><p></p><p></p><p></p><p></p>
69484115;Andre;Luis Cassemiro;18012312;0;2024-04-10;Observações;<p>Andre Luis Cassemiro, 46 anos, Arquiteto</p><p></p><p>Cefaleia frontal e temporal desde a infância, sempre fez uso de medicações apenas nas crises. Ao girar nota inicio da dor ou piora. Luz e barulho pioram os sintomas. Crises chegam a dar a cada 2 meses e eventualmente menos.</p><p></p><p>Realizou investigacão recentemnte e diagnosticou cisto araconoideo.</p><p>RM 14/09/23: cisto de fossa média esquerda com desvio de linha média de 0,8cm</p><p></p><p>cd: Inicio Propranolol 10mg 12/12h</p><p>Fundoscopia com oftalmologista.</p>
69800824;ANDRE;DE AGUIAR TERTULIANO DOS SANTOS;18027823;0;2024-04-11;Observações;<p>André de Aguiar Tertuliano dos Santos, 30 anos, assistente de Logística.</p><p></p><p>Cefaleia após esforço há 3 semanas. Dor é occipital. Eventualmente pulsátil, sem foto ou fonofobia. Piora ao abaixar e ao final da tarde, porém já acorda com a dor. </p><p></p><p></p><p>Já fez tratamento para Ansiedade com Escitalopram 10mg - reinicou tratamento há 10 dias.</p><p>Fazia uso de testosterona e apresentou aumento de creatinina</p><p></p><p>RM cranio de 2023: normal</p><p></p><p>cd: Manter Escitalopram 10mg por 30 dias e reavaliar após aumento da dose</p><p>celebra + miosan 7 dias</p>
70257041;JOSE;CARLOS DA SILVA;18092289;0;2024-04-17;Observações;<p>JOSÉ CARLOS DA SILVA, 48 ANOS, MOTORISTA, SÃO PAULO</p><p></p><p>CERVICOBRAQUIAGIA A DIREITA TRAJETO C6 (INDICADOR) HÁ 2 MESES.</p><p></p><p>SPURLING POSITIVO</p><p></p><p>RM: HÉRNIA C5-6 E C6-7</p><p></p><p>C6-7 PIOR</p><p></p><p>INDICO ACDF.</p><p>PRESCREVO GABAPENTINA.</p><p></p><p></p><p></p><p></p><p></p>
67856641;DIVA;MARIA DA SILVA;18110519;0;2024-04-18;Observações;<p>retorna com radiografia panoramica</p><p></p><p>cifose de 81 graus e escoliose leve toraco lombar 11 graus - radiografia muito ruim.. medidas aproximadas</p><p></p><p>Densitometria: osteoporose -3,1 na coluna lombar L1-4 e -2,7 colo do fêmur</p><p></p><p>cd: prolia, alendronato, calcio</p><p>indico cirurgia para correção de scheurrmann porém paciente não tem condições no momento</p><p>abro possibilidade de bloqueio</p><p>nova radiografia panorâmica em 1 ano para avaliação.</p><p>Fortalecimento</p><p></p><p></p><p></p>
70237617;FRANCISCO JOSE;PEREIRA DA SILVA;18123713;0;2024-04-18;Observações;<p>Francisco Jose Pereira da Silva, 59 anos, sindicalista</p><p></p><p>Dor lombar, sem irradiação, eventualmente tem dor mais intensa paravertebral a direita, inicio há 1 ano. </p><p></p><p>Ansiedade: em uso de venlafaxina 150mg/dia</p><p></p><p></p><p>Ao exame: hipercifose, sem giba, sem escoliose aparente</p><p></p><p>cd: RM lombar e radiografia panoramica</p><p>Analgesia</p>
70429947;MARCELO;RUIZ LUCAS;18165980;0;2024-04-23;Observações;<p>Marcelo Ruiz Lucas, </p><p></p><p>retorna ocm exames</p><p>rx ótimo</p><p></p><p>libero para atividades</p>
69946113;JOANA;D'ARC DA SILVA FREIRE;18166717;0;2024-04-23;Observações;<p>Joana Freire, 55 anos, trabalha em lavanderia</p><p></p><p>Dor cervical, dorsal e lombar</p><p>relata ainda dor em joelhos</p><p></p><p>já realizou infiltração com melhora</p><p></p><p>RM de 07/23 com hipertrofia facetaria L4-S1</p><p></p><p>Ao exame: pontos posiitvos de fibromalgia: 16</p><p></p><p>cd: Nova RM</p><p>Densitometria óssea</p><p></p><p>Amitriptilina 25mg a noite</p><p></p><p></p>
70555607;DIEGO;SERRES;18200097;0;2024-04-25;Observações;<p>Diego Serres, 43 anos, Fotógrafo</p><p></p><p>Dor lombar e parestesia em perna direita, inicio ha 2 anos com piora progressiva</p><p>porção lateral e posterior da coxa e perna e todo pé. Sentado é pior. </p><p></p><p>Não tem outros diagnósticos ou uso de medicações.</p><p></p><p>Fez uso de pregabalina porém sem melhora</p><p>Diprospan deixa melhor por 20 dias.</p><p></p><p>RM: pequeno cisto sinovial de L5-S1 a direita comprimindo a raiz de S1.</p><p></p><p>cd: RM com Carga</p><p>Bloqueio/descompressão</p><p></p><p></p>
69484115;Andre;Luis Cassemiro;18726227;0;2024-05-08;Observações;<p>Andre Luis Cassemiro, 46 anos, Arquiteto</p><p></p><p>Não fez exame de fundoscopia, fez para glaucoma</p><p>encaminho a Dra. Lucia</p><p>Manteve-se sem cefaleia desde inicio do medicamento</p><p></p><p>renovo propranolol 10mg 12/12h</p><p></p><p></p>
68575705;CLAUDIA;LUTZ;18852261;0;2024-05-14;Observações;<p>Claudia Lutz, 54 anos (filha - Aline)</p><p></p><p>dor a manobra de gluteo médio, bilateral</p><p>dor a extensão da coluna lombar</p><p>densitometria: osteopenia</p><p>radiografia panoramica: sem desvios</p><p></p><p>cd: indico bloqueio facetário lombar</p><p>vitamina D + calcio</p><p></p><p>cobro 5k - checar diferença reembolso</p><p></p><p></p>
73068365;JOICE;PONTES CASTILHEIRO;18899162;0;2024-05-15;Observações;<p>Joice Pontes Castilheiro, 42 anos</p><p></p><p>Dor lombar, mais em nádega região lateral da coxa esquerda e pé região lateral até 5 pododáctilo</p><p></p><p>discectomia prévia em 2015 L5-S1</p><p></p><p>RM: hérnia discal L5-S1 e L4-5 com estenose de canal</p><p></p><p>cd: Indico ALIF L4-S1</p><p>cobro 15k</p><p>Visitas 400/dia</p>
71753171;Ricardo Alexandre;da Silva;18904592;0;2024-05-16;Observações;<p>Ricardo Alexandre da Silva, 34 anos, servidor público</p><p></p><p>Dor aguda, em trapézio esquerdo, com irradiação para ombro esquerdo, há cerca de 2 semanas. Piora conforme movimento da cervical e a palpação profunda</p><p></p><p>Atópico, sem outras patologias</p><p></p><p>Ao exame:</p><p>Dor a palpação de trapézio esquerdo, piora com flexão contralateral de cervical.</p><p>Dermatite atópica em mãos e cotovelos</p><p>sem desvios posturais aparentes, adams negativo, tale simétrico</p><p></p><p>#A Contratura muscular em trapézio esquerdo</p><p></p><p>cd: Miosan 30 dias + AiNe tópico (já em uso)</p><p>Oriento exercícios de alongamento</p><p>Clobetazol</p><p>RM cervical</p>
69946113;JOANA;D'ARC DA SILVA FREIRE;18905595;0;2024-05-16;Observações;<p>Joana D S Freire</p><p></p><p>Retorna com RM: artrose facetária L4-S1</p><p>DDD discreta nesses níveis</p><p></p><p>densitometria: osteopenia 0,887 (-2,7) em L2 e -1,7 de média de L1-L4</p><p></p><p>cd: investigação de osteopenia e inicio tratamento com alendronato.</p><p>Atestado</p><p>lab para osteoporose + inicio tratamento</p>
70555607;DIEGO;SERRES;18986047;0;2024-05-22;Observações;<p>retorna com RM de Coluna e sobrecarga</p><p></p><p>protrusão L4-5 e fissura de anulo fibroso em forame L4-5 direita</p><p></p><p></p><p>cd: bloqueio de forame L4-5 direita</p><p>cobro 5k</p>
71879062;Raimundo;Jackson Reis Cirino;19002276;0;2024-05-23;Observações;<p>Raimundo Jackson Reis Cirino, 77 anos</p><p></p><p>Dor cervical e lombar, dor em indicador da mao direita, </p><p>inicio há 3 anos. Relata ainda dores em quadris e membros inferiores, pior há 6 meses</p><p></p><p>HAS, ARRITMIA E 2 IAM PRÉVIOS</p><p>MUC:</p><p>apixabana 2,5 2x</p><p>clopidogrel 75mg</p><p>sinvastatina 40mg</p><p>hidralazina 25mg 2x</p><p>selozok 25mg 2x</p><p>furosemida 60mg/dia</p><p>monocordil 20mg 2x</p><p>omeprazol 20</p><p></p><p>#A</p><p> lesao muscular por sinvastatina?</p><p>reumatismo?</p><p>CD: LABORATÓRIO, RM COLUNA TOTAL</p><p>conforme resultado considerar: clomipramina (devido a arritimia) ou gabapentina</p>
73574901;CLAUDIA;REGINA MODA;19128634;0;2024-05-28;Observações;<p>Claudia Regina Moda, 54 anos, técnica de enfermagem</p><p>#Carcinoma ductal invasivo de mama (mastecotmia 02/24 + linfononodo negativo)</p><p>#Cintilografia negativa (01/04)</p><p></p><p>Dor lombar, nádegas e em coxas que piora a extensão e ao ficar muito tempo em pé, melhor deitada, inicio há 3 meses</p><p></p><p>Letrozol 2,5mg</p><p>Duloxetina 60mg (inicio abril)</p><p>Gabapentina 600mg/dia (abril)</p><p>Mirtazapina 15mg</p><p>Zolpidem 10mg</p><p></p><p>Ao exame:</p><p>Dor lombar a extensão de coluna lombar</p><p>dor a palpação de processos espinhosos baixos</p><p></p><p>RM: Alterações degenerativas nas 3 úlitmas interfacetárias lombares com sinoivite em L3-4 e L4-5.</p><p>Alteração de sinal em medular óssea do corpo de L2, com baixo sinal T1, intermediario T2 e realce pós contraste - lesão indeterminada</p><p></p><p>cd: Pilates, analgésicos, bloqueio facetário</p><p>Nova Rm lombar em 3 meses para avaliar alteração de sinal em L2</p><p></p>
42099734;Maisa Coelho;Araújo;19130278;0;2024-05-28;Observações;<p>35 anos</p><p>PO artroplastica C4-5 e ACDF C5-6</p><p></p><p>Retorna com RX: artrodese C5-6 e próteses bem acopladas</p><p>relata parestesias nos braços, principalmente a esquerda dependendo da posição que deita</p><p></p><p>cd: RM de controle</p>
69446996;Benedita;Oliveira Da Silva;19145332;0;2024-05-29;Observações;<p>retorna com RM</p><p></p><p>DDD avançada em L4-S1 e estenose de canal L4-5</p><p></p><p>cd: ALIF L4-S1.</p><p>cobro 12k</p><p></p>
74440097;Lucas;Thadeu Mamprim Galimbertti;19262145;0;2024-06-06;Observações;<p>Lucas Thadeu Mamprim Galimbertti, 31 ANOS</p><p></p><p>DOR LOMBAR HÁ 5 ANOS COM CIÁTICA A ESQUERDA HÁ 8 DIAS</p><p>JÁ FAZENDO PILATES HÁ 12 MESES SEM MELHORA</p><p>VAS LOMBAR: 5</p><p>VAS MIE: 8</p><p>NEGA DÉFICIT NEUROLÓGICO</p><p></p><p>ALGINAC + TRAMAL</p><p>ESCOLIOSE  SEM INVESTIGAÇÃO</p><p></p><p>RM: </p><p>L2-3: DDD + HÉRNIA</p><p>L4-5: HÉRNIA EXTRUSA E COMPRESSÃO SIGNIFICATIVA</p><p>L5-S1: DDD AVANÇADA</p><p>ESCOLIOSE</p><p></p><p>CD:</p><p>INDICO DISCECTOMIA ENDOSCÓPICA L4-5 (IRÁ AGUARDAR CARÊNCIA DO PLANO)</p><p>DIPROSPAN + RESTIVA 20MG + MANTER ALGINAC</p><p>INVESTIGAÇÃO ESCOLIOSE APÓS MELHORA DO QUADRO</p>
70555607;DIEGO;SERRES;19265706;0;2024-06-06;Observações;<p>queixa de dores em membros inferiores</p><p></p><p>inicio pregabalina 150mg a noite</p><p>etna injetavel</p>
13154050;NELSON KIMIO;OGASAWARA;19310442;0;2024-06-11;Observações;<p>NELSON</p><p>FORMIGAMENTO E DOR EM MIE, PIORA AO CAMINHAR, NÃO CAMINHA MAIS QUE 200 METROS</p><p></p><p>EM USO DE PREGABALINA 75MG/DIA</p><p></p><p>RM: ESTENOSE DE CANAL L4-5 </p><p>ELETRONEURO: NEUROPATIA DIABÉTICA LEVE BILATERAL</p><p></p><p>CD: INDICO DESCOMPRESSÃO L4-5</p><p>AUMENTO PREGABALINA PARA 150MG/DIA</p><p>SOLICITO NOVAMENTE DENSITOMETRIA + LAB OSTEOPROSE E DM</p>
74440097;Lucas;Thadeu Mamprim Galimbertti;19470302;0;2024-06-18;Observações;<p>31</p><p></p><p></p><p>gabapentina 1cp 12/12h</p><p>manter restiva de 20mg e tramal sos</p><p>prescrevo discectomia L4-5</p><p></p>
75344148;Roger;Duarte da Silva;19488480;0;2024-06-19;Observações;<p>Roger Duarte da Silva, 35 anos</p><p></p><p>ciatalgia bilateral, pior a direita, com piora há 2 semanas</p><p></p><p>artrodese prévia em L4-5 há 15 anos</p><p></p><p>RM: hérnia L2-3 com estenose de canal</p><p></p><p>cd: solicito panoramico e lombar</p><p>pré op hérnia disca L2-3.</p>
69946113;JOANA;D'ARC DA SILVA FREIRE;19516997;0;2024-06-21;Observações;
75904258;Ryland Cole;Tews;19547576;0;2024-06-25;Observações;<p>Ryland Cole Tews, 34 anos, film maker</p><p></p><p>cisto araconoideo ocipital operado em 2006</p><p>retorno de cefaleia occipital há cerca de 30 dias</p><p></p><p>RM com cisto araconoideo</p><p></p><p>cd: fundoscopia</p><p>acetazolamida SOS</p><p></p><p></p>
13154050;NELSON KIMIO;OGASAWARA;19567307;0;2024-06-26;Observações;<p>Familiar: Gabriela</p><p></p><p></p><p>traz exames:</p><p>PTH: 84 (normal até 80)</p><p>creatinina: 1,37</p><p>ureia: 43</p><p></p><p>Densitometria óssea 06/24: </p><p>Femur: -1,1</p><p>Antebraço: -1,8</p><p>Femur total: -0,2</p><p>(osteopenia)</p><p></p><p>cd: acrescento alendronato</p><p>encaminho para descompressão via prevent (atestado)</p>
76507598;EMILIANA;MARCIA SOARES COIMBRA;19703826;0;2024-07-03;Observações;<p>EMILIANA MARCIA COIMBRA, 67 ANOS</p><p></p><p>DOR CERVICAL HÁ 2 ANOS, IRRADIAÇÃO PARA AMBOS OS OMBROS</p><p>EVENTUALMENTE DOR LOMBAR E NA COLUNA TORÁCICA</p><p></p><p>RELATA 5 QUEDAS NO ÚLTIMO ANO</p><p></p><p>HMP:</p><p>DEPRESSÃO E DISTÚRBIO DE PÂNICO</p><p>OSTEOPOROSE (-3,3 COLUNA LOMBAR 2024) - NÃO ESTÁ TRATANDO</p><p>CIRURGIA DE OMBRO A ESQUERDA PRÉVIA</p><p>ESTEATOSE HEPÁTICA - SIC</p><p></p><p></p><p>Lamotrigina 25 2x dia</p><p>Duloxetina 60mg/dia</p><p>10 gotas rivotril a noite</p><p>naprix 0,5/10mg 1x dia</p><p></p><p>AO EXAME</p><p>HIPOESTESIA C5 A ESQUERDA (FRATURA DO OMBRO?)</p><p>TREMOR DE INTENÇÃO E REPOUSO, PIORA AO MOVIMENTO - RELATA SER DESDE INFANCIA</p><p>SEM RODA DENTEADA</p><p></p><p>CD:</p><p>RM CERVICAL PARA AVALIAR HERNIAS PREVIAS</p><p>EXAMES OSTEOPOROSE E ESTEATOSE?</p><p>PROPRANOLOL 10MG 12/12H (PARA TREMOR)</p><p></p><p></p>
76972227;Henrique;Ruiz Lucas;19781404;0;2024-07-10;Observações;
70237617;FRANCISCO JOSE;PEREIRA DA SILVA;19782955;0;2024-07-10;Observações;
70237617;FRANCISCO JOSE;PEREIRA DA SILVA;19782969;0;2024-07-10;Observações;<p>Francisco Jose Pereira da Silva, 60 anos, sindicalista</p><p></p><p>Dor lombar, sem irradiação, eventualmente tem dor mais intensa paravertebral a direita, inicio há 1 ano. DOr é pior a extensão.</p><p></p><p>Ansiedade: em uso de venlafaxina 150mg/dia</p><p></p><p></p><p>Ao exame: hipercifose, sem giba, sem escoliose aparente</p><p>panoramico: 67 graus de cifose</p><p>RM: DDD e pequena hérnia L3-4, alterações degenerativas interfacetárias</p><p></p><p>cd: analgesia, oriento</p><p>hidroterapia (ja vem fazendo)</p><p>retorno 3 meses</p>
76972227;Henrique;Ruiz Lucas;19783168;0;2024-07-10;Observações;<p>20 anos</p><p></p><p>dor lombar principalmente a extensão durante exercícios com carga específicos</p><p>como stiff e levantamento terra</p><p></p><p>RM com espondilólise L5-S1 e DDD pfirmann 2</p><p></p><p>cd: oriento atividades</p><p>reavaliacão em 6 meses</p>
77179250;Karine;Tvecchio Sales;19860740;0;2024-07-15;Observações;<p>Karine Sales, 38 anos, gerente de projetos, São Paulo</p><p></p><p>Dores difusas inicio há 1,5 anos</p><p></p><p></p><p>#Cirurgia para endometriose prévia - fez fst pélvica no P.O.</p><p>#Ansiedade - Velija 120mg/dia, Bupropiona 150mg/dia, Amitriptilina 20mg/dia</p><p>Rivotril 0,25mg 12/12h.</p><p># Hipotireiodismo: 25mg levotiroxina.</p><p></p><p></p><p></p><p></p>
75855386;LUCAS;DUTRA SOUZA STOPATO;19876455;0;2024-07-16;Observações;<p>8 anos</p><p></p><p>MMC intrautero</p><p>medula preso aos 3 anos - porém nao soltou</p><p>tenotomia em quadril e joelho em 22</p><p>caminha com apoio</p><p>faz sondagem (iniciou há 1 ano)</p><p>60 graus de escoliose a esquerda.</p><p></p><p></p>
76631246;AMABILE;LEALDINI MARIANO;19914320;0;2024-07-18;Observações;<p>Amabile Lealdini Mariano, 43 anos, gerente comercial</p><p></p><p>Dor lombar e MID (mais parestesia) há 5 anos, realizou artrodese posterior e anterior, porém sem melhora.</p><p></p><p></p><p>Velija 60mg</p><p>Não teve resposta com pregabalina</p><p>Alergia (coceira) com gabapentina</p><p></p><p>Ao exame:</p><p>dor piora a extensão e prova + bilateral para sacoriliaca</p><p></p><p>TC com degerenação bilateral de sacroilíacas</p><p>RM sem compressões, alif L5-S1 e artrodese posterior L4-S1</p><p></p><p></p><p>Restiva 20mg/dia</p><p>oriento fisio + alimentacao</p><p>Rx panoramico</p><p></p>
76631324;MARIA;EDUARDA LEALDINI SILVA;19916859;0;2024-07-18;Observações;"<p>MARIA EDUARDA LEALDINI SILVA, 18 ANOS</p><p></p><p>dor cervical baixa e presença de ""giba"" torácica que a encomoda</p><p>tem dor em escapula mais a direita</p><p>há 7 dias.</p><p></p><p>Ao exame</p><p>giba torácica alta</p><p>desalinhamento de quadris</p><p></p><p>cd:</p><p>solicito cortisol urinário para afastar cushing</p><p>rx panoramico para avaliar cifose e escoliose </p><p>rm cervical e lombar para avaliar dor cervical escapula e giba torácica</p>"
76992867;MARIA;DA SOLEDADE DA SILVA;19917474;0;2024-07-18;Observações;<p>Maria da Soledade da Silva, 68 anos</p><p></p><p>dorsalgia há 4 anos, piora a movimentação</p><p>melhora com analgesicos simples</p><p>não teve melhora com fst</p><p></p><p>cd: analgesia</p><p>solicito densitometria óssea.</p>
69800824;ANDRE;DE AGUIAR TERTULIANO DOS SANTOS;19954331;0;2024-07-23;Observações;<p>Andre de Aguiar Tertuliano dos Santos, 30 anos, logistica na natura</p><p></p><p>Cefaleia biparietal posterior há 5 dias, pior ao final do dia, piora ao abaixar a cabeça, sem sintomas visuais ou náuseas. Sem fotofobia, tem fonofobia.</p><p>Sem pródromos. Dor é pulsátil. Tem passado por período de estresse</p><p>Tem usado dipirona 500mg.</p><p></p><p>Venlafaxina 75mg/dia (ansiedade, inicio há 2 meses)</p><p></p><p>cd: </p><p>Dipirona 1g 6/6h</p><p>naproxeno 12/12h</p><p>sumax</p><p>angioRm + RM cranio</p><p></p>
78224876;ENZO;MALDONADO;19955010;0;2024-07-23;Observações;<p>Enzo Maldonado, 16 anos</p><p></p><p>Dorsalgia há cerca de 4 meses, pior há 1 semana, piora em pé é, melhora deitado.</p><p></p><p>ao exame: sem sinais de escoliose</p><p>dor a palpação de espinhosos baixos e torácicos baixos</p><p>cd: nimesulid</p><p>exercícios + alongamentos</p><p>rx + Rm</p><p>retorno com exames</p>
78224766;LUNA;MALDONADO;19955494;0;2024-07-23;Observações;<p>Luna, 11 anos</p><p></p><p>queda e trauma lombar</p><p>sem dor</p><p>Ao exame</p><p>discreta assimetria de cintura</p><p></p><p>Altura: 1,48</p><p></p><p>irá fazer panoramico de coluna + membros inferiores para afastar joelho valgo.</p><p>Retorno com exame.</p>
78736640;SIMONE;PIMENTELJAKOBI;19981085;0;2024-07-24;Observações;<p>Simone Pimentel Jakobi, 40 anos, real state</p><p></p><p>Microdiscectomia há 2 anos - Ciática a esquerda</p><p></p><p>Há 2 meses iniciou com dor lombar e perna esquerda. Dor lombar é predominante</p><p>VAS: 5 VAS perna: 3</p><p></p><p>Dor piora ao flexionar - descer stiff e agachamento.</p><p></p><p>RM: DDD grave e hérnia L5-VT</p><p></p><p>cd: Rx lombar</p><p>orçamento protese 1 nivel</p><p>exercicios</p><p>diprospan</p><p></p><p></p>
79027104;Thamires;MOREIRA RODRIGUES;20094972;0;2024-07-30;Observações;
46508165;CARLOS VELLOSO;DE LIMA;20095673;0;2024-07-30;Observações;<p>PO artroplatia C5-7 em 06/24</p><p>PO debridamento F.O. por infecção</p><p>6 semanas de Teicoplanina + Ceftriaxona (ainda realizando)</p><p>Retorna relatando melhora da dor</p><p>apresenta ainda desconforto na região da traqueia e eventualmente pigarro</p><p>Está em investigação de aumento de enzimas hepáticas, relata fraqueza e eventualmente mal estar</p><p></p><p>F.O. limpa e seca já cicatrizada</p><p></p><p>cd: TC com constrate de coluna cervical</p><p>Investigação de alterações hepáticas com hepatologista</p><p></p>
79027104;Thamires;MOREIRA RODRIGUES;20096262;0;2024-07-30;Observações;<p>Thamires Moreira Rodrigues, 34 anos, diretora de mary kay</p><p></p><p>Dor lombar há 2 anos, pior há 3 meses, ciática a direita, porção posterior até tornozelo</p><p>VAS perna: 9</p><p>VAS costas: 8</p><p></p><p>Fazendo acunputra e FST, há 4 meses sem melhora</p><p></p><p>Ao exame</p><p>Hipoestesia L5-S1 a direita</p><p>lasegue negativo</p><p>força preservada</p><p></p><p>RM: DDD L4-S1 com hérnia extrusa lateral a direita em L4-5 a direita.</p><p></p><p>cd: Endoscopia L4-5 a direita</p><p>honorários 15k</p>
79057285;IEDA;DAMASCENO;20097078;0;2024-07-30;Observações;<p>Ieda Damasceno, 61 anos, Lagoa Vermelha</p><p></p><p>dor e claudicação em membro inferior direito há 6 meses</p><p></p><p>RM com discreta estenose foraminal L4-5 direita</p><p></p><p>cd: Gabapentina 300mg 12/12h.</p>
78224876;ENZO;MALDONADO;20601993;0;2024-08-20;Observações;
78224766;LUNA;MALDONADO;20602041;0;2024-08-20;Observações;<p></p><p></p><p>panoramico: </p><p>16 graus escoliose T10-L4</p><p>40 graus cifose</p><p></p><p>sem estigma cutaneos, reflexos normais</p><p></p><p>retorno em dezembro para panoramico de controle.</p><p>Iniciar exercícios</p>
78224876;ENZO;MALDONADO;20603239;0;2024-08-20;Observações;<p>16 anos</p><p>Retorna com panorâmico</p><p></p><p>escoliose convexidade direita lombar 16 graus -lenke 5 T12-L4</p><p>cifose: 47 graus - sem alterações de placas terminais/acunhamentos</p><p>RM: escoliose, sem outras alterações</p><p></p><p>cd: SCHROTH</p><p>radiografia de idade óssea.</p><p></p>
45431623;Adriana Cristina;Dias;20619255;0;2024-08-21;Observações;<p>Adriana, 45 anos</p><p></p><p>Pregabalina 75mg 12/12h</p><p></p><p>C6 direita - dor em Membro superior direito</p><p></p><p>RM cervical: listese C5-6 com DDD avançada e hérnia C6-7</p><p>RM lombar: sem DDD significativa</p><p></p><p>cd: solicito rx dinamico de coluna cervical</p><p>Artrodese C5-7.</p>
80860175;ALESSANDRA;DE PAIVA CONDE CANCELLA;20620783;0;2024-08-21;Observações;
80860175;ALESSANDRA;DE PAIVA CONDE CANCELLA;20621056;0;2024-08-21;Observações;<p>52 anos</p><p></p><p>dor ciática direita há 20 dias</p><p>relata perda da forca em mID. Trajeto medial da coxa e anterior da perna</p><p></p><p>RM: hérnia L3-4 com compressão de forame a direita</p><p></p><p>cd: avaliação presencial para definir se endoscopia ou bloqueio</p><p></p>
80860175;ALESSANDRA;DE PAIVA CONDE CANCELLA;20635500;0;2024-08-22;Observações;<p></p><p></p><p>força g4- para extensão da perna, e flexão do quadril</p><p>sensibilidade diminuida trajeto L3</p><p></p><p></p><p>cd: endoscopia</p><p>cobro 15k - vai simular reembolso</p>
81097204;ANTONIO;CARLOS DOS SANTOS SOUZA;20636786;0;2024-08-22;Observações;<ul><li><p>Idade do paciente: 45 anos</p></li><li><p>Profissão: Motorista de caminhão</p></li><li><p>Sintomas: Dor na coluna cervical e lombar há quatro anos, Formigamento nas mãos, Dor nas pernas e no corpo, Dificuldade para dormir à noite devido à dor</p></li><li><p>Duração dos sintomas: Quatro anos, com piora nos últimos um ano e três meses</p></li><li><p>Tratamentos atuais: Acupuntura, Fisioterapia </p></li><li><p>Medicações: prebictal 75mg a noite</p></li><li><p>Exames realizados: Exames da coluna cervical e torácica</p></li><li><p>Resultados dos exames: Hérnia de disco pequena entre a quinta e sexta vértebra cervical</p></li><li><p>Planos de tratamento sugeridos: Bloqueio da coluna Cervical + Lombar</p><p>cobro 5k por segmento</p><p>Aumento pregabalina pra 300mg/dia e inicio Fluoxetina 20mg/dia</p></li></ul>
80776013;KELLY;DA SILVA NOGUEIRA;20646371;0;2024-08-23;Observações;<p>44 anos, enfermeira</p><p></p><p>Incontinëncia urinária com infeccoes repetitivas, dor lombar e ciática a esquerda ha cerca de 1 ano, relata ainda parestesia em membro superior esquerdo</p><p></p><p>ao exame: hipoestesia em todo MIE, principalmente L5 e S1</p><p>lasegue + a esquerda</p><p>força g4 para flexao e extensao da perna e flexao do quadril - limitacação álgica?</p><p>sem assimetria do quadril ou ombros</p><p>dor a palpação de musculatura paravertebral bilateral</p><p></p><p>cd: topiramato 50mg a noite, rm cervical e lombar</p><p>oriento sobre exercícios</p><p>diclofenaco + dipirona + miosan</p>
81419418;ANDREIA;FERREIRA DE ANDRADE;20813408;0;2024-09-03;Observações;<p>49 anos, professora, procedente de são bernardo</p><p></p><p>dor lombar há 2 anos, piorou há 20 dias porém está melhor desde ontem</p><p></p><p>exame sem alterações</p><p>piora a extensão</p><p></p><p>RM e Rx com listese 1 por istmica e piora a flexao</p><p></p><p>cd: exercicios</p><p>analgesia</p><p>Infiltração se não melhora</p><p></p>
45431623;Adriana Cristina;Dias;20814384;0;2024-09-03;Observações;<p>Evolução da RM com Modick, observando infiltração em duas vértebras específicas em C5-6. RX com retrolistese a extensao</p><p>aumento de hernia C6-7 também</p><p></p><p></p><p>cd: ACDF C5-7</p>
63265157;Vitória;Vidal Martos;20971569;0;2024-09-13;Observações;<p>Evoluiu de 42 graus para 52 graus de T9 a L3 em 5 meses.</p><p></p><p></p><p>Altura: 1,66</p><p></p><p></p><p>cd: solicito FST, aguardo liberação da cirurgia</p><p></p>
75344148;Roger;Duarte da Silva;21331057;0;2024-09-24;Observações;<p>PO DISCECTOMIA PERCUTANEA L2-3 E L3-4.</p><p></p><p>RETORNA COM DOR EM PERNA DIREITA, TRAJETO L4</p><p></p><p>REALIZO BLOQUEIO LOCAL</p><p></p><p>NÃO INICIOU OXICODONA</p><p>INICIAR OXICODONA</p><p>PREGABALINA 300MG/DIA </p><p>ETNA IM 3 DAIS</p><p>FST</p><p>ATESTADO PCD/IPVA</p><p>RETORNO EM 2 SEMANAS</p><p></p><p></p>
80776013;KELLY;DA SILVA NOGUEIRA;21332180;0;2024-09-24;Observações;<p>44 ANOS</p><p></p><p>RETORNA COM RM CERVICAL</p><p></p><p>HÉRNIA C5-6 E C6-7</p><p></p><p>AO EXAME PERDA DE SENSIBILIDADE C6 E C7 A ESQUERDA</p><p>E PERDA DE FORÇA - G3 PARA FLEXÃO E EXTENSÃO DO PUNHO E DO ANTEBRAÇO.</p><p>HIPERREFLEXIA</p><p>HOFFMANN NEGATIVO</p><p></p><p>CD: ACDF C5-7</p><p>AGUARDA TROCA DE PLANO PARA ENCAMINHAMENTO DE CIRURGIA DE URGÊNCIA</p>
75344148;Roger;Duarte da Silva;21940957;0;2024-10-15;Observações;<p>Retorna relatando dor em joelho e porção medial da perna, teve melhora na ultima semana porém nova piora nos últimos 3 dias</p><p>Relata ainda perda da força pra flexão da coxa - ao exame força g4 - vende resistência leve</p><p>Demais força preseravada</p><p>Relata dor lombar ao ficar deitado em posição dorsal</p><p></p><p>Exames laboratoriais: </p><p>Aumento de Gama GT,  TGO e TGP, vitamina D baixa, , homocisteina alta, pth normal.</p><p>cd: FST, realizo infiltração de lidocaina, toperma a noite, manter pregabalina, </p>
84690809;MURILLO;RUIZ LUCAS;22107004;0;2024-10-16;Observações;<p>Murillo Ruiz Lucas, 18 anos, </p><p></p><p>Dor lombar crönica, pior há 1 ano, piora ao fazer atividades como varrer ou atividades com torção, piora a extensão.</p><p></p><p>Seringomielia T5-6 e protrusao T4-5</p><p>Lombar: hérnia L3-4.</p><p></p><p>Peso: 110kg Altura: 1,76</p><p>rx panoramico: sem desvios, bom equilibrio sagital</p><p></p><p>cd: solicito nova RM toracida em 6 meses para acompanhamento de seringomielia (abril/2025)</p><p>solicito labs</p><p>oriento exercicios e perda de peso.</p><p></p><p></p><ul><li><p>Motivo da Visita: Dor na lombar e presença de caroços</p></li><li><p>Histórico Médico: Paciente relata que a dor nas costas começou há algum tempo, Utilizou medicamentos anteriormente, mas não teve sucesso prolongado no alívio da dor, Histórico de cisto pilonidal operado</p></li><li><p>Exame Físico e Procedimentos Realizados: Exame físico realizado: apalpação da região lombar e dorsal, Observação de nódulo muscular, Paciente apresenta dor ao realizar determinados movimentos de torção e flexão, Raio-X da coluna lombar e dorsal já disponível e analisado</p></li><li><p>Resultados de Exames Diagnósticos</p><ul><li><p>Raio-X: Nenhum desvio na coluna, sem desbalanço</p></li><li><p>Ressonância Magnética: Presença de hidroseringomielia entre T5 e T6, presença de hérnia lombar, protrusões</p></li><li><p>Observações: Hidroseringomielia não é a causa provável da dor atual, Hidroseringomielia será acompanhada com nova ressonância em 6 meses Hérnia lombar sem compressão significativa de nervo</p></li></ul></li><li><p>Diagnóstico: Hidroseringomielia, Hérnia lombar, Nódulo muscular</p></li><li><p>Plano de Tratamento: Repetir ressonância magnética em 6 meses para monitorar hidroseringomielia, Tratar a dor lombar com medicação e fortalecimento muscular, Recomendar atividade física regular para fortalecer musculatura estabilizadora da coluna, Manter acompanhamento nutricional e controle de peso, Solicitar exames de sangue recentes</p></li><li><p>Instruções para o Paciente: Iniciar atividades físicas regulares, incluindo academia e fortalecimento muscular, Acompanhamento nutricional para controle de peso, Realizar exames de sangue conforme solicitado, Acompanhar dor e retornar em caso de piora dos sintomas</p></li></ul>
86056197;Otavio;Brasil de Andrade Figueira;22191132;0;2024-10-22;Observações;<p>OTAVIO, 36 ANOS,</p><p>ALIF EM 2022 L4-S1</p><p></p><p>DOR LOMBAR E GLUTEO, PIOR HÁ 1 ANO. PIOR DE MANHÃ, ASSOCIADA A RIGIDEZ.</p><p></p><p>FAZ USO APENAS DO PARACETAMOL SOS</p><p></p><p>TC E RM COM ATIVIDADE INFLAMATORIA DE SACRO ILIACAS</p><p>TC COM ESTENOSE L4-5 RESIDUAL A ESQUERDA</p><p></p><p>HBLA 27 POSITIVO E AUMENTO DE C3 - 160 (REF: 157)</p><p>PCR: 0,47</p><p></p><p>#A</p><p>PO ARTRODESE L4-S1</p><p>ESPONDILITEANQUILOSANTE</p><p></p><p>CD:</p><p>AGUARDA REUMATOLOGISTA</p><p>SOLICITO PANORAMICO PARA CONTROLE </p><p>DOSAGEM DE VITAMINA D, PTH, MAGNETISO ZINCO E FERRITINA PARA AVALIAR SUPLEMENTAÇÃO</p><p>ORIENTO EXERCÍCIOS - ENVIO PRESCRIÇÃO</p><p>RETORNO APÓS AVALIAÇÃO REUMATOLOGISTA</p><p></p>
87754379;Bernadete;kiyoko tokumoto;22283849;0;2024-10-29;Observações;<p>Bernadete Kiyoko Tokumoto, 53 anos, Dentista</p><p>alif por listese em 2021.</p><p></p><p>Dor cervical e irradiação para membro superior direito, relata perda de força nesse membro superior direito.</p><p></p><p>Relata ainda dor em trapézio esquerdo. Dor piora a rotação a esquerda</p><p></p><p>HMP: asma, osteoartrose</p><p></p><p>Ao exame</p><p>Força G3 pra extensão do antebraço esquerdo. Sem hiporreflexia de biceps bilateral, hoffmann negativo. </p><p></p><p>cd: Nova RM + raio X cervical + RM lombar.</p><p></p><p></p>
87734593;Leticia;Barcellos;22285638;0;2024-10-29;Observações;
87734593;Leticia;Barcellos;22285745;0;2024-10-29;Observações;<p>Leticia Barcellos, 44 anos, Enfermeira Samu, </p><p></p><p>Dor cervical associada Dormência 1 quirodáctilo da mão direita, evoluiu para dormência em MSD desde dezembro/23. Apresentou ainda perda da força de membro superior direito em fev de 2023, hoje apresenta espamos musculares, dor a esquerda também.</p><p></p><p>pregabalina: 75mg a noite</p><p></p><p>cd: Indico artrodese C3-6</p><p></p>
88030029;CLAUDINEI;APARECIDO DA SILVA;22342153;0;2024-10-31;Observações;<p>Claudinei Aparecido da Silva, 42 anos, Trabalha com Pizzaria</p><p></p><p></p><ul><li><p>Paciente</p><ul><li><p>Nome: Codinei</p></li><li><p>Idade: 41</p></li><li><p>Profissão: Proprietário de pizzaria</p></li></ul></li><li><p>Histórico Médico</p><ul><li><p>História de dor nas costas: Dor nas costas há 5 anos, tratada inicialmente com natação e pilates. Utilizou corticoides há 5 anos atrás.</p></li><li><p>Medicamentos anteriores: Injeções de corticoides há 5 anos,</p></li><li><p>Histórico familiar: Mãe com histórico de cirurgia na coluna</p></li><li><p>Outras condições médicas: Nenhum outro problema de saúde, nenhuma cirurgia ou tratamento específico.</p></li></ul></li><li><p>Sintomas: Dor nas costas, especialmente do lado esquerdo, presente há 5 anos., Dor agravada nos últimos dois meses., Dor piora ao espirrar, levantar, sentar e movimentar-se., Dor não melhora com nenhuma posição específica., Dor profunda, não aumentada pela palpação., Incômodo ao abaixar-se e ao mover quadril para frente., Leve incômodo na perna direita.</p></li><li><p>Exame Físico</p><ul><li><p>Palpação: Palpação não aumentou a dor.</p></li><li><p>Movimentos: Incômodo ao abaixar-se com joelhos retos., Dor leve ao mover quadril para frente., Nenhuma dor irradiada para as pernas.</p></li><li><p>Coluna: Leve alteração na postura, sem grande desvio perceptível. Nenhuma história de escoliose.</p></li></ul></li><li><p>Tratamento Atual: Paciente continua fazendo pilates., Paciente parou de fazer natação, mas relatou benefícios anteriores.</p></li><li><p>Plano de Tratamento: Ressonância, toragesic + Miosan, Rx panorâmico, exames de sangue.</p></li></ul>
87994725;CRISTIANE;MARIA DE OLIVEIRA BRANTES;22343136;0;2024-10-31;Observações;<p>CRISTIANE MARIA DE OLIVEIRA BRANTES, 54 anos, </p><p></p><p></p><p></p><ul><li><p>Motivo da Visita: Paciente apresenta piora significativa na dor lombar e adormecimento na perna esquerda, especialmente nos últimos seis meses.</p></li><li><p>Histórico Médico</p><ul><li><p>Cirurgia: Artrodese realizada em 2009 devido a dor lombar.</p></li><li><p>Dor Prévia: Paciente relatou dor desde 2002, com agravamento recente.</p></li><li><p>Tratamentos Anteriores: Pilates, RPG, medicamentos e fisioterapia.</p></li><li><p>Outras Condições: hipotireoidismo, pré-diabetes (tratada com glifagem há dois anos). MUC: treset 10mg?</p><p>metformina 500mg 2 x dia</p><p>Puran 75mcg.</p></li></ul></li><li><p>Sintomas: Dor lombar constante e exacerbada por qualquer movimento, Adormecimento na perna esquerda, Incapacidade de encontrar uma posição confortável para dormir ou sentar</p></li><li><p>Exame Físico e Procedimentos Realizados: Hipoestesia L5 a esquerda, sem alteração de força </p></li><li><p>Resultados de Exames Diagnósticos: Imagens de ressonância magnética e tomografia mostram degeneração do disco adjacente, presença de hérnia e estenose de canal. Presença de pequena coleção líquida em coluna lombar</p></li><li><p>Plano de Tratamento Recomendado</p><ul><li><p>Cirurgia: Considerar retirada do disco degenerado e possível reposição com espaçador para restaurar a altura e lordose.</p><p>Medicação: Restiva 10mg</p></li></ul></li><li><p>Instruções para o Paciente: Realizar raio-x de toda a coluna para avaliação detalhada da lordose e compensações., Consultar histórico de parafusos usados na cirurgia de 2009 para planejamento de possível remoção e substituição., Manter exercícios supervisionados para fortalecer a musculatura e estabilizar a coluna.</p></li><li><p>Discussão sobre Alternativas de Tratamento: Possibilidade de uso de bomba de morfina descartada pelo paciente devido à necessidade de manutenção frequente., Consideração de prótese discal como alternativa para preservar a mobilidade e reduzir a dor.</p></li><li><p>Comentários Adicionais: Paciente relatou episódio de picada de aranha com sintomas severos, mas sem ligação direta com os sintomas atuais.</p></li></ul><p></p><p>Honorários 25k</p>
88252128;ANDRIELE;FIORI MAIER NARDI;22345904;0;2024-10-31;Observações;<p>Andriele Fiori Maier Nardi, 37 anos, estudante, procedente de Sorriso</p><p></p><p># Hérnia C4-5 e C5-6. sintomas são mais 3 primeiro quirodáctilos (C6-7)</p><p></p><p></p><p></p><ul><li><p>Motivo da visita: Consulta sobre hérnia cervical e avaliação de exames para possível cirurgia.</p></li><li><p>Histórico médico: Formigamento e dor no ombro, perda de força no braço direito, notou principalmente ao cozinhar e erguer objetos. Sintomas iniciaram há cerca de 30 dias.</p></li><li><p>Resultados dos exames diagnósticos: Hérnia cervical nos níveis 4-5 e 5-6.</p></li><li><p>Plano de tratamento</p><ul><li><p>Cirurgia: Artroplastia cervical. C4-5 e C5-6</p></li></ul><p>Honorários: 20k</p></li></ul>
88631676;Carolina;Ramos da Silva Bobadilha;22448746;0;2024-11-08;Observações;
88656537;Iuri;Saldanha;22471714;0;2024-11-11;Observações;<p>Iuri Saldanha, 30 anos, procedente da Irlanda,</p><p></p><p>Dor lombar, há 4 meses, ciática a direita mais intensa, porém bilateral. Apresentou melhora ao fazer pilates. Está com dificuldade para atividades do cotidiano como girar, erguer peso ou ficar em pé ou sentado por mais de 30 minutos.</p><p>Relata enrigecimento logo pela manhã, atualmente tem mais dor na nádega direita e no lado direito</p><p></p><p>RM: 2 hérnias grandes L3-4 e L4-5</p><p></p><p>indico protese</p><p>solicito lab para afastar espondilite anquilosante</p><p>rx pra afastar escoliose e espondilite.</p><p></p>
89386139;Jairo Vieira;da silva;22563992;0;2024-11-18;Observações;
89386139;Jairo Vieira;da silva;22568473;0;2024-11-18;Observações;<p>Jairo Vieira da Silva, 52 anos, </p><p></p><p>Dor na cervical e tetraparesia há 2 anos, tem parkinson há 10 anos.</p><p>Relata ainda parestesia e dor na perna esquerda com claudicação neurogênica</p><p></p><p>prolopa 5x ao dia</p><p>Pramipexol 1x ao dia 1mg</p><p>losartana</p><p></p><p></p><p>Tetraparesia com hiperreflexia</p><p>hoffmann negativo</p><p></p><p>RM: estenose de canal medular congênita</p><p></p><p>cd: indico foraminoplastia cervical</p><p>forneço laudo INSS</p><p></p><p></p><p></p><p></p>
87754379;Bernadete;kiyoko tokumoto;22679491;0;2024-11-27;Observações;<p>hb glicada: 5,9</p><p>Ige: 214</p><p>colesterol total: no limite</p><p>Ferritina 201.</p><p></p><p>hipoestecia C5 e C6 a direita.</p><p>Força G4 - para flexão se extensão de antebraço direito.</p><p></p><p>RM: hérnia cervical C4-7.</p><p></p><p>indico: artroplastia 2 niveis e 1 nivel artrodese</p><p></p>
90065587;MAURO;AYRES DE CASTRO;22713201;0;2024-11-28;Observações;<p>Mauro Ayres de Castro, 76 anos, procedente de Biritiba Mirin (próximo a Mogi)</p><p></p><p>Relata dor em MSD e atrofia, há 2 anos</p><p></p><p>cirurgia de REVASC em 09/24.</p><p></p><p>hérnia C4-5 com estenose  de canal.</p><p></p><p>ao exame</p><p>atrofia de membros superiores, presença de hiporreflexia e força g2.</p><p></p><p>cd: forneço laudo indicado tratamento cirúrgico.</p><p></p><p></p>
93055551;Moisés;Ferreira de Sousa;23577226;0;2025-01-03;Observações;<p>Moises Ferreira de Sousa, 33 anos, vendedor de medicamentos</p><p></p><p>Cefaleia occipital de inicio há 3 semanas, cefaleia é em pontada e com parestesias</p><p>relata </p><p>Sem queixas cervicais. </p><p>histórico de rinite e dores abdominais e presença de sangue vivo nas fezes.</p><p>irmã com chron</p><p></p><p>Retorna com exames:</p><p>vitamina D baixa</p><p>homocistetina alta, porém b12 e b6 normais</p><p>triglicerideos 220 - oriento dieta</p><p>IGe alta - rinite?</p><p></p><p>cd: </p><p><strong>Amitriptilina 12,5mg a noite</strong></p><p></p><p>Manipular</p><p>Curcumina ----------------- 200-500 mg</p><p>Piperina -------------------- 5-10 mg</p><p>Transresveratrol ---------- 100-200 mg</p><p>Quercetina lipossomal --300-500 mg</p><p></p><p>Metilfolato -------------1mg</p><p>Manipular 60 cápsulas</p><p>Tomar 1 comprimido ao dia</p><p></p><p></p><p></p><ul><li><p>Homocisteína: Nível elevado.</p></li><li><p>Proteína C: Nível ligeiramente elevado.</p></li><li><p>IgE: Nível elevado, indicando possível alergia.</p></li><li><p>Reposição de vitamina para homocisteína elevada.</p></li><li><p>Tratamento para alergias devido ao nível elevado de IgE.</p></li><li><p>Continuar tratamento para rinite.</p></li><li><p>Trocar alimentos de massa branca por opções integrais.</p></li><li><p>Iniciar atividade física regular.</p></li><li><p>Aumentar a ingestão de fibras.</p></li><li><p>Vitamina B para reposição - metilfolato</p></li></ul><p><strong>Pedir folato na proxima consulta</strong></p><p><strong>Repetir vitamina D</strong></p><p><strong>repetir homocisteina</strong></p>
93037009;Érick;Sena;23603787;0;2025-01-07;Observações;<p>Érick Sena, 32 anos, procedente de Guarulhos, empreendedor - trabalha com roupas</p><p></p><ul><li><p>Motivo da Visita: Paciente relatou ter sido atingido por um tiro na cabeça durante o ano novo, por volta da meia-noite. Ele afirma que a lesão foi superficial e que o impacto foi forte, mas não houve perfuração.</p></li><li><p>Histórico Médico: Paciente recebeu os primeiros socorros no local do incidente, incluindo curativo, limpeza da ferida e remoção de pólvora. Foi realizada uma tomografia e uma ressonância magnética.</p></li><li><p>Sintomas: Corte na cabeça, Dor intensa no local do impacto, Sangramento no momento do incidente</p></li><li><p>Exame Físico e Procedimentos Realizados: Avaliação da cabeça para verificar cortes e sinais de fratura, Análise das imagens de ressonância magnética fornecidas pelo paciente</p></li><li><p>Tomografia realizada no pronto-socorro indicou que não havia fragmentos de metal remanescentes - não possui o exame</p></li><li><p>Ressonância magnética realizada não mostrou fratura ou hematoma significativo.</p></li><li><p>Repetir a tomografia para confirmar ausência de fratura exposta.</p></li></ul>
93561895;MAILY GONÇALVES;STANKEVICIUS;23780614;0;2025-01-14;Observações;<p>Maily Gonçalves Stankevicius, 79 anos, </p><p></p><p>Ciática a direita, desde 10/24, dor é inicia na nádega direita e vai até o tornozelo, porção lateral (L5?). </p><p>Queixa Principal: Dor no nervo ciático</p><ul><li><p>História da Doença Atual: Dor começou em 12 de outubro, Dor intensa na nádega direita que irradia até o tornozelo, Um dedo próximo ao dedão do pé direito parece estar 'morto', Histórico de lesão ao tentar pegar algo no alto, Roxo na área afetada, seguido de perda de massa muscular, Dor constante, aliviada temporariamente por medicação</p></li><li><p>Histórico Médico: Fratura de tíbia e perônio na perna esquerda na juventude, Perda significativa de peso recente, Dieta inadequada com pouca alimentação diária, História familiar de câncer de mama (mãe) e enfisema pulmonar (pai)</p></li><li><p>Medicações: Medicação para dor (não especificada)</p></li><li><p>Exame Físico: Perda de força e limitação de movimento no quadril, Limitação de abdução do quadril esquerdo, Dor ao dobrar o quadril esquerdo, Menor sensibilidade no segundo dedo do pé direito, Sensibilidade preservada no restante dos membros inferiores, Exame de força muscular nos membros inferiores dentro do esperado</p></li><li><p>Exames de Imagem: Ressonância magnética mostrando estenose de canal e hérnia de disco em L4 e L5, Tomografia do quadril com diagnóstico de tendinopatia</p></li><li><p>Plano de Tratamento: Encaminhamento a um especialista em quadril, Considerar infiltração no quadril, Se a dor persistir após o tratamento do quadril, considerar tratamento da coluna, Opção de cirurgia endoscópica para descompressão da hérnia de disco se necessário</p></li></ul>
88252128;ANDRIELE;FIORI MAIER NARDI;23782140;0;2025-01-14;Observações;
93940427;ELIO;GOMES DE SA;23888753;0;2025-01-21;Observações;<p>Elio Gomes de Sa, 52 anos, editor</p><p></p><p></p><ul><li><p>Motivo da Visita: Paciente relata dor lombar crônica devido a hérnia, busca retornar à atividade física.</p></li><li><p>Histórico Médico</p><ul><li><p>Hérnia Lombar: Diagnosticada em 2015, com crises mais intensas desde 2019.</p></li><li><p>Depressão: Tratada com desvenlafaxina há um ano e meio.</p></li><li><p>Transtorno de Déficit de Atenção: Tratado com Ritalina há oito meses.</p></li><li><p>Histórico de Dor: Dor lombar constante, exacerbada por atividade física e posições inadequadas. Dor no tendão de Aquiles, sem relação clara com exercício.</p></li><li><p>Ganho de Peso: Ganhou gordura e perdeu massa muscular desde 2019. Peso atual: 91 kg.</p></li></ul></li><li><p>Dor na região lombar, exacerbada por atividade física e dormir de bruços.</p></li><li><p>Dor no tendão de Aquiles, intermitente e dolorida ao toque.</p></li><li><p>Ausência de dor na perna ou articulações.</p></li><li><p>Choques esporádicos na lombar antes da crise mais forte.</p></li><li><p>Medicação Atual: Desvenlafaxina, Ritalina</p></li><li><p>Exame Físico</p><ul><li><p>Movimentos Testados: Flexão da perna, Flexão da coluna, Palpação da região lombar</p></li><li><p>Resultados: encurtamento muscular, sem dor a flexào ou extensão do tronco, sem dor a palpação</p></li></ul></li><li><p>Recomendar retorno gradual à atividade física, focando em alongamento e exercícios para pernas.</p></li><li><p>Considerar suplementação hormonal conforme necessário.</p></li><li><p>Manter acompanhamento com psiquiatra para ajuste das medicações psicotrópicas.</p></li><li><p>Realizar nova ressonância magnética.</p></li><li><p>Retomar atividades físicas de forma gradual e monitorada.</p></li><li><p>Continuar acompanhamento psiquiátrico para avaliação contínua das medicações.</p></li><li><p>Revisar dieta e considerar orientação nutricional para perda de peso e controle de glicemia.</p></li><li><p>Exames de Sangue</p></li></ul>
94139270;Selma;Aparecida Rosman Balsamo;23890604;0;2025-01-21;Observações;
94271290;JANDIR;VILSON MAIER;23937408;0;2025-01-22;Observações;<p>Jandir Vilson Maier, 64 anos</p><p></p><p></p><ul><li><p>Paciente: Jandir Wilson Maier</p></li><li><p>Sintomas relatados: Dor na coluna cervical e lombar, Possível dificuldade em caminhar longas distâncias sem dor, Dor eventual ou contínua na coluna</p></li><li><p>Exames mencionados: Exame complementar da coluna, Exame específico para a espondilolistese na lombar</p></li><li><p>Condições identificadas: Espondilolistese lombar, Malformação na coluna lombar</p></li><li><p>Tratamento recomendado: Cirurgia para espondilolistese</p></li><li><p>Necessidade adicional: Caracterização melhor dos sintomas, Possibilidade de outros exames para avaliar a condição da coluna</p></li></ul><p>Medicações: AAS 100mg, rosuvastatina, clopidogrel 75mg. </p>
95160676;Marcelo Gomes de;Oliveira;24155327;0;2025-02-04;Observações;<p>Marcelo Gomes de Oliveira, </p>
95160676;Marcelo Gomes de;Oliveira;24155671;0;2025-02-04;Observações;<p>Marcelo Gomes de Oliveira, </p><ul><li><p>Paciente: Marcelo, 32 anos</p></li><li><p>Sintomas: Dor fixa na coluna, irradia para nádega e perna direita até a panturrilha, Dor descrita como choque e formigamento, Piora à noite e ao deitar, Caminhar piora a dor, paciente precisa parar e sentar após 200 metros, Dor na panturrilha ao pisar</p></li><li><p>Duração dos sintomas: 3 meses</p></li><li><p>Histórico médico: Nenhuma outra doença mencionada</p></li><li><p>Diagnóstico por imagem: Hérnia de disco comprimindo o nervo, visível na ressonância magnética</p></li><li><p>Exame físico: Dor à palpação na coluna e glúteo, Hipostesia na parte superior do pé direito, Perda de força grau 4 no pé direito para dorsiflexão do hálux, Dificuldade em esticar a perna devido à dor</p></li><li><p>Tratamento atual: Uso de anti-inflamatório e paracetamol sem alívio significativo</p></li><li><p>Plano de tratamento: Discectomia via endoscópica L5-S1.</p></li></ul>
95164765;Moisés;Ferreira de Sousa;24157204;0;2025-02-04;Observações;
95457226;ELIANA;APARECIDA GONÇALVES;24222880;0;2025-02-06;Observações;"<p>Eliana Aparecida Gonçalves, 68 anos, São Paulo</p><p></p><p>Parestesias em pés, bilateralmente, pior a noite</p><p>Nega alergia/rinite</p><p>Relata constipação de até 3 dias.</p><p>Artrose de mãos avançada.</p><p></p><p></p><p>Puran: 88mcg</p><p>Rosuvastatina: 20mg</p><p>Jardiance 25mg</p><p>Propafenona 300mg 0,5 cp 12/12h</p><p>Venser 16mg/12,5mg</p><p>Vitamina 7000U 3 vezes por semana</p><p></p><p>glicemia jejum: 115</p><p>insulina: 15 (2 - 13)</p><p>hb glicada: 5,3%</p><p>glicemia média: 105</p><p>Vitamina D: 35 </p><p>TSH: 2,1</p><p>T4: 1,4</p><p>anticorpo anti-tigroglobulina = &lt; 1,3 (normal)</p><p>anticorpo tiroperoxidase: &lt; 34 (NORMAL)</p><p>Triglicerídeos: 150mg/dl</p><p>hb: 13,4 VCM: 95 ht: 40 RDW 14,4% (pouco alto)</p><p></p><p>Cd: berberina</p><p>Vitamina B12, homocisteina, acido folico, vitamina b6</p><p>T3 livre</p><p>Curcuma + omega 3</p><p>coenzima Q10</p><p></p><ul><li><p>Formigamento nos pés, iniciado no pé esquerdo e depois no direito, especialmente à noite.</p></li><li><p>Dor ocasional na coluna lombar, especialmente ao deitar.</p></li><li><p>Histórico de polineuropatia diagnosticada anteriormente.</p></li><li><p>Discussão sobre sintomas relacionados à diabetes e neuropatia.</p></li><li><p>Consideração sobre hipotireoidismo mal controlado como causa potencial dos sintomas.</p></li><li><p>Glicemia em jejum: 115 mg/dL.</p></li><li><p>Hemoglobina glicada: 5.2%.</p></li><li><p>Triglicerídeos: 150 mg/dL (ideal seria 100 mg/dL).</p></li><li><p>Exames de função tireoidiana: TSH e T4 dentro dos parâmetros normais, necessidade de verificar T3.</p></li><li><p>Uso de rosuvastatina para controle de colesterol.</p></li><li><p>Diagnóstico de pré-diabetes.</p></li><li><p>Hipotireoidismo tratado com Puran T4 (88 mcg).</p></li><li><p>Uso de Rosuvastatina, Propafenona e Jardiance.</p></li><li><p>Histórico de arritmia controlada com propafenona.</p></li><li><p>Iniciar Berberina para ajudar no controle da glicemia e potencial redução de rosuvastatina.</p></li><li><p>Manter a vitamina D e avaliar níveis de B12.</p></li><li><p>Suplementação com cúrcuma e ômega 3 para controle de inflamação e dor.</p></li><li><p>Orientação para ajustes dietéticos: redução de farinha branca e inclusão de fibras nas refeições.</p></li><li><p>Recomendações para atividade física contínua.</p></li><li><p>Repetição de exames de tireoide e avaliação de vitamina B12 em 3 meses.</p></li><li><p>Continuar com a dieta e exercícios físicos regulares.</p></li><li><p>Considerar o uso de monitor de glicose para avaliar o impacto de certos alimentos na glicemia.</p></li><li><p>Acompanhar com cardiologista para discussão sobre a redução da rosuvastatina.</p></li></ul><p>Repetir exames em 90 dias de glicemia para reavaliação</p><p>Reavaliar intestino  - T3 baixo?</p>"
95723817;FELIPE;SALES DA SILVA;24289505;0;2025-02-11;Observações;<p>Felipe Sales da Silva,  </p><ul><li><p>Idade do Paciente: 32 anos</p></li><li><p>Profissão: Advogado</p></li><li><p>Dor nas costas desde janeiro, após viagem com mochila.</p></li><li><p>Dor na perna na mesma época, mas já melhorou.</p></li><li><p>Cirurgia de apendicite.</p></li><li><p>Uso de Rivoque 50mg há 4 meses.</p></li><li><p>Exames Realizados: Raio-x, Ressonância magnética da coluna cervical e lombar.</p></li><li><p>Duas hérnias de disco na lombar, com degeneração do disco.</p></li><li><p>Hérnias múltiplas na coluna cervical, sem compressão significativa</p></li><li><p>Continuação de atividade física, focando em fortalecimento do core e abdômen.</p></li><li><p>Possibilidade de modificar ou adaptar exercícios para evitar aumento de dor.</p></li><li><p>Consideração de exames de sangue de rotina.</p></li><li><p>Retorno com exames laboratoriais</p></li></ul>
93940427;ELIO;GOMES DE SA;24434853;0;2025-02-18;Observações;"<ul><li><p>Colesterol elevado.</p></li><li><p>Insulina em 25 (acima do máximo recomendado de 10).</p></li><li><p>Hematócrito alto.</p></li><li><p>Hormônio de crescimento e IGF-1 levemente baixos.</p></li><li><p>Vitamina D um pouco baixa.</p></li><li><p>PTH elevado.</p></li><li><p>Ferritina elevada.</p></li><li><p>5-DHT baixo devido ao uso de finasterida.</p></li><li><p>B12 um pouco abaixo do ideal, mas não necessita reposição imediata.</p></li><li><p>Resistência à insulina.</p></li><li><p>Possível apneia do sono.</p></li><li><p>Desgaste e hernias na coluna vertebral.</p></li><li><p>Gordura visceral elevada.</p></li><li><p>Possível inflamação devido à glicação.</p></li><li><p>Iniciar tratamento rigoroso para resistência à insulina por 60 dias.</p></li><li><p>Dieta rígida para controlar glicose e insulina, evitando doces e farinha branca.</p></li><li><p>Retomar atividade física para ajudar na resistência à insulina.</p></li><li><p>Considerar exame para apneia do sono e consulta com otorrino.</p></li><li><p>Recomenda-se doação de sangue para ajudar a reduzir ferritina e hematócrito.</p></li><li><p>Iniciar suplementação de vitamina D.</p></li><li><p>Possibilidade de iniciar berberina e considerar metformina no futuro.</p></li><li><p>Acompanhar níveis de colesterol e evitar estatinas devido ao risco de aumentar resistência insulínica.</p></li><li><p>Possível tratamento para dor na coluna com bloqueio facetário ou cirurgia.</p></li><li><p>Ácido fólico e vitamina D (anteriormente recomendados).</p></li><li><p>Considerar uso de metformina e berberina.</p></li><li><p>Creatina e whey protein recomendados.</p></li></ul><p></p><p>Alterações:</p><p>DHEA-: 29 (baixo)</p><p>25 hidroxi vitamina D: 25 (baixo)</p><p>PTH: 43 (30)</p><p>IGF-1: 71 (baixo)</p><p>PSA total: 1,2 (normal)</p><p>ht: 51&nbsp;</p><p>Colesterol total: 190</p><p>Trigliceríodeos: 222</p><p>HDL: 28</p><p>LDL: 126</p><p>Gliocose: 105</p><p>hg glicada: 5,5</p><p>Insulina: 25 (normal até 6)</p><p>HOMA-IR: 6,48 (até 3)</p><p>Ferritina: 621 (250)</p><p>DHT: 5 (finasterida?)</p><p></p><p>cd:</p><p></p><p>Berberina 500mg 1x ao dia</p><p>Omega 3</p><p>Ácido alfa lipoico</p><p>Vitamina D </p><p>para mitocondria/melhora dislipidemia:</p><p>D ribose ------------------------- 1 g</p><p>MCT pó&nbsp; ------------------------- 1 g</p><p>Carnosina&nbsp; ---------------------- 1 g</p><p>Propionil L carnitina --------- 300 mg</p><p>Magnésio glicil glutamina -- 400 mg</p><p>Zinco ---------------------------- 20-40 mg</p><p>Ubigsome (Coenzima Q10) - 200 mg</p><p>PQQ ------------------------------ 10 mg</p><p>Manipular 60 doses em saches saborizados</p><p>Diluir 1 sachê e tomar 1 vez ao dia</p><p></p><p>oriento sob bloqueio e cirurgia - VA l3-5 - 1 alif + 2 próteses</p><p>retorno 90 dias</p><p>considerar anigotomografia coronariana</p><p></p>"
62306728;SANDRA;CERBONCINI LUCAS;24938865;0;2025-03-12;Observações;
62306728;SANDRA;CERBONCINI LUCAS;24938904;0;2025-03-12;Observações;
62306728;SANDRA;CERBONCINI LUCAS;24938966;0;2025-03-12;Observações;<p>Sandra Lucas, 45 anos, PESO: 95</p><p>PO RETIRADA DE MATERIAL POR INFECÇÃO</p><p>JÁ FINALIZOU ANTIBIÓTICO</p><p></p><p></p><p></p><p></p><p></p><p>GABAPENTINA 300MG 2X DIA</p><p>ZOLPIDEM 10MG A NOITE</p><p>COREBIOME</p><p>ezetimiba 10mg</p><p>VITAMINA A 500MG</p><p>VITAMINA E 200MG</p><p>ZINCO</p><p>Propionil L carnitina --------- 300 mg</p><p>Magnésio glicil glutamina -- 400 mg</p><p>Ubigsome (Coenzima Q10) - 200 mg</p><p></p><p>RM: ainda com coleção</p><p>PCR baixou</p><p>VHS também mas ainda alto: 34</p><p></p><p>cd: novos labs em 15 dias, aguardo laudo RM</p><p></p>
63265157;Vitória;Vidal Martos;25146071;0;2025-03-18;Observações;<p>PO CORREÇÃO DE ESCOLIOSE T9-L5 - MATERIAL NOVA SPINE/LAM em nov/24</p><p>Altura: 1,73</p><p></p><p>Retorna sem queixas, ombros alinhados</p><p>Está fazendo fisioterapia, melhora do alinhamento da cintura e do ombro após as sessões.</p><p></p><p>rx: adequado, quadril bem alinhado.</p><p></p><p>cd: solicito exames de sangue</p><p>retorno com exames</p><p></p><p></p>
76972227;Henrique;Ruiz Lucas;25585635;0;2025-04-08;Observações;"<p>20 anos</p><p></p><p>dor lomba refratária, apesar de tratamento clínico</p><p>limitante para atividades simples do dia a dia</p><p></p><p></p><p></p><p></p><p><strong>🧾</strong></p><p><strong>Resumo dos Exames Alterados e Conclusões</strong></p><p></p><p><strong>Exame</strong></p><p><strong>Resultado</strong></p><p><strong>Referência</strong></p><p><strong>Interpretação / Possíveis Causas</strong></p><p><strong>GH (Hormônio do Crescimento)</strong></p><p>8.44 ng/mL</p><p>Até 2.47 ng/mL</p><p><strong>Elevado</strong>. Pode indicar secreção aumentada de GH, mas sem repercussão clínica evidente, pois o IGF-1 está normal. Considerar estresse, exercício ou coleta fora de jejum.</p><p><strong>SHBG</strong></p><p>16.8 nmol/L</p><p>18.3 a 54.1 nmol/L</p><p><strong>Reduzido</strong>. Indica resistência insulínica leve, obesidade ou excesso androgênico.</p><p><strong>HOMA-IR</strong></p><p>2.95</p><p>Até 2.90 (se IMC &lt; 25)</p><p><strong>Ligeiramente elevado</strong>. Sugere <strong>resistência insulínica</strong>, especialmente se o IMC for baixo.</p><p><strong>Ureia</strong></p><p>52 mg/dL</p><p>17 a 49 mg/dL</p><p><strong>Levemente aumentada</strong>. Pode indicar leve desidratação, ingestão proteica aumentada ou função renal alterada.</p><p><strong>eGFR (não afrodescendente)</strong></p><p>83.16 mL/min/1.73m²</p><p>&gt; 90</p><p><strong>Discretamente reduzido</strong>. Pode estar relacionado a função renal levemente diminuída.</p><p><strong>AST (TGO)</strong></p><p>45 U/L</p><p>Até 40 U/L</p><p><strong>Levemente elevado</strong>. Pode ser secundário a esforço físico intenso ou lesão muscular leve.</p><p><strong>CPK (Creatinoquinase)</strong></p><p>931 U/L</p><p>39 a 308 U/L</p><p><strong>Elevado</strong>. Sinal de lesão muscular, exercício recente ou possível miopatia.</p><p><strong>Amilase</strong></p><p>103 U/L</p><p>28 a 100 U/L</p><p><strong>Marginalmente elevada</strong>. Pode sugerir estímulo pancreático leve ou interferência na coleta.</p><p><strong>Fósforo</strong></p><p>4.8 mg/dL</p><p>Até 4.5 mg/dL</p><p><strong>Levemente elevado</strong>. Pode ter relação com dieta, função renal ou regulação hormonal.</p><p><strong>Vitamina D (25-OH)</strong></p><p>21.8 ng/mL</p><p>Ideal &gt; 30 ng/mL</p><p><strong>Baixa para ideal</strong>. Pode reduzir absorção de cálcio e modular negativamente a imunidade; comum em baixa exposição solar.</p><p><strong>Índice de Saturação da Transferrina</strong></p><p>18.8%</p><p>20 a 50%</p><p><strong>Levemente reduzido</strong>. Sugere <strong>estoques de ferro limitados</strong> mesmo com ferritina normal. Pode preceder anemia.</p><p><strong>Capacidade latente de ligação de ferro</strong></p><p>302.9 µg/dL</p><p>140 a 280 µg/dL</p><p><strong>Elevada</strong>. Reforça a hipótese de deficiência de ferro funcional (reserva em risco).</p><p></p><p></p><p></p><p><strong>📌</strong></p><p><strong>Conclusões Clínicas Gerais</strong></p><p></p><p></p><ul><li><p><strong>Há sinais de resistência insulínica leve, sugeridos por HOMA-IR e SHBG baixos, com glicemia e HbA1c ainda normais.</strong></p></li><li><p><strong>GH elevado isolado sem aumento de IGF-1 afasta acromegalia, mas sugere possível estresse fisiológico (como jejum ou treino).</strong></p></li><li><p><strong>Desbalanço muscular evidente (CPK alto) pode ser por exercício intenso, especialmente se o paciente pratica musculação ou treinos vigorosos.</strong></p></li><li><p><strong>Vitamina D insuficiente, comum em populações urbanas com baixa exposição solar, e pode afetar a saúde óssea e imunidade.</strong></p></li><li><p><strong>Ferro funcional reduzido, apesar de ferritina normal, pode indicar início de deficiência de ferro.</strong></p></li><li><p><strong>Função renal levemente comprometida, embora sem alterações críticas.</strong></p></li></ul><p></p><p></p><p></p><p></p>"
63265157;Vitória;Vidal Martos;25713444;0;2025-04-15;Observações;"<p>retorna com exames:</p><p></p><p></p><p>hb: 11,5</p><p>vcm: 85</p><p>homocisteina: 16</p><p>hb glicaa: 5,8</p><p>b12 &gt; 600</p><p></p><p>cd: Oriento dieta</p><p>Metilfolato .................................... 500mcg</p><p>Piridoxal-5-Fosfato ..................... 10mg&nbsp;</p><p>Magnésio glicil glutamina ----- 400 mg</p><p>Zinco ---------------------------- 40 mg</p><p></p><p>ferro elementar 40mg/dia</p>"
100607436;Maria Severina;De Amorim;25732234;0;2025-04-16;Observações;
102057388;José Antônio Mizael;Alves;26067227;0;2025-05-09;Observações;<p>44 anos, </p><p></p><p>cervicobraquialgia esquerda há 6 meses, pior há 15 dias</p><p>dor contínua, relata perda de força para extensão do antebraço</p><p></p><p>ao exame: Spurling positivo a esquerda, força grau 4 para extensão do tríceps, hipoestesia C7.</p><p></p><p>RM: hérnia C5-6 e C6-7</p><p></p><p></p><p>cd: indico cirurgia c5-7</p>
102022513;Mauro;Pizzo;26100272;0;2025-05-13;Observações;<p></p><p>MAURO PIZZO, 49 anos, </p><p></p><p>DOR LOMBAR, MELHORA DE 80% COM BLOQUEIO, RM COM HÉRNIA L2-3 PEQUENA E L5-S1 PEQUENA, RELATA CEFALEIA FRONTAL HÁ 1 MES</p><p></p><p>EXAMES ALTERADOS:</p><p>ACTH</p><p>CORTISOL 5 (BAIXO)</p><p>PCR (LEVEMENTE AUMENTADO)</p><p>PROLACTINA: 27</p><p>PTH: 36</p><p>D: 31</p><p>B12: 389</p><p>HOMOCISTEÍNA: 19</p><p></p><p><strong>Componente corporal</strong></p><p><strong>Interpretação</strong></p><p>PESO: 128KG</p><p><strong>% Gordura corporal</strong></p><p><strong>42,3%</strong></p><p><strong>Muito alto</strong> (ideal: 15–25%)</p><p><strong>Gordura visceral</strong></p><p><strong>20</strong></p><p><strong>Elevada</strong> (alto risco CV)</p><p><strong>Músculo esquelético</strong></p><p>42,6 kg (33,2%)</p><p><strong>Muito bom</strong></p><p><strong>Massa muscular total</strong></p><p>68,9 kg</p><p>Alta</p><p><strong>SMI (Índice de Massa Muscular Esquelética)</strong></p><p>10,2 kg/m²</p><p><strong>Acima da média</strong> para idade</p><p></p><p>CD:</p><p>METFORMINA 500XR</p><p>OMEGA CORE</p><p>VITAMINA D, MK7 E ZINCO</p><p>BERBERINA 500MG</p><p>CURCUMINA</p><p>RM CRANIO - AFASTAR PROLACTINOMA</p><p>NOVOS EXAMES 3 MESES</p><p></p>
102267230;IVANILDA PAULA;DE ARAUJO;26105883;0;2025-05-13;Observações;"<p>Ivanilde Paula de Araújo, 64 anos</p><p>294.748.331-68</p><p></p><p>PO artrodese cervical em 2024</p><p>PO artrodese lombar em 2025, 3 reabordagem por infecção. Sintoma inicial era lombalgia e ciatalgia a direita.</p><p>Evoluiu com espondilodiscite L5-S1 e T12-L1.</p><p></p><p>hipotireoidismo</p><p>depressão/ansiedade</p><p>MUC: donaren 100mg a noite</p><p>lyrica 150mg 2x dia</p><p>cymbalta 90mg a noite ( 60 +30)</p><p>Fosfomicina  5,61   a cada 3 dias</p><p>Deca 50mg a cada 21 dias</p><p>Fez uso de ceftadizidima por 7 dias.</p><p></p><p>tremor de intenção bilateral.</p><p>hiperreflexia a direita com clonus a direita e hoffman a direita</p><p>atrofia de membros a direita.</p><p>sem hipertonia em roda denteada.</p><p>força grau 3 para flexao de coxa direita e extensao de coxa direita e flexao da perna direita e grau 4 extensao da perna direita</p><p>demais grau 5.</p><p></p><p>RM cervical: estenose C3-4 -&gt; indico descompressão via posterior</p><p>RM lombar: espondilodiscite L5-S1 e T12-L1 + fratura plato superior L1. -&gt; indico ALIF L5-S1 e retirada de material posterior com artrodese T11 - Ilíaco (bipolar?)</p><p>RM cervical evidencia: cisto de hipófise (hatke?)</p><p></p><p></p><p></p><p></p>"
102267230;IVANILDA PAULA;DE ARAUJO;26105883;3;2025-05-13;PROGRAMAÇÃO;<p>Alta 02/11</p><p>em uso de </p><p>Torgena</p><p>Daptomicina</p><p></p><p>Próximos exames laboratoriais:</p><p></p><p>TSH, T4, T3, T3 REVERSO</p><p>PTH, VITAMINA D, calcio total e ionico</p><p>Glicemia de Jejum, insulina, peptideo C, frutosamina</p><p>d-dimero, fibrinogênio, pcr, vhs</p><p>gama gt, fosfatase alcalina</p><p></p><p>Alterações na internação:</p><p>Hipertensão</p><p>IRA</p><p>leucopenia</p><p>pancitopenia</p><p></p>
102750068;Arthur barretto do;nascimento;26245588;0;2025-05-21;Observações;<p>40 anos, </p><p></p><p>Nucalgia há 8 meses com eventual cefaleia ao aumentar a dor</p><p>nega cervicalgia, eventualmente tem parestesias matinais no 5 quirodáctilo esquerdo</p><p>nega perda de força ou outras patologias</p><p>RM: hérnia C5-6</p><p>Cranio: cavernoma + anomalia desenvolv venoso frontal direita, coroa radiata 5mm.</p><p>cd: </p><p>Boswellia serrata -------------------- 500 mg</p><p>Cúrcuma -------------------------------500 mg</p><p>Piperina ------------------------------- 20 mg</p><p>- Manipular 60 doses em cápsulas.</p><p>- Tomar 01 dose 1x/dia.</p><p></p><p>Observo evolução.</p>
102982064;RICARDO;AGUIAR;26319288;0;2025-05-27;Observações;<p>caco de vidro em 1 quirodactilo direito há 35 dias</p><p></p><p>realizo limpeza e retirada</p><p></p><p>curativo estéril</p><p>cuidados com a ferida</p>
62306728;SANDRA;CERBONCINI LUCAS;26320522;0;2025-05-27;Observações;<p>Retorna com exames</p><p></p><p>e relata dor em braços, principalmente a direita trajeto c7, eventualmente tem dificuldade para abrir latas e fazer força com as mãos.</p><p></p><p>Retornou com amplictil.</p><p>Exames com leucopenia mantida: 3300</p><p>Bioimpedância</p><p></p><ul><li><p>Peso: 89kg</p></li><li><p>Massa magra: 55,3%</p></li><li><p>Massa gorda: 44,7%</p></li></ul><p></p><p>CD: solicito RM Cervical</p><p>RM Lombar</p><p>Suplementação com folato, cobre e zinco para medula.</p><p>Retirar velija</p><p></p>
102022513;Mauro;Pizzo;26576383;0;2025-06-03;Observações;<p>Retorna com prescricao ENdocrino - Marcela:</p><p></p><p>Fórmula sono</p><p>Inositol 2g Gaba 500mg </p><p>l-triptofano 100mg </p><p>melatonina 0,5mg </p><p>magnésio </p><p>glicina 300mg </p><p>vitamina b6 10mg </p><p>qsp sachê sabor limão (ou escolher do paciente adoçante natural) Posologia: Tomar 1 dose após jantar</p><p></p><p>Retorno em agosto para novos exames e peso.</p><p></p><p><strong>Pedir: hormonios, pcr, vitamina D, b12 e homocisteina (tava 19)</strong></p><p></p>
78224876;ENZO;MALDONADO;26825051;0;2025-06-17;Observações;<p>17 anos, </p><p></p><p>Retorna com radiografia, fez fisioterapia, mantém 16 graus de escoliose.</p><p></p><p>plano: Liberado para atividade física. Solicito exames de sangue.</p>
78224766;LUNA;MALDONADO;26825249;0;2025-06-17;Observações;<p>Luna, 12 anos</p><p></p><p>Altura: 1,53</p><p></p><p>Retorna com radiografia, 18 graus e risser 3, </p><p></p><p>plano: manter fisioterapia</p><p>novo raio X em setembro para acompanhamento</p><p>exames de sangue.</p>
104880055;Mario Moraes;Barreto;26836373;0;2025-06-17;Observações;<p>homocisteina 11</p><p>hb glicada 7,8</p><p>satu ferritina 22%</p><p>pth 42</p><p>hormonio no pé</p>
105920763;Maria Silvia;Porto;27066861;0;2025-06-27;Observações;"<p>pregabalina 75mg 12/12h</p><p></p><p>metadona 5mg 12/12h</p><p></p><p></p><p><strong>1. Queixa Principal:</strong></p><p>Dor persistente no lado esquerdo do corpo, com piora ao levantar e sentar.</p><p></p><p><strong>2. História da Doença Atual:</strong></p><p></p><ul><li><p>Dor no lado esquerdo, possivelmente relacionada a infiltração anterior.</p></li><li><p>Recorrência da dor após término do efeito anestésico.</p></li><li><p>Relata dor mais intensa durante os movimentos de levantar e sentar.</p></li><li><p>Em uso de pregabalina, sem efeitos colaterais, mas com preocupação quanto ao funcionamento intestinal.</p></li><li><p>Tratamento atual de trombose será mantido por seis meses.</p></li></ul><p></p><p></p><p><strong>3. Tratamento Atual:</strong></p><p></p><ul><li><p>Uso contínuo de corticoides e suplementações.</p></li><li><p>Em uso de metadona, com plano de iniciar redução na próxima semana.</p></li></ul><p></p><p></p><p><strong>4. Estratégias Terapêuticas Complementares:</strong></p><p></p><ul><li><p>Discussão sobre estratégias para perda urinária; possível indicação de fisioterapia pélvica.</p></li><li><p>Observação cautelosa quanto à eficácia de tratamento a laser para o quadro urinário.</p></li><li><p>Compromisso médico de envio de fórmula para modulação intestinal, suporte de serotonina e melatonina.</p></li></ul><p></p><p></p><p><strong>5. Abordagem Fisioterapêutica:</strong></p><p></p><ul><li><p>Uso de ondas de choque e técnicas de relaxamento muscular.</p></li><li><p>Recomendada fisioterapia localizada associada a aplicação de bolsa de água morna.</p></li></ul><p></p><p></p><p><strong>6. Ações Acordadas e Próximos Passos:</strong></p><p></p><ul><li><p>Iniciar tentativa de redução da metadona na próxima semana.</p></li><li><p>Considerar fisioterapia pélvica para melhora do controle urinário.</p></li><li><p>Enviar fórmula de suporte intestinal e neuromodulatório.</p></li></ul><p></p>"
106063040;Arthur Lopes de;Lima;27105267;0;2025-07-01;Observações;<p>Arthur, 2 anos 2 meses</p><p>Mãe/informante: Francielly Lima</p><p>Peso: 11.400</p><p>Altura: 88cm</p><p></p><p>Naceu 38 semanas, parto cesáreo</p><p>Notou pectus escavatum ao nascimento.</p><p>Por volta do 6 mês, ao começar a sentar, notou-se a escoliose da coluna.</p><p></p><p>Radiografia:</p><p>escoliose: 28 graus T11 - L3 (Fev de 2025)</p><p>Quadril: 10 graus de desnível</p><p></p><p>TC: hemerivtebral T12-L1 com fusao</p><p>klippel feil cervical.</p><p></p><p>cd: </p><p>Solicito TC cranio + cervical - Avaliar klippel-Feil e transição crânio-Cervical.</p><p>Rx controle.</p><p></p><p></p>
106931652;Kenia;Garcez;27287951;0;2025-07-07;Observações;<p>Dor lombar</p><p>a extensão e a flexão</p><p>pior a extensão</p><p>dor em quadril esquerdo a adução.</p><p></p><p></p><p>ferritina baixa: 102</p><p>Vitamina D baixa: 26</p><p>B12: 500</p><p>GGT: 92 (ALTA)</p><p>HOMOCISTEINA: 3,9 BAIXA</p><p></p><p>DIU Progesterona </p><p>Estradiol systen 50</p><p></p><p></p><p></p><p>PLANO:</p><p>FERRINJECT</p><p>NAC</p><p>SAME</p><p>VITAMINA D</p><p>OMEGA CORE</p><p>PEDIR HORMONIOS</p><p>Suplementação Tireoide</p>
62306728;SANDRA;CERBONCINI LUCAS;27307989;0;2025-07-08;Observações;<p>Relata dor ainda em MMSS</p><p>tem diagnóstico prévio de tunel do carpo</p><p></p><p></p><p></p><p>PESO: 88kg</p><p>massa magra: 55%</p><p>Massa nao magra: 45%</p><p></p><p></p><p></p><ul><li><p><strong>Spidufen SOS.</strong></p></li></ul><p>Novos labs.</p><p>Retorno 2 meses.</p><p></p><p></p>
84690809;MURILLO;RUIZ LUCAS;27309287;0;2025-07-08;Observações;<p>Retorna com RM Controle de hidroseringomielia:</p><p>Melhora da dor, sem dor no momento</p><p>Relata dificuldade em iniciar o sonho</p><p>Hidrosseringomielia com até 10,6mm e nível T5-6 com 21,5mm de extensão crânio-caudal. - Semelhante ao exame anterior</p><p></p><p>Peso: 121</p><p>Altura: 1,75</p><p></p><p>cd: solicito exames gerais</p><p>Irá começar melatonina</p><p>Nova RM em 1 ano</p><p></p>
107620252;Edison Cavalcanti de Andrade e;Paula;27402161;0;2025-07-15;Observações;<p>Edison C A de Paula, 44 anos, Piloto de Navio, peso 66kg</p><p></p><p>Dor lombar há cerca de 6 anos, com crises esporádicas</p><p>Piora a extensão.</p><p></p><p><strong>MUC: </strong>Benicar 40mg</p><p>cancer prévio em tireoideo - tireoidectomia total</p><p>Puran - 162mcg (está tentando zerar TSH para evitar inducao da neoplasia)</p><p></p><p>Está com cálcio baixo - faz reposição - mantenho sem mk7</p><p></p><p><strong>Bioimpedancia: </strong></p><p></p><p>IMC: 23</p><p>Gordura corporal total: 15,6%</p><p>Massa magra total: 66,2kg</p><p>BODY SCORE: 87.</p><p></p><p><strong>CD:</strong> oriento retirar gluten/jejum</p><p>Passo fórmula - já usa vitamina D</p><p>nova RM (última de 2022)</p><p>Teste de hipersensibilidade alimentar - alergico a lactose</p><p>Exames de sangue em geral para suplementação</p><p></p><p></p><p></p>
105920763;Maria Silvia;Porto;27431523;0;2025-07-16;Observações;<p>Melhora da dor</p><p>relata dificuldade em ficar sentada, cai pra tras ao ficar sentada</p><p>deambula com auxílio</p><p>Relata anemia</p><p>Melhora de coágulo em flanco</p><p></p><p>Pristiq 50mg</p><p>Quetiapina 25mg</p><p></p><p>cd: manter fisioterapia</p><p>Noripurum</p><p></p><p></p>
63265157;Vitória;Vidal Martos;27732509;0;2025-08-01;Observações;<p># PO CORREÇÃO DE ESCOLIOSE T9-L5 - MATERIAL NOVA SPINE/LAM em nov/24</p><p></p><p>Retorna após suplementacao com ferro, vitamina b6 e b1. Teve queda da homocisteina, ferro quase corrigido.</p><p>Menstruação regular há um ano, ciclo de 6 dias, fluxo intenso nos dois primeiros dias, sem uso de ACO.</p><p></p><p>Exames: </p><p>Ferro: 63</p><p>Fixacao do ferro: 262</p><p>fixacao total: 325</p><p>saturacao transferrina: 19%</p><p>Ferritina: 32,7</p><p>Hemoglobina: 13,3</p><p>HT: 40</p><p>VCM: 90</p><p>Acido fólico: 11,23</p><p>b12: 1012</p><p>homocisteina: 12</p><p>Transferrina: 237</p><p>b6:39</p><p></p><p>Bioimpedância:</p><p>5.9 kg/m2 de massa muscular (SMI)</p><p>Taxa de gordura: 16.1%</p><p>Massa muscular: 78.2</p><p>Massa óssea: 2.8</p><p></p><p>Já utiliza Whey e Creatina</p><p></p><p>Retorno em 6 meses para novos exames gerais incluindo hormonais.</p>
110987032;Noa Notes;Test Patient;28029932;0;2025-08-14;Observações;
110987031;Noa Notes;Test Patient;28029933;0;2025-08-14;Observações;
110987033;Noa Notes;Test Patient;28029934;0;2025-08-14;Observações;
110985483;GILVANIA;GOMES;28029936;0;2025-08-14;Observações;"<p>Gilvania Gomes, 54 anos, </p><ul><li><p>Identificação e histórico: Paciente do sexo feminino, 54 anos, com história de trauma lombar há cerca de 25 anos, seguido de episódios de dor intensa e edema local aproximadamente 10 anos após o trauma. Na ocasião, foi diagnosticada com hérnia de disco por exame radiográfico, tratada com anti-inflamatórios (inclusive injetáveis e comprimidos) e repouso. Após melhora, permaneceu assintomática por anos. Atualmente, há relato de dor lombar recorrente, sem irradiação para membros inferiores, iniciada há cerca de uma semana, exacerbada em movimentos de extensão e ao levantar-se, sem dor em outras articulações ou sinais de artralgia periférica. Episódios agudos de dor descritos como ""chuchada"" intensa ao levantar, seguidos de rigidez lombar, com limitação para movimentos de rotação na cama. Realiza exercícios físicos regulares (academia há 3-4 anos), sem uso habitual de medicações contínuas, exceto polivitamínicos (vitamina A-Z) e creatina. Menopausa precoce relatada aos 23 anos após aborto e cirurgia ginecológica, sem reposição hormonal, sem exames hormonais ou osteometabólicos recentes. Antecedente de fratura de punho em 2020, tratada sem necessidade de cirurgia. Nega outras doenças crônicas, internações ou cirurgias relevantes.</p></li><li><p>Exame físico: Coluna vertebral com alinhamento preservado, sem escoliose ou deformidades visíveis. Não há dor à palpação em flexão, extensão ou lateralização lombar, exceto dor à extensão (principalmente ao voltar da flexão). Sem sinais de comprometimento neurológico, sem dor referida à palpação de outras articulações. Massa óssea avaliada por <strong>bioimpedância: 4.7, dentro da normalidade para faixa etária.</strong> <strong>Composição corporal adequada, com pequena elevação de gordura corporal.</strong></p></li><li><p>Hipótese diagnóstica: Dor lombar crônica de provável origem degenerativa facetária, sem evidências de compressão radicular ou quadro de hérnia discal aguda. Possibilidade de osteopenia/osteoporose devido menopausa precoce e ausência de reposição hormonal prolongada.</p></li><li><p>Exames solicitados e complementares: </p><ul><li><p>Exames laboratoriais: perfil hormonal (incluindo tireoide), dosagem de ferro e anemia.</p></li><li><p>Exame de sangue para vitamina D.</p></li><li><p>Solicitação de densitometria óssea para avaliação objetiva da massa óssea (preferencialmente coluna e quadril), considerando custo e disponibilidade.</p></li><li><p>Bioimpedância realizada em consultório, resultado dentro dos parâmetros de normalidade.</p></li></ul></li><li><p>Tratamento e recomendações: </p><ul><li><p>Interrupção do uso de anti-inflamatórios não hormonais (naproxeno) devido uso prolongado.</p></li><li><p>Início de suplementação manipulada com colágeno, magnésio, zinco, vitamina C, vitamina D (a ser ajustada conforme exames), curcumina e bosvelha (antioxidantes e anti-inflamatórios naturais).</p></li><li><p>Início de fórmula pronta de ômega 3 (duas cápsulas após o almoço), associada a coenzima Q10.</p></li><li><p>Manter exercícios físicos regulares, com restrição apenas se houver piora da dor lombar. Recomendada intensidade leve a moderada, priorizando fortalecimento muscular e atividades que não exacerbem o quadro doloroso.</p></li><li><p>Acompanhamento clínico após resultados dos exames laboratoriais e densitometria óssea, com possibilidade de ajuste do tratamento suplementar e avaliação de necessidade de reposição hormonal.</p></li></ul></li><li><p>Orientações gerais e plano: </p><ul><li><p>Paciente orientada quanto ao caráter degenerativo da dor lombar, associação com menopausa precoce e risco aumentado de osteoporose.</p></li><li><p>Retorno agendado para revisão de exames, reavaliação clínica e possível ajuste terapêutico.</p></li><li><p>Paciente informada sobre importância da manutenção de exercícios físicos e alimentação adequada para preservação da saúde óssea e muscular.</p></li><li><p>Consentimento informado registrado verbalmente para procedimentos e exames realizados.</p></li></ul></li></ul>"
110987033;Noa Notes;Test Patient;28029960;0;2025-08-14;Observações;
107620252;Edison Cavalcanti de Andrade e;Paula;28031709;0;2025-08-14;Observações;<p>Edison C A de Paula, 44 anos, Piloto de Navio</p><p></p><p>Retorna com exames</p><p>usa T4 em dose alta para suprimir TSH por cancer prévio (0,38 tsh total - suprimido)</p><p>Calcio está normal e está diminuindo dose - inicio mk2</p><p></p><p>Ferritina: 500mg</p><p></p><p>Cd: iniciar MK7 e acido alfa lipoico + fórmula para ferritina alta, nova coleta para confirmar, inicio nac e silimarina para proteção hepática e sugiro realizar doação de sangue. FSH levemente alto: 11 (N: 10) inicio aswhaganda para modulação.</p>
110988361;PAULA;PETRATI TEIXEIRA;28037112;0;2025-08-14;Observações;"<p>Paula Petrati Teixeira, 45 anos</p><ul><li><p>Histórico médico:  dor lombar crônica, recentemente intensificada há cerca de uma semana. Relata histórico de dor osteomuscular, incluindo episódios prévios no ombro, com realização de ressonância magnética no passado. Investigação de tireoide e diabetes com exames laboratoriais recentes dentro da normalidade. Há diagnóstico de cisto ovariano identificado em exames anteriores, sem evidências de crescimento ou alteração hormonal significativa. Relata apendicectomia prévia com uso de clipe metálico identificado em exame de imagem.</p></li><li><p>Sintomas e evolução: Dor localizada na região lombar, principalmente no meio das costas, com piora ao agachar e levantar, sem irradiar para membros inferiores. A dor interfere no sono, dificultando o descanso e provocando despertares noturnos. Refere sono desorganizado e insatisfatório, com padrão cronicamente ruim associado a estresse. Atividade física está limitada pela dor; paciente não consegue manter rotina de exercícios.</p></li><li><p>Achados de exames: Ressonância magnética da coluna lombar mostra desidratação discal em segmentos inferiores, presença de edema indicativo de rotura do ânulo fibroso (alteração degenerativa inicial, sem formação de hérnia discal). Facetas articulares com sinais de degeneração e inflamação local, compatíveis com quadro doloroso, porém sem compressão radicular significativa. Exames laboratoriais mostram vitamina D e vitaminas do complexo B dentro dos valores de referência; testosterona discretamente baixa, sem alterações relevantes nos demais hormônios femininos.</p></li><li><p>Tratamentos anteriores: Uso prévio de anti-inflamatórios como cetoprofeno e analgésicos, com pouca resposta. Experimentou antidepressivo (Simbalta/duloxetina) por curto período, sem benefício significativo. Utiliza suplementos como colágeno (Essential Muscle Synergy) e ômega 3, sem relato de reações adversas. Relaxante muscular (Miozan) em uso atual.</p></li><li><p>Conduta e recomendações: </p><ul><li><p>Proposta de bloqueio com anestésico local para manejo da dor lombar, conforme resposta clínica.</p></li><li><p>Prescrição de anti-inflamatórios naturais e fitoterápicos para controle da dor.</p></li><li><p>Manutenção de colágeno e recomendação para uso de creatina, BCAA, glicina e vitaminas do complexo B.</p></li><li><p>Suplementação para sono</p></li><li><p>Prescrição de restiva.</p></li><li><p>Reforço para realização de exercícios físicos isométricos conforme tolerância, especialmente para core, membros inferiores e superiores.</p></li><li><p>Orientação para técnicas de higiene do sono, incluindo meditação, leitura ou atividades relaxantes antes de dormir.</p></li><li><p>Recomendação de ultrassom para monitoramento do cisto ovariano.</p></li><li><p>Agendamento de retorno em duas semanas para reavaliação do quadro e ajuste terapêutico.</p></li></ul><p><strong>Retorno 2 semanas para avaliar sono e resposta ao tratamento. Indicar bloqueio se não melhora</strong></p></li></ul>"
111416563;Gema Beé;Brambatti;28103064;0;2025-08-20;CONSULTA MÉDICA;"<p>Gema Beé Brambatti, 79 anos</p><p>altura: 1,54 PESO: 55KG</p><p></p><p>Parestesias em membros inferiores e ""calor"" em membros inferiores.</p><p>Relata ainda alguns problemas de memória</p><p>Teve piora de glicacao, já em resposta com perda de peso</p><p>Histórico de gastrite/refluxo e constipação e escoliose</p><p></p><p></p><p>Já fez cirurgia de varizes há 5 anos</p><p>Relata edema em membros inferiores</p><p></p><p>MUC: </p><p>Velija 60mg</p><p>Somalgin 100mg</p><p>Metilcobalamina 1000mcg 1x dia sublingual</p><p></p><p></p><p>RM: microangiopatia difusa</p><p></p><p>cd: AngioTC com score de cálcio</p><p>AngioTC carótidas</p><p>labs</p><p>Suplementação com berberina, TCM, acido alfa lipoico</p><p>5htp, magnesio e P5p a noite + COQ10.</p><p>Creatina + Whey</p><p></p><p></p><p></p><p></p><p></p><p></p>"
111416563;Gema Beé;Brambatti;28103064;1;2025-08-20;Resultado de exames;<p>Ferritina: 47</p><p>vitamina D: 45</p><p>PTH: 64</p><p>Escore de cálcio: zero</p><p>Ectasia da aorta - realizar ecocradio 1 vez por ano para acompanhamento</p><p>RM com microangiopatia leve</p><p>ENMG: tunel do carpo leve a moderado bilateral. Achado adicional: lesão nodular heterogênea no lobo tireoideano direito, medindo cerca de 2,0cm.</p><p></p><p>plano: ultrassom de tireóide e avaliação com endocrino/cabeça e pescoço.</p><p></p>
111416563;Gema Beé;Brambatti;28103064;2;2025-08-20;Consulta 12/11;<p>Iniciado vitamina D + mk7</p><p>Iniciato betaestina para sintomas gástricos (hipocloridria?)</p><p>e glutamina para constipaçao com zinco carnosina</p><p>solicito RM para dor lombar, parestesias e Rx pra escoliose</p><p>Discutir com Rafaela inicio de tratamento para Osteoporose.</p>
111352641;HUMBERTO ELIAS;SOUSA DE JESUS;28104935;0;2025-08-20;Consulta Médica;<p>Humberto Elias Sousa, </p><p>Artroplastia L4-S1 em janeiro/25</p><p>iniciou reposição após cirurgia, ganhou 6kg de massa magra</p><p>Inicou com dor em MID há 5 dias, inicia no glúteo e vai até panturilhha</p><p></p><p></p><p>#A Síndrome do Piramidal?</p><p></p><p>Plano: Diprospan</p><p>alongamentos</p><p></p><p>Paciente mantendo quadro de dor, RM com hérnia L3-4, indico endoscopia.</p>
111378476;Álvaro;André Detogne;28107115;0;2025-08-20;Consulta Médica;<p>Álvaro André Detogne, 33 anos, empresário - Ind. Medicamentos</p><p>Proveniente: RJ</p><p></p><p>Dor lombar há 50 dias, após iniciou para membro inferior direito.</p><p>No momento dor apenas na perna</p><p>VAS: 9 perna</p><p>VAS: 6 lombar</p><p></p><p>Suplementação:</p><p>Vitamian D3</p><p>Vitamina A</p><p>Vit k2</p><p>Omega 3</p><p>NAC</p><p>Magnesio</p><p>zinco</p><p>P5P</p><p>Cobalamina</p><p>Creatina</p><p>Fisioton (rodiola)</p><p></p><p>Ao exame:</p><p>hipoestesia L5 direita</p><p>Lasegue positivo</p><p>sem déficit</p><p></p><p>cd: Indico bloqueio L5-S1 direita e hiato sacral</p><p>Solicito tomografia para avaliar ístimica lombar. </p><p></p><p></p><p></p>
111212395;Maria Clara;Duarte Silva Zahra;28124687;0;2025-08-21;Exame Clínico;"<p>Maria Clara Duarte Silva Zahra, 19 anos, estudante</p><p></p><p>Dor lombar de inicio há 3 anos,  mais a esquerda e irraidação para gluteo esquerdo.</p><p></p><p>Intestino irritavel</p><p>histórico de refluxo</p><p></p><p>Ao exame</p><p></p><p>Sem desvios ao exame</p><p>dor paravertebral esquerda a palpaçao</p><p></p><p>#A </p><p>inflamacao cronica?</p><p>espondilite?</p><p>espondilolistese?</p><p></p><p>LABS:</p><p>Ferritina baixa (50, meta -&gt; &lt;100)</p><p>FR levemente alto</p><p>FAN Negativo, calprotectina fecal baixa</p><p>PCR baixo</p><p>b12 baixa</p><p>Intolerância a lactose + ao teste genético</p><p>anti-transglutaminase negativo.</p><p></p><p></p><p>cd: rx coluna e quadril</p><p>reposicao de b12</p><p>labs - homocisteina, pth, vitamina D.</p><p>Intestinal completo + alergia alimentar.</p><p>Investigação para anemia perniciosa?</p><p>Pedir anticorpo anti fator intrínsico  e anticorpo anti células paritetais se homocisteína alta</p><p>Considerar hiperssenssibilidade ao glúten.</p><p></p>"
102022513;Mauro;Pizzo;29103274;0;2025-09-10;Observações;"<p>retorna com exames</p><p></p><p>homocisteina ainda alta -&gt; nao usou omega core, trocou por substituto</p><p></p><p>oriento fazer EV com Marcela</p><p></p><p>Renovo MK7 e vitamina D</p><p>Renovo berberina</p><p></p><p>Peso: 126kg </p><p>MASSA MUSCULAR: 47KG</p><p>BMI: 51.2</p><p></p><p>plano: retorno 4 meses com novos exames</p>"
110985483;GILVANIA;GOMES;29262261;0;2025-09-17;Observações;<p>Gilavana Gomes, 54 anos</p><p></p>
110985483;GILVANIA;GOMES;29271094;0;2025-09-18;Observações;<p>Gilvania Gomes, 54 anos</p><p></p><p>retira de útero na ocasião. </p><p></p><p>Densitometria óssea: L4 com 2,9 desvios padrões.</p><p></p><p>Exames laboratorias em anexo</p><p>glicemia e glicosilada alta</p><p>hormonios baixos</p><p>vitamina D e b12 baixa</p><p>cortisol baixo - rebote por h. sexuais baixos?</p><p>índice de glicação: 1.1 (baixo)</p><p></p><p>cd:</p><p>Formula de reposição</p><p>alendronato</p><p>metformina</p><p>avaliaçao gineco - excluir alteraçoes mamarias e começar reposição</p><p>considerar nandrolona no retorno.</p><p></p>
110985483;GILVANIA;GOMES;29271094;1;2025-09-18;Resultado de Exames;<p>Resumo Clínico – Exames Alterados</p><p>🔴 Hematologia / Ferro</p><ul><li><p>Hemoglobina (12,3), Hematócrito (35%), HCM (27,5) e VCM (78,3) → <strong>anemia microcítica e hipocrômica</strong>.</p></li><li><p>Ferro sérico (74), Ferritina (47,7) e Transferrina (197,4) baixos → <strong>deficiência de ferro</strong> confirmada.</p></li><li><p>Sugere <strong>anemia ferropriva leve</strong>.</p></li></ul><p>🔴 Vitaminas e Minerais</p><ul><li><p>Vitamina B12 (387) baixa → risco de <strong>deficiência funcional</strong>.</p></li><li><p>Vitamina D (23,9) baixa com PTH elevado (54) → <strong>hiperparatireoidismo secundário</strong> por hipovitaminose D.</p></li><li><p>Zinco sérico (84,1) levemente reduzido.</p></li></ul><p>🔴 Metabolismo Glicídico</p><ul><li><p>Glicemia de jejum (100) e HbA1c (6,2%) elevadas → <strong>resistência insulínica / pré-diabetes</strong>.</p></li></ul><p>🔴 Hormônios</p><ul><li><p>Cortisol matinal (5,0) baixo → possível <strong>insuficiência adrenal parcial</strong> (a investigar).</p></li><li><p>Estradiol e Estrona muito baixos + SDHEA baixo + Testosterona total reduzida → perfil compatível com <strong>hipogonadismo da pós-menopausa</strong>.</p></li></ul><p>🔴 Função Hepática</p><ul><li><p>GGT elevada (40) → sugestiva de <strong>sofrimento hepático leve</strong> (avaliar esteatose, álcool, medicamentos).</p></li></ul><p>🔴 Inflamação</p><ul><li><p>PCR ultrassensível elevada (0,33) → indica <strong>inflamação de baixo grau</strong>, associada ao risco cardiovascular/metabólico.</p></li></ul><p>🔴 Metabolismo Ósseo</p><ul><li><p>Cálcio total discretamente baixo (9,3) + PTH elevado + vitamina D insuficiente → reforça quadro de <strong>distúrbio mineral-ósseo por deficiência de vitamina D</strong>.</p></li><li><p>Fósforo elevado (4,9) contribui para este desequilíbrio.</p></li></ul><p>✅ Em resumo, os achados principais são:</p><ul><li><p><strong>Anemia ferropriva leve</strong>.</p></li><li><p><strong>Hipovitaminose D com hiperparatireoidismo secundário</strong>.</p></li><li><p><strong>Deficiência relativa de B12 e zinco</strong>.</p></li><li><p><strong>Resistência insulínica (pré-diabetes)</strong>.</p></li><li><p><strong>Hipogonadismo da pós-menopausa e possível insuficiência adrenal leve</strong>.</p></li><li><p><strong>Inflamação de baixo grau</strong>.</p></li><li><p><strong>Discreta alteração hepática (GGT elevada)</strong>.</p></li></ul>
114630640;Gema;Borges;29302294;0;2025-09-20;Observações;
114630640;Gema;Borges;29302294;0;2025-09-20;Private notes;"<p></p><p><strong>🧾</strong></p><p><strong>Laudo Descritivo – Exames Alterados</strong></p><p></p><p></p><ul><li><p><strong>Leucócitos:</strong> 12.300/µL (<strong>ref.: 3.500–7.000/µL</strong>) – presença de <strong>leucocitose</strong>, sugerindo quadro infeccioso ou inflamatório agudo.</p></li><li><p><strong>Neutrófilos:</strong> 9.631/µL (<strong>ref.: 1.700–8.000/µL</strong>) – <strong>neutrofilia</strong>, reforçando suspeita de processo infeccioso.</p></li><li><p><strong>Monócitos:</strong> 1.058/µL (<strong>ref.: 300–900/µL</strong>) – discreta <strong>monocitose</strong>, compatível com inflamação persistente.</p></li><li><p><strong>VHS:</strong> 30 mm (<strong>ref.: &lt; 10 mm/h</strong>) – <strong>elevado</strong>, marcador inespecífico de inflamação.</p></li><li><p><strong>Hemoglobina glicada (HbA1c):</strong> 6,5 % (<strong>ref.: &lt; 5,5 %</strong>) – indica <strong>diabetes mellitus</strong> mal controlado segundo a meta do arquivo.</p></li><li><p><strong>Glicemia de jejum:</strong> 89 mg/dL (<strong>ref.: &lt; 85 mg/dL</strong>) – discretamente acima do alvo proposto no arquivo, mas ainda em faixa aceitável clínica.</p></li><li><p><strong>Insulina de jejum:</strong> 14,2 µUI/mL (<strong>ref.: 2,0–6,0 µUI/mL</strong>) – <strong>hiperinsulinemia</strong>, indicando resistência insulínica.</p></li><li><p><strong>HOMA-IR:</strong> 3,12 (<strong>ref.: &lt; 2,0</strong>) – confirma <strong>resistência insulínica</strong>.</p></li><li><p><strong>HDL-colesterol:</strong> 44 mg/dL (<strong>ref.: &gt; 50 mg/dL</strong>) – reduzido, fator de risco cardiovascular.</p></li><li><p><strong>LDL-colesterol:</strong> 96 mg/dL (<strong>ref.: &gt; 100 mg/dL</strong>) – abaixo da meta proposta pelo arquivo (interpretação controversa; geralmente valores mais baixos são protetores).</p></li><li><p><strong>Triglicerídeos:</strong> 202 mg/dL (<strong>ref.: &lt; 100 mg/dL</strong>) – <strong>hipertrigliceridemia persistente</strong>.</p></li><li><p><strong>VLDL:</strong> 40 mg/dL (<strong>ref.: &lt; 20 mg/dL</strong>) – <strong>elevado</strong>, associado à hipertrigliceridemia.</p></li><li><p><strong>Ácido úrico:</strong> 5,2 mg/dL (<strong>ref.: &lt; 4,5 mg/dL</strong>) – <strong>hiperuricemia leve</strong>.</p></li><li><p><strong>Creatinina:</strong> 1,3 mg/dL (<strong>ref.: 0,8–1,2 mg/dL</strong>) – discretamente elevada.</p></li><li><p><strong>TFG estimada:</strong> 39 mL/min/1,73m² (<strong>ref.: &gt; 60 mL/min/1,73m²</strong>) – indica <strong>doença renal crônica estágio 3b</strong>.</p></li><li><p><strong>Ureia:</strong> 54 mg/dL (<strong>ref.: 20–40 mg/dL</strong>) – discretamente aumentada.</p></li><li><p><strong>Gama-GT:</strong> 24 U/L (<strong>ref.: &lt; 25 U/L</strong>) – no limite superior; sem relevância clínica isolada.</p></li><li><p><strong>PCR ultrassensível:</strong> 7,67 mg/L (<strong>ref.: &lt; 0,1 mg/L</strong>) – <strong>marcadamente elevada</strong>, sugerindo inflamação sistêmica importante.</p></li><li><p><strong>Magnésio:</strong> 2,0 mg/dL (<strong>ref.: &gt; 2,0 mg/dL</strong>) – no limite inferior, considerado insuficiente pelo arquivo.</p></li><li><p><strong>Ferro sérico:</strong> 68 µg/dL (<strong>ref.: &gt; 100 µg/dL</strong>) – <strong>baixo</strong>, com risco de anemia carencial.</p></li><li><p><strong>Zinco:</strong> 73 µg/dL (<strong>ref.: 90–120 µg/dL</strong>) – <strong>deficiência de zinco</strong>.</p></li><li><p><strong>Homocisteína:</strong> 11,88 µmol/L (<strong>ref.: 5,0–8,0 µmol/L</strong>) – <strong>hiper-homocisteinemia</strong>, fator de risco cardiovascular.</p></li><li><p><strong>25-OH Vitamina D:</strong> 21,3 ng/mL (<strong>ref.: &gt; 30 ng/mL</strong>) – <strong>insuficiência de vitamina D</strong>.</p></li><li><p><strong>PTH:</strong> 65,2 pg/mL (<strong>ref.: &lt; 30 pg/mL</strong>) – <strong>elevado</strong>, sugerindo hiperparatireoidismo secundário, possivelmente relacionado à insuficiência renal e deficiência de vitamina D.</p></li><li><p><strong>TSH:</strong> 3,2 µUI/mL (<strong>ref.: 0,5–2,5 µUI/mL</strong>) – discretamente elevado, compatível com <strong>hipotireoidismo subclínico</strong>.</p></li><li><p><strong>T4 livre:</strong> 0,86 ng/dL (<strong>ref.: &gt; 1,0 ng/dL</strong>) – reduzido, reforçando disfunção tireoidiana.</p></li><li><p><strong>IGF-1:</strong> 63,8 ng/mL (<strong>ref.: 200–300 ng/mL</strong>) – <strong>baixo</strong>, condizente com idade avançada.</p></li><li><p><strong>SDHEA:</strong> 52 µg/dL (<strong>ref.: &gt; 250 µg/dL</strong>) – <strong>muito baixo</strong>, esperado em senescência.</p></li><li><p><strong>Testosterona total:</strong> 41,98 ng/dL (<strong>ref.: 50–75 ng/dL</strong>) – reduzida, também compatível com idade.</p></li><li><p><strong>DHT:</strong> 88,1 pg/mL (<strong>ref.: &gt; 200 pg/mL</strong>) – <strong>baixo</strong>, compatível com senescência.</p></li><li><p><strong>Fibrinogênio:</strong> 412 mg/dL (<strong>ref.: &lt; 300 mg/dL</strong>) – elevado, marcador de fase aguda inflamatória.</p></li><li><p><strong>Amônia urinária (24h):</strong> 0,11 g/24h (<strong>ref.: 0,14–1,50 g/24h</strong>) – discretamente abaixo, pouco relevante isoladamente.</p></li></ul><p></p><p></p><p></p><p></p><p><strong>📌</strong></p><p><strong>Síntese Diagnóstica</strong></p><p></p><p></p><ul><li><p><strong>Doença renal crônica estágio 3b</strong>, com hiperparatireoidismo secundário e repercussões minerais.</p></li><li><p><strong>Dislipidemia aterogênica</strong> (triglicerídeos altos + HDL baixo).</p></li><li><p><strong>Inflamação sistêmica importante</strong>, com leucocitose, PCR, VHS e fibrinogênio elevados.</p></li><li><p><strong>Resistência insulínica</strong> e <strong>diabetes mellitus</strong> mal controlado.</p></li><li><p><strong>Deficiências nutricionais</strong>: ferro, zinco e vitamina D.</p></li><li><p><strong>Hipotireoidismo subclínico</strong> (TSH alto e T4L baixo).</p></li><li><p><strong>Baixos níveis hormonais anabólicos</strong> (IGF-1, SDHEA, testosterona, DHT), compatíveis com idade avançada.</p></li><li><p><strong>Hiperuricemia</strong> e <strong>homocisteína elevada</strong>, elevando risco cardiovascular adicional.</p></li></ul><p></p><p></p><p></p>"
116417697;Rafaela Nascimento de;Luna;30179607;0;2025-10-14;CONSULTA;"<p>Rafaela Nascimento de Luna, 37 anos, e-commerce</p><p></p><p>Dor lombar há 8 meses, sem irradiação. </p><p>Relata que ""destrava"" durante o dia.</p><p>Diagnóstico prévio de escoliose em 2018.</p><p></p><p></p><p>Trombose: MIE 2021 - colocou stent em veia fermoral esquerda</p><p></p><p>Quadro de depressão em 2024</p><p></p><p>MUC: </p><p>Eliquis 5mg/dia</p><p>Trazodona 75mg dia (meio comprimido)</p><p>Desvenlafaxina 100mg/dia</p><p>Omega 3 + B12</p><p></p><p>Ao exame:</p><p></p><p>sem desvios posturais</p><p>dor a palpação de musculatura paravertebral direita</p><p></p><p>Miosan</p><p>RM LOMBAR</p><p></p><p></p><p></p><p><strong>💊</strong></p><p><strong>Fórmula Manipulada – Anti-inflamatória e Metabólica</strong></p><p></p><p></p><p><strong>Boswellia serrata extrato seco (65% AKBA)</strong> …………. 250 mg</p><p><strong>Curcumina fitossomal (Curcumin Phytosome® ou Meriva®)</strong> …………. 200 mg</p><p><strong>Piperina (95%)</strong> …………. 5 mg</p><p><strong>Magnésio (glicinato ou treonato)</strong> …………. 100 mg de Mg elementar</p><p><strong>Zinco (bisglicinato ou pidolato)</strong> …………. 10 mg de Zn elementar</p><p><strong>Cromo (picolinato de cromo)</strong> …………. 200 mcg</p><p><strong>Excipiente q.s.p.</strong> …………. 1 cápsula vegetal</p><p></p><p><strong>Posologia:</strong> 1 cápsula, 2x ao dia, após as refeições principais.</p><p></p><p></p><p>Perfeito — segue a fórmula com o <strong>complexo B anti-inflamatório e neurometabólico</strong>, equilibrada para <strong>suporte mitocondrial, regeneração neural, metilação e controle do estresse oxidativo</strong>:</p><p></p><p></p><p></p><p><strong>💊</strong></p><p><strong>Fórmula Manipulada – Complexo B Ativo</strong></p><p></p><p></p><p><strong>Vitamina B6 (Piridoxal-5-fosfato)</strong> …………. 20 mg</p><p><strong>Vitamina B12 (Metilcobalamina)</strong> …………. 1000 mcg</p><p><strong>Vitamina B3 (Niacinamida)</strong> …………. 50 mg</p><p><strong>Vitamina B9 (Metilfolato – L-5-MTHF)</strong> …………. 400 mcg</p><p><strong>Excipiente q.s.p.</strong> …………. 1 cápsula vegetal</p><p></p><p><strong>Posologia:</strong> 1 cápsula ao dia, pela manhã, junto com a primeira refeição.</p><p></p><p></p><p></p><p>APÓS EXAMES, INCIAR VITAMINA D + MK7</p><p></p><p></p><p></p><p></p>"
116547388;ISABELLA FERNANDA;MUNHOZ SOARES;30181074;0;2025-10-14;Observações;<p>ISABELLA SOARES, 25 anos, bancária</p><p></p><p>Cefaleia há 6 anos, pior há 2 meses</p><p></p><p>nao realizou nenhum tratamento, cefaleia era eventual há 2 meses é diária</p><p>holocraniana, não pulsátil</p><p>Alteração de sono há 30 dias</p><p>Relata estresse no trabalho/rotina</p><p></p><p>Crise de ansiedade prévia</p><p>Não utiliza remédios</p><p>Mãe com enxaqueca</p><p></p><p></p><p></p><p>Omega core</p><p><strong>Magnésio (glicina + treonato)</strong> – 200 mg</p><p><strong>L-teanina</strong> – 200 mg</p><p><strong>5-HTP</strong> – 50 mg</p><p><strong>Melissa officinalis extrato seco (2% ácido rosmarínico)</strong> – 200 mg</p><p><strong>Vitamina B6 (piridoxal-5-fosfato)</strong> – 10 mg</p><p><strong>Zinco quelado (bisglicinato)</strong> – 10 mg</p><p><strong>Cromo (picolinato)</strong> – 200 mcg</p><p></p><p></p><p><strong>Posologia:</strong></p><p>Tomar 1 dose à noite, 30 minutos antes de deitar.</p>
116248666;Edson Carvalho;Machado;30181402;0;2025-10-14;Consulta;<p>Edson Carvalho Machado, 93 anos</p><p></p><p>Dorsalgia há 3 semanas. </p><p></p><p></p><p>NAPRIX 5MG</p><p>CONCOR 2,5MG (AMIODARONA)</p><p>SOMALGIN 100MG</p><p>ATROVASTINA 10MG</p><p>JARDIANCE 10MG</p><p>APIXABANA 10MG </p><p></p><p>TEM 1 SAFENA E 2 MAMÁRIAS</p><p></p><p>TC: fratura impactada de t5 e T6, acunhamento das porcoes anterior e central do PLATO superior de T5 e inferior de T6</p><p>Densitometria com osteopenia</p><p>Vitamina D: 35</p><p>PTH: 75</p><p></p><p>A#</p><p>IRC</p><p>USO DE APIXABANA</p><p>CRM PRÉVIA</p><p>FRATURA T5 E T6</p><p>PTH ALTO</p><p>OSTEOPOROSE</p><p></p><p>cd: </p><p>TELESPONDILOGRAFIA</p><p>RM COLUNA DORSAL</p><p>AO ENDOCRINO PARA TRATAR OSTEOPOROSE</p><p>RESTIVA 5MG</p><p>LASERETERAPIA</p><p></p><p><strong>Vitamina D3 (colecalciferol)</strong> – 2.000 UI</p><p><strong>Vitamina K2 (menaquinona-7)</strong> – 180 mcg</p><p><strong>Magnésio (malato ou treonato)</strong> – 150 mg</p><p><strong>Zinco quelado (bisglicinato)</strong> – 10 mg</p><p><strong>Cromo (picolinato ou nicotinato)</strong> – 200 mcg</p><p></p><p></p><p></p><p></p><p></p>
111378476;Álvaro;André Detogne;30261805;0;2025-10-17;Observações;
105920763;Maria Silvia;Porto;30467648;0;2025-10-28;Plano próxima consulta;<p></p><p></p><p>Formula com</p><p>b1</p><p>b5</p><p>b6</p><p>b9 e b12</p><p>NAC</p><p>Fosfaltildisserina</p><p>rever ferro.</p><p>Suplementação para mitocôndria.</p><p>Suporte pra dor - manter boswellia e curcuma</p><p>Omega 3 da vitafor.</p><p>Forteo.</p><p></p><p></p><p></p><p>Fórmulas sugeridas:</p><p></p><p></p><ul><li><p>Vitamina B1 (Tiamina) ………………………………………. 50 mg</p></li><li><p>Vitamina B3 (Niacinamida) ……………………………… 100 mg</p></li><li><p>Vitamina B5 (Pantotenato de cálcio) ……………….. 100 mg</p></li><li><p>Vitamina B6 (Piridoxal-5-fosfato) …………………….. 20 mg</p></li><li><p>Ácido fólico (Metilfolato) ………………………………….. 400 mcg</p></li><li><p>N-Acetilcisteína (NAC) ……………………………………… 300 mg</p></li><li><p>Fosfatidilserina (de girassol) ……………………………. 100 mg</p></li><li><p>Coenzima Q10 (Ubiquinol) ……………………………….. 100 mg</p></li><li><p>Acetil-L-carnitina ………………………………………………. 250 mg</p></li><li><p>PQQ (Pirroloquinolina quinona) ……………………….. 10 mg</p></li></ul><p></p><p></p><p><strong>Posologia:</strong> 1 cápsula pela manhã e 1 cápsula após o almoço.</p><p><strong>Quantidade:</strong> 60 cápsulas.</p><p></p><p></p><p></p><ul><li><p>Boswellia serrata extrato seco (65% AKBA) ……….. 300 mg</p></li><li><p>Curcumina fitossomal (Meriva®) ………………………… 250 mg</p></li><li><p>Magnésio (Bisglicinato) ………………………………………… 200 mg</p></li><li><p><strong>Zinco (Bisglicinato)</strong> …………………………………………… 10 mg</p></li><li><p><strong>Cromo (Picolinato ou Nicotinato)</strong> ……………………. 200 mcg</p></li><li><p>Berberina HCl …………………………………………………………… 250 mg</p></li><li><p>Resveratrol (trans) ………………………………………………… 100 mg</p></li></ul><p></p><p></p><p><strong>Posologia:</strong> 1 cápsula 2x/dia junto às refeições.</p><p><strong>Quantidade:</strong> 60 cápsulas.</p><p><strong>Observações:</strong> reduz inflamação, melhora sensibilidade à insulina e equilíbrio neuroendócrino (zinco + cromo + B6 + berberina → sinergia dopaminérgica e metabólica).</p><p></p><p></p><p></p><ul><li><p>Ferro bisglicinato …………………………………………………. 30 mg</p></li><li><p>Vitamina C ……………………………………………………………….. 250 mg</p></li><li><p>Vitamina A (Retinol) …………………………………………….. 2500 UI</p></li><li><p>Ácido alfa-lipóico ………………………………………………….. 100 mg</p></li><li><p>Rhodiola rosea extrato seco (3% rosavinas) ………. 150 mg</p></li><li><p>Boro quelado ……………………………………………………………. 2 mg</p></li></ul><p></p><p></p><p><strong>Posologia:</strong> 1 cápsula ao almoço.</p><p><strong>Quantidade:</strong> 30 cápsulas.</p><p></p><p></p><p></p><p></p>
105920763;Maria Silvia;Porto;30467648;1;2025-10-28;RESULTADO DE EXAMES;<p><strong>TC</strong>: HALO DE PSEUDOARTROSE PARAFUSO DE S2 A ESQUERDA</p><p></p><p><strong>DENSITOMETRIA DE CORPO TOTAL (11/25)</strong></p><p>GORDURA TOTAL: 27KG (43,1%) - SOBREPESO</p><p>ÍNDICE DE MASSA MAGRA (BAUMGARTNER) BAIXA MASSA MUSCULAR</p><p>DENSIDADE MINERAL ÓSSEA:  1,121 (Z-SCORE 1,4)</p><p></p>
116248666;Edson Carvalho;Machado;30502775;0;2025-10-30;Observações;
88252128;ANDRIELE;FIORI MAIER NARDI;30949391;0;2025-11-18;PO ARTORPLASTIA C4-6 - MOBI C EM NOV/24;<p>Retorno de cervicalgia há cerca de 60 dias.</p><p>Piora a extensão</p><p></p><p>Velija</p><p>Imipramina</p><p>Sonic</p><p></p><p>para enxaqueca</p><p></p><p>Rx controle com próteses bem alocadas</p><p></p><p>solicito RM</p><p>analgesia</p><p>fórmula com curcuma e boswelia</p><p></p>
119133806;RAQUEL;ALVARENGA RODARTE;31044552;0;2025-11-26;Consulta Médica;<p>Raquel Alvarenga Rodarte, 34 anos, nubank</p><p></p><p>Torcicolo, 2 crises no últímos 2 meses</p><p></p><p>sem melhora com corticoide e relaxante muscular</p><p>2 sessões com liberação - melhora parcial</p><p></p><p>eventualmente tem parestesias no braço direito</p><p></p><p>Desvenlafaxina 100mg/dia - há 3 anos</p><p>por enxaqueca (melhora com sumax)</p><p></p><p>Tirou DIU pra engravidar em janeiro</p><p>Está suplementando com Q10, omega 3, magnesio inositol, creatinina</p><p></p><p>RM: pequena protrusão C5-6 e inversão de curva</p><p></p><p>plano: passo exercícios de alongamento</p><p>curcruma + magnesio, manter liberação miofascial</p><p>oriento sinais de alarme.</p><p></p><p></p><p></p>
119295662;GUSTAVO;MEDRI PEDROSO;31069173;0;2025-11-27;Observações;<p>Gustavo Medri Pedroso, 30 anos, trabalha com consórcio</p><p></p><p>parestesia e dor em MID após esforço na academia (elevação pélvica) há 5 semanas.</p><p>Evoluiu com perda de força para dorsiflexoa do halux</p><p></p><p>RM com hernia L5-S1 contralateral (esquerda)</p><p>ENMG: lesao de nervo fibular comum a direita</p><p></p><p>cd: oriento acompanhamento com especialista de nervo periférico</p><p>já esta em uso de ETNA</p>
119452154;MARCIA;DAIBERT DE SOUZA MOTTA;31203754;0;2025-12-02;Observações;<p>Marcia Daibert de Souza Motta, pediatra, homeopata</p><p></p><p>Cai sentada em lancha durante impacto há 10 dias.</p><p></p><p>histório de fratura de sacro por queda sentada prévia</p><p>Histerectomia total prévia </p><p>várias diverticulites com colectomia prévia</p><p></p><p>MUC:</p><p>Mounjauro 5mg  (perda de 8kg)</p><p>Vitamina D 50:000/ semana</p><p></p><p>RM: edema em L2 e L4 compatíveis com fraturas</p><p></p><p>cd:</p><p>Restiva</p><p>Tylex</p><p>Curcuma + boswellia</p><p></p><p></p><p></p>
119529568;JULIO;CESAR CONDI LESSA;31205897;0;2025-12-02;Observações;<p>Julio Cesar Condi Lessa, 36 anos</p><p></p><p>Dor em escápula esquerda, inicio dia 05/11/2025. Irradia para triceps em sua porção proximal, notou perda de força ao realizar supino e costas.</p><p></p><p>Relata hipoestesia no ombro a esquerda</p><p></p><p>RM: hernia C4-5 e C6-7</p><p></p><p>cd: indicio descompressao de urgencia pela perda de força</p><p>paciente irá trocar de plano, aguardo informacao sobre plano para definiçao de hospital</p><p>honorários: 40k</p>
119241814;VALDIR;FERREIRA DOS SANTOS;31430378;0;2025-12-10;Valdir Ferreira dos Santos;<p>65 anos, aposentado (hotelaria), Procedente de Londres</p><p></p><p>Dor lombar há cerca de 1 ano, evoluiu com irradiação para membros inferiores, pior a direita, associada a claudicação neurogênica, inicio há 3 meses.</p><p></p><p>Ca prostata em 2021 - prostatectomia radical</p><p></p><p>Ao exame</p><p>Hipoestesia L5 a direita</p><p>sem déficit de força</p><p>lasegue negativo</p><p></p><p>RM: estenose de canal L4-5 com compressão posterior</p><p>Rx panoramico: sem instabilidade</p><p></p><p>cd: Descompressão L4-5 over the top via endoscópica.</p>
120261623;Roberto;Zambotto;31562826;0;2025-12-15;Observações;<p>65 anos</p><p></p><p>teve 2 episódios de desorientação após acordar</p><p></p><p>Hipertenso</p><p>Pré diabético</p><p></p><p>Em uso de vitamina D e reposicao de vitamina B</p><p>aprazolam</p><p><strong><em>risedronato sódico (bifosfonado) 1x por semana</em></strong></p><p>zinpass (colesterol)</p><p>omeprazol</p><p></p><p></p><p>cd:</p><p>omega 3</p><p>coq10</p><p>creatinina</p><p>whey</p><p>higiene do sono</p><p>chás relaxantes e para estomago</p><p>exames gerais</p><p></p>
58665974;WAGNER;GUIMARAES CALDERONI;31639906;0;2025-12-18;Observações;<p>RELATA DOR LOMBAR EM CHOQUE AGUDA DURANTE ALONGAMENTO</p><p>E SEMANAS DEPOIS APÓS AGACHAMENTO</p><p>No mometo sem dor</p><p></p><p></p><p>ENMG: SEQUELAS PRÉVIAS DE SD. DA CAUDA EQUINA</p><p>RNM: HÉRNIA L5-S1 ESQUERDA SEM GRANDES COMPRESSÕES.</p><p></p><p>cd: oriento</p><p></p>
116547388;ISABELLA FERNANDA;MUNHOZ SOARES;31955931;0;2026-01-09;Observações;
116547388;ISABELLA FERNANDA;MUNHOZ SOARES;31955947;0;2026-01-09;Consulta;<p>ISABELLA SOARES, 27 anos, bancária</p><p></p><p>Cefaleia há 6 anos, pior há 2 meses</p><p></p><p>nao realizou nenhum tratamento, cefaleia era eventual há 2 meses é diária</p><p>holocraniana, não pulsátil</p><p>Alteração de sono há 30 dias</p><p>Relata estresse no trabalho/rotina</p><p></p><p>Crise de ansiedade prévia</p><p>Não utiliza remédios</p><p>Mãe com enxaqueca</p><p>Vit. D baixa.</p><p></p><p>AngioRM e RM 11/25: NORMAIS</p><p></p><p>cd: Inicio Topiramato 12,5mg por 15 dias.</p><p>Após aumentar pra 30 dias.</p><p>Sumax SOS</p><p>Avaliação com Osteopata</p><p>Solicitas labs na próxima consulta</p><p>Considerar Bloqueio</p><p></p><p></p>
116417697;Rafaela Nascimento de;Luna;31957874;0;2026-01-09;Observações;<p>Dor lombar, sem irradiação, há 11 meses.</p><p></p><p>Eliquis 5mg/dia</p><p>Trazodona 50mg dia dia sim dia nao</p><p>Desvenlafaxina 100mg/dia</p><p></p><p>LABS 12/25</p><p></p><p>PTH: 0,22</p><p>VIT. D: 32</p><p>B12: 351</p><p>ferritina: 56</p><p>androstenediona: 152</p><p>17 alfa hidroxiprogesterona: 374</p><p>insulina: 9</p><p>hg glicada: 5,2</p><p>glicose jejum: 103</p><p>SHBG: 156</p><p></p><p>RM: artrose facetária lombar</p><p></p><p>cd: Indico Bloqueio lombar</p><p>Avaliação osteopata</p><p>Analgesicos</p>
116417697;Rafaela Nascimento de;Luna;31957874;1;2026-01-09;Exame médico;"{
  ""exams"": [],
  ""description"": """"
}"
116417697;Rafaela Nascimento de;Luna;31957874;2;2026-01-09;Diagnóstico;"{
  ""value"": ""<p>Paratormônio: 0,22 pg/mL</p><p>Vitamina D 25-OH: 32 ng/mL</p><p>Vitamina B1: ;351 pg/mL</p><p>Ferritina: 56 ng/mL</p><p>Androstenediona: 152 ng/dL</p><p>17-OH-Progesterona: 374 ng/dL</p><p>Insulina: 9 µIU/mL</p><p>Hemoglobina glicada;5,2 %</p><p>Glicose jejum: 103 mg/dL</p><p>SHBG: 156 nmol/L</p>"",
  ""codes"": []
}"
121281334;Cristiane;Gargioni Barreto;31999504;0;2026-01-12;Observações;"<p></p><p></p><p>b12: 298</p><p>DHT &lt; 17</p><p>Testosterona Total: 32</p><p>PTH: 58</p><p>VIt D: 38</p><p>DHT: &lt; 17 (minoxidil)</p><p>Testosterona total: 39,6</p><p>LDL: 170</p><p></p><p>MUC:</p><p>Atenolol 50mg/dia</p><p>Biotina</p><p>Glifage 500XR a noite</p><p>MINOXIDIL</p><p>Fluvoxamina (revoc)</p><p></p><p>Aumentar Vitamina D</p><p></p><p><strong>em 30 dias:</strong></p><p><strong>hormonios femininos e masculinos</strong></p><p><strong>T3 e t4 sem biotina</strong></p><p><strong>FAZER BIOIMPEDANCIA</strong>. </p><p></p><p>Repetir em 20 de fevereiro</p><p></p><p>após 3 meses: repetir PTH, D, B12 </p><p></p><p></p>"
121098697;Gabrielli;Gonçalves Carl;32109246;0;2026-01-15;Observações;<p>Gabrielli Gonçalves Carl, 32 anos, Eventos</p><p></p><p>Dor lombar há 1 ano, piora aos esforços, há 7 dias iniciou com irradiação para membro inferior esquerdo, até a coxa, na porção lateral</p><p></p><p>HMP:</p><p>perda de 17kg em 3 meses</p><p>fez uso de monjauro</p><p></p><p>Fez uso de pregabalina por 3 meses. Porém sem resposta.</p><p></p><p>Ao exame hipoestesia L5 a esquerda. Força G4 para extensão do hálux</p><p></p><p>RM: hérnia de disco L5-S1</p><p></p><p>Indico endoscopia L5-S1.</p>
121933555;Edvaldo;Lopes Silva;32332067;0;2026-01-22;Observações;<p>Edvaldo Lopes Silva</p><p></p><p>Queda de cerca de 2 metros com trauma cervical e fratura de processo espinhoso</p><p></p><p>Retorna com melhora da dor.</p><p></p><p>Traz exames laboratoriais.</p><p></p><p>cd: Rx de Coluna Cervical</p><p>US abdome por aumento de GGT E FOSFATASE ALCALINA</p><p></p><p>(LABS NA PASTA GOOGLE DRIVE)</p><p></p>
88030029;CLAUDINEI;APARECIDO DA SILVA;32344747;0;2026-01-22;Observações;<p>Claudinei Aparecido da Silva, 43</p><p>Peso: 83 Altura: 1,78</p><p>21% de gordura</p><p>38% de massa magra.</p><p></p><p>Perdeu 7kg após inicio de Monjauro.</p><p></p><p>Monjauro 8mg/dia</p><p></p><p>ainda comd or lombar</p><p></p><p>solicito bloqueio lombar</p><p> </p><p></p>
122504749;Edlaine;Quirino;32625943;0;2026-01-29;Observações;"<p>Edlaine Quirino, 40 anos</p><p></p><p>Dormência e paresia de MSD há cerca de 4 anos</p><p>Evoluiu com ""rigidez de pescoço"" e parestesias em membros inferiores associada a perda de equilibrio eventual. Há 2,5 anos iniciou com cefaleia e piora visual. </p><p></p><p>LES: Hidroxicloroquina 40mg</p><p>Ciclobenzaprina eventualmente</p><p>Fibromialgia: pregabalina 150mg/dia</p><p>Acetazolamida 250mg 12/12h (Inicio há 1 semana)</p><p>Topiramato 50mg 12/12h (Inicio há 3 meses)</p><p>Mirena há 6 anos (recolocou)</p><p>Trombose em tronco celíaco em 2025</p><p>Está em uso de Diosmina Hesperidina</p><p></p><p>exames compativeis com hipertensao intracraniana idiopática</p><p></p><p>acido folico baixo</p><p>b12 em 500</p><p></p><p>cd: Aumento acetazolamida, retirar retinol - uso cosmético</p><p>suplementacao</p><p></p>"
111378476;Álvaro;André Detogne;32787811;0;2026-02-05;Observações;<p>PACIENTE TEVE RETORNO DA DOR NOS ÚLTIMOS 2 MESES E HÁ 1 MES INICIOU IRRADIAÇÃO PARA GLÚTEO DIREITO.</p><p></p><p>RM COM AUMENTO DE HÉRNIA L5-S1</p><p></p><p>CD: SOLICITO ENDOSCOPIA PARA DISCECTOMIA.</p>
63265157;Vitória;Vidal Martos;32880379;0;2026-02-11;Observações;<p>Retorna com exames</p><p>Rx com fratura de haste distal, último parafuso isolado.</p><p>Relata e dor a esquerda, principalmente em atividades como agachamento com barra.</p><p></p><p></p><p></p><p></p><p>Prolactina alta</p><p>Repetir TC e prolactina</p><p>noripurum EV (ferritina 35)</p><p>RM de sela turca</p>
122227240;LORENZO DOS SANTOS;MANSTRAGELO;32883932;0;2026-02-11;Observações;<p>Retorno de debridamento de f.o.</p><p></p><p>F.O. com boa cicatrização</p><p>retiro pontos</p><p>manter curativo com prata.</p>
116248666;Edson Carvalho;Machado;32884007;0;2026-02-11;Observações;<p>PO cifoplastia T6.</p><p></p><p>RETORNA SEM DOR</p><p>F.O. LIMPA E SECA</p><p></p><p>PTH JANEIRO: 56</p><p>25 HIDROXI VITAMINA D: 39</p><p></p><p>CD: SOLICITO RX PANORAMICO DE CONTROLE</p><p>AUMENTO VITAMINA D PARA 4000/DIA</p><p>RETORNO 3 MESES</p>
62306728;SANDRA;CERBONCINI LUCAS;33014171;0;2026-02-19;Observações;"<p>Peso: 76.9kg</p><p>fat mass: 31%</p><p>Muscular: 63.8% </p><p></p><p></p><p>Mantendo uso de fórmulas</p><p>Rivotril 10 gotas a noite</p><p></p><p>BioImpedância:</p><p></p><p>| Parâmetro        | Valor   | Referência | Status            |</p><p>| ---------------- | ------- | ---------- | ----------------- |</p><p>| IMC              | 30.4    | &lt;25        | Obesidade I       |</p><p>| Gordura corporal | 31.5%   | &lt;28%       | Alto              |</p><p>| Gordura visceral | Grau 10 | &lt;10        | Limite alto       |</p><p>| WHR              | 0.96    | &lt;0.85      | Obesidade central |</p><p>| Gordura tronco   | 270.7%  | &lt;160%      | Muito elevado     |</p><p></p><p></p><p>Condutas:</p><p></p><p>Teste com bicarbonato</p><p>Hidrocortisona 25mg liberaçao prolongada por 30 dias, depois dobrar a dose</p><p>Nalterxona 1,5mg a noite ate 4,5mg a noite</p><p>Mantenho rivotril</p><p>Pepstrong </p><p>TC de coluna lombar</p><p></p>"
